nombre,apellido,codigo,pais,rol,seniority,skills
William,Harris,48018464,Peru,C++ Developer,ssr,"{'hard': 'Standard Template Library (STL): 2, Debugging: 1, OOP: 2, Static and Dynamic Libraries: 1, Compiler Optimization: 1', 'soft': 'Delegation: 2, Global Awareness: 2, Diversity Awareness: 1, Task Prioritization: 2, Presentation Skills: 2'}"
Nancy,Cantrell,12123624,Peru,Cloud Engineer,sr1,"{'hard': 'CI/CD: 1, Cloud Migration: 1, Load Balancing: 1, Automation Tools: 1, Security Best Practices: 3, Disaster Recovery Planning: 1, Agile: 3, Cloud Security: 3, Database Management: 1, Networking: 1', 'soft': 'Responsibility: 3, Mentoring: 3, Open-mindedness: 1, Problem Analysis: 1, Teamwork: 1, Creativity: 3, Trustworthiness: 1, Decision Making: 1, Networking: 1, Cultural Competence: 1, Active Listening: 3, Strategic Thinking: 1'}"
Diana,Christian,60375548,Uruguay,Game Developer,ssr,"{'hard': 'VR/AR Development: 2, Unity: 2, Animation: 1, Performance Optimization: 2, Debugging: 2', 'soft': 'Leadership: 2, Teamwork: 2, Workplace Culture Awareness: 2, Interpersonal Communication: 2, Resource Allocation: 1'}"
David,Phillips,86116119,Ecuador,Data Engineer,sr3,"{'hard': 'Metadata Management: 2, Data Quality Management: 2, Cloud Data Solutions (AWS, Azure, GCP): 2, Data Pipeline Development: 5, Data Cataloging: 2, Business Intelligence: 5, Machine Learning Basics: 5, Apache Spark: 5, ETL Processes: 2, Data Architecture: 5, NoSQL Databases: 5, Testing and Validation: 5, Data Integration Tools: 2, Big Data Technologies: 2', 'soft': 'Open-mindedness: 5, Feedback Delivery: 2, Creativity: 5, Task Prioritization: 5, Professionalism: 2, Goal Setting: 5, Situational Awareness: 5, Inclusivity: 2, Relationship Building: 2, Work-Life Balance: 5, Feedback Acceptance: 2, Performance Management: 5, Civic Responsibility: 5, Facilitation Skills: 2, Networking: 2'}"
Michael,Salinas,59171017,Ecuador,RPA Developer,sr2,"{'hard': 'Change Management: 1, Task Automation: 1, Process Analysis: 4, Testing Automation: 1, Documentation: 1, Continuous Improvement: 1, REST APIs: 1, User Training: 1, Version Control: 4, Automation Anywhere: 4', 'soft': 'Influencing: 4, Integrity: 1, Entrepreneurial Mindset: 4, Team Building: 1, Negotiation Tactics: 4, Visionary Thinking: 1, Cognitive Flexibility: 4, Time Optimization: 4, Change Management: 4, Innovation: 4, Performance Management: 4, Adaptability to Change: 4'}"
Justin,Rubio,72508952,Colombia,Python Developer,sr1,"{'hard': 'Unit Testing: 3, Cloud Services: 1, Data Analysis: 1, Web Scraping: 3, Data Visualization: 1, TensorFlow: 3, Pandas: 3, Natural Language Processing (NLP): 1, Concurrency: 3, Git: 1', 'soft': 'Analytical Thinking: 1, Change Management: 1, Feedback Acceptance: 1, Interpersonal Communication: 1, Emotional Resilience: 3, Writing Skills: 3, Inclusivity: 1, Humility: 3, Creativity: 1, Cognitive Flexibility: 3, Authenticity: 3, Entrepreneurial Mindset: 3'}"
Tiffany,Lamb,10187554,Uruguay,NodeJs Developer,jr,"{'hard': 'Mocha: 1, CI/CD: 1, WebSockets: 1, Version Control: 1, Security Best Practices: 1', 'soft': 'Self-Confidence: 1, Feedback Delivery: 1, Mentoring Skills: 1, Research Skills: 1, Active Listening: 1'}"
Rebecca,Rodriguez,93152673,Argentina,Flutter Developer,sr1,"{'hard': 'User Interface Testing: 3, RESTful APIs: 3, Flutter: 3, Dependency Management: 3, Material Design: 1, Firebase: 3, Responsive Design: 3, Platform Channels: 1, Internationalization: 3, Network Connectivity: 1', 'soft': 'Conflict Resolution: 3, Conflict Management: 3, Integrity: 3, Humility: 3, Self-Motivation: 3, Cultural Competence: 3, Situational Awareness: 3, Research Skills: 3, Public Speaking: 3, Feedback Delivery: 1, Time Management: 1, Team Building: 3'}"
Marcus,Davis,63249661,Venezuela,DevOps Engineer,sr2,"{'hard': 'Configuration Management: 4, Azure: 1, Continuous Integration/Continuous Deployment (CI/CD): 4, Infrastructure as Code (IaC): 4, Change Management: 4, Microservices Architecture: 1, AWS: 1, Agile: 1, API Management: 4, Server Management: 1', 'soft': 'Change Facilitation: 1, Feedback Acceptance: 1, Team Building: 4, Workplace Culture Awareness: 1, Motivational Skills: 4, Self-Confidence: 1, Learning Agility: 1, Technology Savvy: 1, Mentoring: 4, Performance Management: 1, Integrity: 1, Problem Analysis: 4'}"
Samuel,Pena,57014911,Colombia,Data Engineer,ssr,"{'hard': 'Data Quality Management: 1, Data Visualization Tools (Tableau, Power BI): 1, Apache Spark: 2, Data Governance: 1, Business Intelligence: 1', 'soft': 'Scientific Thinking: 2, Cognitive Flexibility: 2, Quality Assurance: 1, Cultural Awareness: 2, Global Awareness: 1'}"
Brandon,Rhodes,91601275,Colombia,Python Developer,sr2,"{'hard': 'Natural Language Processing (NLP): 1, Concurrency: 1, Jupyter Notebooks: 4, Python: 4, Selenium: 1, NumPy: 4, Data Structures: 1, SQL: 1, APIs: 1, Data Analysis: 1', 'soft': 'Task Prioritization: 4, Decision Making: 4, Creativity: 1, Responsibility: 4, Service Orientation: 1, Emotional Resilience: 1, Negotiation: 1, Coaching: 1, Crisis Management: 4, Strategic Thinking: 4, Analytical Thinking: 1, Data Interpretation: 4'}"
Marcus,Cantrell,45158555,Bolivia,.Net Developer,sr3,"{'hard': 'Performance Optimization: 2, DevOps: 2, HTML/CSS: 5, Unit Testing: 5, REST APIs: 5, Application Lifecycle Management: 2, Entity Framework Core: 2, Version Control (Git): 5, TDD: 5, Debugging: 2, Microservices: 2, Web Services: 2, C#: 5, User Authentication: 2', 'soft': 'Decision Making: 2, Feedback Delivery: 2, Time Optimization: 2, Presentation Skills: 5, Conflict Management: 2, Intuition: 5, Civic Responsibility: 2, Relationship Building: 2, Open-mindedness: 5, Critical Observation: 2, Interpersonal Skills: 2, Social Intelligence: 2, Humility: 5, Negotiation Tactics: 5, Global Awareness: 5'}"
Jeremy,Spence,75230927,Paraguay,Android Mobile Developer,sr1,"{'hard': 'JUnit: 3, UI/UX Design: 3, Java: 1, Git: 1, Test-Driven Development: 3, Security Best Practices: 3, Agile: 3, Gradle: 3, Kotlin: 3, Performance Tuning: 3', 'soft': 'Networking Skills: 3, Diversity Awareness: 3, Workplace Culture Awareness: 3, Visionary Leadership: 3, Change Facilitation: 3, Conflict Management: 1, Humility: 3, Quality Assurance: 3, Cognitive Flexibility: 3, Learning Agility: 3, Feedback Acceptance: 3, Time Management: 3'}"
Alyssa,Garcia,89731270,Uruguay,Cybersecurity Engineer,jr,"{'hard': 'Security Policies: 1, Threat Intelligence: 1, Cloud Security: 1, Application Security: 1, Incident Management: 1', 'soft': 'Feedback Delivery: 1, Negotiation Tactics: 1, Process Improvement: 1, Mentoring: 1, Leadership: 1'}"
Sarah,Aguilar,39070191,Mexico,DevOps Engineer,sr1,"{'hard': 'Backup Strategies: 3, Collaboration Tools: 1, Scripting (Bash, Python): 3, Release Management: 3, Application Performance Monitoring (APM): 1, Kubernetes: 1, Site Reliability Engineering (SRE): 3, Security Best Practices: 3, Disaster Recovery: 3, Testing Automation: 3', 'soft': 'Entrepreneurial Mindset: 3, Interpersonal Skills: 1, Emotional Resilience: 3, Cognitive Flexibility: 1, Time Optimization: 1, Interpersonal Communication: 3, Decision Making: 1, Social Skills: 1, Empathy: 3, Process Improvement: 1, Technology Savvy: 3, Service Orientation: 3'}"
Richard,Vasquez,26388028,Bolivia,Data Engineer,jr,"{'hard': 'Scripting (Bash, Python): 1, Business Intelligence: 1, Data Quality Management: 1, Data Warehousing: 1, Machine Learning Basics: 1', 'soft': 'Team Building: 1, Active Listening: 1, Emotional Intelligence: 1, Diversity Awareness: 1, Negotiation Tactics: 1'}"
Adam,Vasquez,53191122,Colombia,Python Developer,ssr,"{'hard': 'SQL: 2, Data Analysis: 2, Git: 1, Security Best Practices: 2, Matplotlib: 2', 'soft': 'Emotional Intelligence: 2, Feedback Delivery: 2, Stress Management: 2, Process Improvement: 1, Innovation: 1'}"
Melinda,Austin,30990804,Argentina,Cobol Developer,sr1,"{'hard': 'IBM z/OS: 3, SoftTech: 1, Data Mapping: 3, Application Development: 3, Debugging: 3, Legacy Systems: 3, System Integration: 3, Change Management: 1, Documentation: 3, Client Interaction: 1', 'soft': 'Scientific Thinking: 3, Civic Engagement: 1, Time Awareness: 3, Active Listening: 1, Workplace Culture Awareness: 3, Humility: 3, Critical Observation: 3, Self-Confidence: 1, Interpersonal Skills: 3, Creativity: 1, Persuasion: 3, Stress Resilience: 3'}"
Diane,Pham,97478679,Argentina,Salesforce Developer,ssr,"{'hard': 'Workflows: 1, Community Cloud: 1, User Interface Design: 2, Lightning Components: 2, Salesforce CRM: 2', 'soft': 'Adaptability to Change: 2, Problem Solving: 1, Goal Setting: 1, Crisis Management: 2, Intellectual Curiosity: 2'}"
Lisa,Avery,22994922,Ecuador,IOT Platform Engineer,sr2,"{'hard': 'Big Data Technologies: 4, Data Visualization: 4, Real-time Data Processing: 1, Testing and Validation: 4, Sensor Technologies: 1, Lifecycle Management: 1, User Interface Design: 4, Microservices Architecture: 4, User Authentication: 4, IoT Protocols (MQTT, CoAP): 4', 'soft': 'Resilience: 1, Resource Allocation: 1, Scientific Thinking: 4, Mentoring: 4, Conflict Management: 4, Networking Skills: 4, Self-Confidence: 1, Communication: 4, Goal Setting: 1, Task Prioritization: 4, Decision Making: 1, Self-Regulation: 4'}"
Tyler,Lee,53476167,Bolivia,Game Developer,ssr,"{'hard': 'Graphics Programming: 1, Debugging: 2, Game Analytics: 2, Game Prototyping: 2, Cross-platform Development: 2', 'soft': 'Resourcefulness: 2, Professionalism: 2, Delegation: 2, Learning Agility: 2, Analytical Thinking: 1'}"
Brittany,Mason,71115472,Ecuador,Android Mobile Developer,sr2,"{'hard': 'Coroutines: 4, Kotlin Coroutines: 4, Java: 4, Firebase: 1, Material Design: 1, SQLite: 4, Security Best Practices: 1, RxJava: 1, Motion Layout: 4, REST APIs: 1', 'soft': 'Client Management: 1, Facilitation Skills: 4, Integrity: 1, Civic Engagement: 1, Trust Building: 4, Delegation: 4, Resilience: 4, Visionary Thinking: 1, Flexibility: 1, Self-Regulation: 1, Leadership: 1, Intellectual Curiosity: 1'}"
Ashley,Moore,45940404,Chile,PHP Developer,sr2,"{'hard': 'API Development: 4, Security Best Practices: 4, Frameworks (CodeIgniter): 1, Version Control: 4, CSS: 4, Symfony: 4, Laravel: 4, Data Structures: 1, Object-Oriented Programming: 1, Composer: 4', 'soft': 'Self-Discipline: 4, Research Skills: 1, Mentoring Skills: 1, Critical Thinking: 1, Initiative: 4, Conflict Management: 4, Attention to Detail: 1, Crisis Communication: 4, Customer Service: 4, Facilitation Skills: 1, Collaboration: 4, Creativity: 4'}"
Kenneth,Miller,58273714,Peru,RPA Developer,sr1,"{'hard': 'Task Automation: 3, Business Process Mapping: 1, Documentation: 3, Data Manipulation: 1, Java: 3, Integration with Third-party Applications: 3, UiPath: 1, Process Analysis: 1, Testing Automation: 3, Continuous Improvement: 3', 'soft': 'Strategic Communication: 3, Intellectual Curiosity: 3, Active Listening: 1, Interpersonal Communication: 3, Influencing: 3, Public Speaking: 1, Task Prioritization: 3, Conflict Management: 3, Emotional Resilience: 3, Work-Life Balance: 1, Resourcefulness: 3, Research Skills: 1'}"
Kenneth,Ramirez,54154571,Uruguay,SQL Developer,ssr,"{'hard': 'MySQL: 1, Indexing: 2, Data Quality Management: 2, Database Design: 2, Data Migration: 1', 'soft': 'Emotional Intelligence: 1, Service Orientation: 1, Change Management: 1, Learning Agility: 1, Writing Skills: 1'}"
Rebekah,Benitez,60629543,Ecuador,Salesforce Developer,sr3,"{'hard': 'Deployment Techniques: 5, Visualforce: 5, Reports and Dashboards: 2, Data Structures: 5, Integration with Third-party Services: 5, Version Control: 5, Community Cloud: 5, Lightning Components: 2, Change Sets: 2, API Development: 2, Workflows: 5, Lightning Web Components: 5, Data Migration: 5, Salesforce Apex: 5', 'soft': 'Data Interpretation: 2, Cultural Competence: 5, Client Management: 5, Process Improvement: 2, Self-Regulation: 5, Change Facilitation: 2, Creativity: 5, Entrepreneurial Mindset: 2, Performance Management: 5, Critical Observation: 2, Flexibility: 2, Service Orientation: 2, Emotional Resilience: 5, Motivation: 2, Customer Service: 2'}"
Hannah,Robinson,13423450,Bolivia,Android Mobile Developer,ssr,"{'hard': 'Android NDK: 1, Git: 1, Motion Layout: 1, Performance Tuning: 1, Agile: 2', 'soft': 'Emotional Intelligence: 1, Self-Confidence: 2, Resource Allocation: 1, Performance Management: 2, Teamwork: 2'}"
Joshua,Banks,85800764,Argentina,RPA Developer,sr1,"{'hard': 'Debugging: 1, Performance Monitoring: 1, Change Management: 3, Task Automation: 3, Client Interaction: 3, REST APIs: 3, Security Best Practices: 3, Business Process Mapping: 3, Integration with Third-party Applications: 1, Data Manipulation: 3', 'soft': 'Feedback Acceptance: 3, Customer Service: 3, Resource Allocation: 1, Positivity: 3, Workplace Culture Awareness: 1, Motivation: 3, Social Skills: 1, Presentation Skills: 3, Resourcefulness: 1, Change Management: 3, Networking Skills: 3, Integrity: 1'}"
John,Cruz,71122223,Mexico,Ruby Developer,ssr,"{'hard': 'Database Design: 1, Performance Optimization: 1, SQL: 1, Gem Management: 2, Task Scheduling: 2', 'soft': 'Negotiation Tactics: 2, Self-Motivation: 1, Attention to Detail: 2, Emotional Intelligence: 1, Collaboration: 2'}"
Jennifer,Fernandez,31950270,Chile,Data Engineer,jr,"{'hard': 'Python: 1, Metadata Management: 1, Data Lakes: 1, Performance Tuning: 1, Data Architecture: 1', 'soft': 'Virtual Collaboration: 1, Coaching: 1, Change Facilitation: 1, Risk Management: 1, Public Relations: 1'}"
Lorraine,Graham,66393199,Peru,PHP Developer,sr2,"{'hard': 'HTML: 1, Performance Optimization: 1, Debugging: 1, User Authentication: 4, Integration with Third-party Services: 4, JSON: 4, API Development: 4, Command Line Interface (CLI): 4, MVC Architecture: 1, Version Control: 1', 'soft': 'Influencing: 4, Innovation: 4, Social Intelligence: 4, Work-Life Balance: 4, Critical Observation: 1, Conflict Resolution: 4, Stress Resilience: 1, Public Speaking: 1, Civic Responsibility: 4, Authenticity: 1, Task Prioritization: 1, Problem Solving: 1'}"
Amber,Baker,36653178,Chile,DevOps Engineer,jr,"{'hard': 'Performance Tuning: 1, Release Management: 1, Change Management: 1, Testing Automation: 1, Application Performance Monitoring (APM): 1', 'soft': 'Research Skills: 1, Service Orientation: 1, Change Facilitation: 1, Stress Resilience: 1, Ethical Judgment: 1'}"
Jeffrey,Miller,14902609,Ecuador,NodeJs Developer,sr2,"{'hard': 'Microservices: 1, JavaScript: 4, Debugging: 4, Docker: 1, TypeScript: 1, Node.js: 4, Redis: 1, Socket.io: 1, Middleware: 1, Express.js: 4', 'soft': 'Client Management: 1, Personality Awareness: 1, Attention to Detail: 4, Public Speaking: 4, Risk Management: 1, Work-Life Balance: 4, Research Skills: 4, Intuition: 4, Problem Analysis: 4, Delegation: 4, Virtual Collaboration: 1, Quality Assurance: 1'}"
David,Mcgee,79771659,Colombia,C++ Developer,jr,"{'hard': 'Windows API: 1, Automated Testing: 1, Profiling: 1, Unit Testing: 1, DirectX: 1', 'soft': 'Public Relations: 1, Interpersonal Skills: 1, Authenticity: 1, Motivation: 1, Teamwork: 1'}"
Amy,Vasquez,18964695,Uruguay,Data Engineer,sr3,"{'hard': 'API Development: 5, SQL: 5, Machine Learning Basics: 5, Python: 5, Data Modeling: 5, Agile: 2, Data Visualization Tools (Tableau, Power BI): 5, Data Transformation: 5, Data Lakes: 2, Metadata Management: 5, Data Integration Tools: 2, Data Quality Management: 2, Data Cataloging: 2, Apache Kafka: 5', 'soft': 'Feedback Acceptance: 2, Resilience: 2, Risk Management: 2, Virtual Collaboration: 2, Visionary Leadership: 5, Intuition: 2, Motivation: 5, Analytical Thinking: 5, Networking: 2, Civic Engagement: 2, Performance Management: 2, Attention to Detail: 2, Resource Allocation: 5, Ethical Judgment: 5, Team Building: 5'}"
Anthony,Burgess,46064769,Chile,Web Mobile Developer,sr1,"{'hard': 'WebSockets: 1, State Management: 3, Progressive Web Apps (PWAs): 3, REST APIs: 1, Data Structures: 3, Analytics Integration: 3, Application Security: 3, Responsive Design: 3, JavaScript: 3, Local Storage: 1', 'soft': 'Personality Awareness: 1, Coaching: 1, Goal Setting: 1, Motivation: 3, Time Management: 3, Professionalism: 1, Flexibility: 3, Virtual Collaboration: 3, Analytical Thinking: 3, Decision Making: 1, Writing Skills: 1, Time Optimization: 1'}"
Derek,Coleman,20955668,Paraguay,Game Developer,ssr,"{'hard': 'Networking: 1, Debugging: 1, Graphics Programming: 2, Physics Simulation: 2, Asset Management: 1', 'soft': 'Creativity: 1, Crisis Communication: 1, Influencing: 1, Workplace Culture Awareness: 1, Task Prioritization: 1'}"
Kent,Johnson,51404446,Uruguay,IOT Platform Engineer,jr,"{'hard': 'Real-time Data Processing: 1, API Development: 1, Firmware Development: 1, User Authentication: 1, Deployment Techniques: 1', 'soft': 'Ethical Judgment: 1, Change Facilitation: 1, Global Awareness: 1, Feedback Acceptance: 1, Public Relations: 1'}"
Kaylee,Cooper,54703766,Peru,Salesforce Developer,sr2,"{'hard': 'Salesforce Apex: 1, Salesforce DX: 4, Salesforce CRM: 4, User Authentication: 1, Business Process Automation: 1, Custom Objects: 1, Sales Cloud: 1, User Interface Design: 1, Lightning Components: 1, Debugging: 1', 'soft': 'Humility: 4, Social Skills: 4, Initiative: 1, Strategic Thinking: 1, Time Optimization: 1, Coaching: 4, Trust Building: 4, Innovation: 1, Work Ethic: 4, Visionary Thinking: 4, Problem Analysis: 4, Cultural Competence: 4'}"
Jason,Reyes,13125929,Chile,Android Mobile Developer,sr2,"{'hard': 'Kotlin Coroutines: 4, Test-Driven Development: 4, Firebase: 4, Flutter: 1, Retrofit: 4, Agile: 1, Material Design: 4, Coroutines: 4, Android SDK: 1, Security Best Practices: 4', 'soft': 'Facilitation Skills: 4, Resourcefulness: 4, Emotional Resilience: 1, Creativity: 4, Strategic Thinking: 1, Workplace Culture Awareness: 1, Positivity: 4, Motivational Skills: 1, Conflict Resolution: 1, Networking: 1, Virtual Collaboration: 4, Public Relations: 1'}"
Scott,Hendricks,86969922,Colombia,Game Developer,sr1,"{'hard': 'Shader Programming: 1, Sound Design: 3, Multiplayer Networking: 3, Unreal Engine: 1, Cross-platform Development: 3, C#: 3, Game Monetization: 3, Physics Simulation: 3, Live Ops: 1, Debugging: 1', 'soft': 'Responsibility: 3, Process Improvement: 3, Self-Regulation: 1, Facilitation Skills: 1, Motivational Skills: 3, Performance Management: 1, Change Facilitation: 3, Social Intelligence: 3, Strategic Communication: 3, Quality Assurance: 3, Mentoring Skills: 1, Goal Setting: 3'}"
David,Allen,64684191,Mexico,Web Mobile Developer,sr3,"{'hard': 'Responsive Design: 2, Network Communication: 2, React Native: 5, Progressive Web Apps (PWAs): 5, Flutter: 2, Service Workers: 5, Analytics Integration: 5, State Management: 5, WebSockets: 5, User Interface Testing: 5, Authentication Mechanisms: 5, CSS: 2, Testing Frameworks: 2, Performance Optimization: 2', 'soft': 'Customer Service: 2, Responsibility: 5, Research Skills: 2, Presentation Skills: 2, Change Facilitation: 2, Global Awareness: 2, Visionary Thinking: 5, Risk Management: 2, Strategic Thinking: 2, Stress Resilience: 5, Positivity: 2, Work-Life Balance: 5, Leadership: 2, Time Optimization: 2, Process Improvement: 2'}"
Rhonda,Hubbard,32473357,Paraguay,Android Mobile Developer,ssr,"{'hard': 'Performance Tuning: 1, Kotlin Coroutines: 1, MVP: 2, LiveData: 1, Android SDK: 1', 'soft': 'Performance Management: 1, Delegation: 2, Initiative: 2, Resource Allocation: 1, Networking Skills: 2'}"
Renee,Bradford,49550026,Argentina,Game Developer,jr,"{'hard': 'Animation: 1, Unity: 1, Cross-platform Development: 1, Game Analytics: 1, Live Ops: 1', 'soft': 'Social Intelligence: 1, Negotiation: 1, Risk Management: 1, Work-Life Balance: 1, Resilience: 1'}"
Erik,Lester,91853366,Mexico,Cybersecurity Engineer,jr,"{'hard': 'Security Policies: 1, Mobile Security: 1, Endpoint Protection: 1, Forensics: 1, Data Protection: 1', 'soft': 'Situational Awareness: 1, Problem Solving: 1, Adaptability to Change: 1, Stress Resilience: 1, Trustworthiness: 1'}"
Ann,Norton,35603639,Colombia,.Net Developer,sr3,"{'hard': 'Entity Framework: 2, Web Services: 2, JavaScript: 2, HTML/CSS: 5, Application Lifecycle Management: 5, Entity Framework Core: 5, Design Patterns: 2, ASP.NET: 5, SignalR: 2, Performance Optimization: 5, Version Control (Git): 5, Security Best Practices: 2, LINQ: 2, Agile: 2', 'soft': 'Negotiation: 5, Motivation: 2, Resilience: 2, Public Speaking: 5, Communication: 2, Team Building: 5, Self-Discipline: 5, Personality Awareness: 5, Inclusivity: 5, Public Relations: 5, Civic Engagement: 2, Resourcefulness: 5, Strategic Thinking: 5, Intuition: 2, Analytical Thinking: 2'}"
Jeffrey,Rice,30543846,Ecuador,Java Developer,sr3,"{'hard': 'Spring: 5, Hibernate: 2, Performance Tuning: 5, Multi-threading: 5, Internationalization: 5, JSON: 5, Unit Testing: 2, Security: 5, Maven: 5, JavaFX: 2, SOAP: 2, Cloud Services: 2, API Development: 5, XML: 5', 'soft': 'Strategic Thinking: 2, Public Relations: 2, Adaptability: 5, Crisis Communication: 2, Scientific Thinking: 5, Self-Regulation: 5, Data Interpretation: 2, Client Management: 2, Creativity: 5, Research Skills: 5, Crisis Management: 2, Task Prioritization: 2, Networking Skills: 5, Innovation: 2, Cognitive Flexibility: 5'}"
Sydney,Brooks,45938416,Argentina,Ruby Developer,sr2,"{'hard': 'Responsive Design: 1, Integration with Third-party APIs: 4, HTML: 1, Middleware: 1, Continuous Integration: 1, API Development: 4, Security Best Practices: 1, REST APIs: 1, MVC Architecture: 1, Ruby on Rails: 4', 'soft': 'Customer Service: 4, Critical Thinking: 1, Interpersonal Communication: 4, Strategic Thinking: 1, Mentoring: 4, Positivity: 4, Visionary Leadership: 4, Civic Engagement: 1, Emotional Intelligence: 1, Visionary Thinking: 1, Virtual Collaboration: 1, Cultural Awareness: 4'}"
Jeremy,Higgins,68642416,Uruguay,Python Developer,sr1,"{'hard': 'Matplotlib: 3, APIs: 3, Debugging: 3, Pandas: 3, Algorithms: 1, Machine Learning: 3, Spark: 1, Data Mining: 1, Flask: 3, Data Visualization: 1', 'soft': 'Change Facilitation: 3, Active Listening: 3, Crisis Communication: 3, Inclusivity: 3, Interpersonal Skills: 1, Positivity: 1, Work Ethic: 1, Self-Regulation: 3, Task Prioritization: 3, Problem Analysis: 1, Humility: 1, Facilitation Skills: 1'}"
Melissa,Dillon,94209770,Chile,Sharepoint Developer,ssr,"{'hard': 'Security Best Practices: 2, Content Management: 2, Data Migration: 1, Integration with Third-party Services: 2, SharePoint Online: 1', 'soft': 'Delegation: 1, Communication: 2, Analytical Thinking: 1, Performance Management: 1, Self-Confidence: 2'}"
Dawn,Sloan,70481840,Ecuador,Sharepoint Developer,jr,"{'hard': 'SharePoint Designer: 1, Database Design: 1, C#: 1, Information Architecture: 1, REST APIs: 1', 'soft': 'Virtual Collaboration: 1, Negotiation Tactics: 1, Change Facilitation: 1, Research Skills: 1, Resource Allocation: 1'}"
James,Carlson,95294866,Uruguay,PHP Developer,sr3,"{'hard': 'Data Structures: 2, JSON: 5, Session Management: 5, Debugging: 5, CSS: 2, Performance Optimization: 2, Caching Techniques: 5, Agile: 2, MySQL: 2, HTML: 5, Laravel: 5, Frameworks (CodeIgniter): 2, REST APIs: 5, Version Control: 2', 'soft': 'Visionary Leadership: 5, Resource Allocation: 2, Civic Engagement: 2, Responsibility: 5, Initiative: 5, Social Intelligence: 2, Public Relations: 2, Self-Regulation: 5, Goal Setting: 5, Entrepreneurial Mindset: 5, Emotional Intelligence: 5, Cultural Awareness: 5, Analytical Thinking: 2, Time Optimization: 5, Self-Motivation: 2'}"
Karen,Bowman,65292688,Ecuador,Sharepoint Developer,sr1,"{'hard': 'Information Architecture: 1, HTML: 3, JavaScript: 1, SharePoint Online: 3, ASP.NET: 3, Version Control: 3, SQL Server: 1, User Authentication: 1, Custom Web Parts: 1, Data Migration: 1', 'soft': 'Work Ethic: 1, Scientific Thinking: 3, Mentoring Skills: 3, Ethical Judgment: 1, Problem Solving: 3, Conflict Management: 1, Negotiation: 3, Stress Resilience: 3, Critical Observation: 3, Open-mindedness: 1, Change Facilitation: 1, Relationship Building: 1'}"
Erin,Sloan,92074386,Bolivia,C++ Developer,ssr,"{'hard': 'Automated Testing: 1, Debugging: 1, Standard Template Library (STL): 1, System Programming: 2, Profiling: 1', 'soft': 'Work-Life Balance: 1, Empathy: 2, Integrity: 1, Ethical Judgment: 2, Innovation: 1'}"
Sheena,Davies,23392960,Argentina,RPA Developer,sr2,"{'hard': 'Java: 4, Automation Anywhere: 1, Continuous Improvement: 1, Documentation: 4, Python: 4, REST APIs: 4, User Training: 4, Excel VBA: 1, Client Interaction: 4, Data Extraction: 1', 'soft': 'Problem Solving: 1, Resource Allocation: 4, Innovation: 4, Cognitive Flexibility: 1, Teamwork: 1, Scientific Thinking: 4, Attention to Detail: 1, Visionary Leadership: 4, Client Management: 4, Negotiation Tactics: 1, Presentation Skills: 4, Research Skills: 4'}"
Elizabeth,Morris,24646375,Chile,NodeJs Developer,ssr,"{'hard': 'NPM: 2, Middleware: 1, Microservices: 2, REST APIs: 2, Security Best Practices: 2', 'soft': 'Mentoring: 1, Interpersonal Communication: 2, Change Management: 2, Scientific Thinking: 1, Customer Service: 2'}"
Brandon,Haynes,48836999,Paraguay,Cobol Developer,sr3,"{'hard': 'System Integration: 5, Batch Processing: 2, JCL: 2, Unit Testing: 5, SoftTech: 2, System Analysis: 5, DB2: 2, Data Mapping: 5, COBOL: 2, CICS: 2, Data Structures: 2, Change Management: 2, Debugging: 2, Agile: 2', 'soft': 'Communication: 5, Technology Savvy: 5, Active Listening: 2, Attention to Detail: 2, Creativity: 2, Positivity: 5, Adaptability to Change: 2, Motivation: 2, Data Interpretation: 2, Civic Engagement: 2, Influencing: 2, Initiative: 5, Work-Life Balance: 2, Public Speaking: 5, Learning Agility: 2'}"
Daniel,Fox,87453110,Argentina,PHP Developer,sr2,"{'hard': 'Caching Techniques: 1, XML: 4, Composer: 4, JavaScript: 4, JSON: 1, Session Management: 4, CSS: 1, Command Line Interface (CLI): 4, Frameworks (CodeIgniter): 1, MVC Architecture: 4', 'soft': 'Stress Resilience: 1, Facilitation Skills: 1, Empathy: 1, Emotional Resilience: 4, Visionary Thinking: 1, Visionary Leadership: 1, Change Facilitation: 4, Open-mindedness: 4, Team Building: 4, Coaching: 4, Technology Savvy: 1, Ethical Judgment: 4'}"
Jimmy,Bowen,58538907,Peru,Web UI Developer,ssr,"{'hard': 'Cross-Browser Compatibility: 2, Content Management Systems (CMS): 2, UI/UX Design: 2, Debugging: 1, Accessibility Standards: 1', 'soft': 'Creativity: 1, Stress Management: 2, Writing Skills: 2, Strategic Thinking: 1, Relationship Building: 1'}"
Michael,Ingram,15576377,Uruguay,Sharepoint Developer,sr3,"{'hard': 'SharePoint Designer: 5, Performance Optimization: 5, Custom Web Parts: 2, C#: 5, Document Libraries: 5, Business Intelligence: 5, Information Architecture: 5, Security Best Practices: 5, Version Control: 5, Integration with Third-party Services: 5, SharePoint Online: 2, SharePoint Framework (SPFx): 2, REST APIs: 2, Microsoft Flow: 5', 'soft': 'Self-Confidence: 2, Interpersonal Skills: 2, Mentoring Skills: 5, Trustworthiness: 2, Performance Management: 5, Crisis Management: 5, Conflict Resolution: 5, Change Management: 2, Attention to Detail: 2, Time Awareness: 5, Social Intelligence: 2, Facilitation Skills: 2, Problem Solving: 5, Strategic Thinking: 2, Negotiation Tactics: 5'}"
Katelyn,Hughes,64511444,Paraguay,Android Mobile Developer,sr1,"{'hard': 'Data Binding: 1, ProGuard: 3, Android NDK: 3, Android Architecture Components: 1, Agile: 3, Flutter: 1, Performance Tuning: 1, Coroutines: 1, Kotlin: 3, JUnit: 1', 'soft': 'Research Skills: 3, Humility: 1, Civic Engagement: 3, Quality Assurance: 3, Adaptability: 3, Empathy: 3, Time Awareness: 3, Virtual Collaboration: 3, Initiative: 3, Resilience: 3, Presentation Skills: 3, Teamwork: 3'}"
Sharon,Smith,17423210,Venezuela,Salesforce Developer,ssr,"{'hard': 'Business Process Automation: 2, SOQL: 2, Integration with Third-party Services: 1, Triggers: 1, User Authentication: 1', 'soft': 'Scientific Thinking: 2, Empathy: 1, Flexibility: 1, Collaboration: 1, Research Skills: 1'}"
Sylvia,Welch,41680201,Argentina,Python Developer,sr1,"{'hard': 'Python: 1, Git: 1, Data Engineering: 3, SQL: 1, Matplotlib: 3, Unit Testing: 3, APIs: 3, Django: 3, Flask: 1, Data Structures: 1', 'soft': 'Civic Responsibility: 3, Self-Regulation: 1, Workplace Culture Awareness: 3, Authenticity: 1, Negotiation: 3, Team Building: 3, Responsibility: 3, Problem Solving: 3, Trustworthiness: 1, Customer Service: 3, Relationship Building: 3, Decision Making: 1'}"
Amy,Dean,98501164,Uruguay,IOT Platform Engineer,ssr,"{'hard': 'Remote Device Monitoring: 2, Data Visualization: 1, Analytics Integration: 1, API Development: 2, IoT Protocols (MQTT, CoAP): 1', 'soft': 'Team Building: 2, Public Speaking: 1, Workplace Culture Awareness: 1, Virtual Collaboration: 1, Active Listening: 2'}"
Denise,Craig,59142655,Mexico,Test Automation Engineer,sr2,"{'hard': 'Scripting: 4, User Interface Testing: 1, Reporting Tools: 4, Version Control: 4, CI/CD: 1, Selenium: 4, Defect Tracking: 1, Data-Driven Testing: 1, Behavior-Driven Development (BDD): 1, Debugging: 1', 'soft': 'Resource Allocation: 1, Social Intelligence: 1, Strategic Communication: 1, Teamwork: 4, Negotiation: 1, Crisis Communication: 4, Problem Solving: 1, Team Building: 4, Collaboration: 4, Technology Savvy: 1, Learning Agility: 4, Intuition: 1'}"
Lee,Brown,70274857,Argentina,Android Mobile Developer,ssr,"{'hard': 'Performance Tuning: 2, Android Jetpack: 1, Retrofit: 1, Agile: 2, MVVM: 2', 'soft': 'Critical Thinking: 1, Resource Allocation: 1, Collaboration: 1, Empathy: 1, Teamwork: 2'}"
David,Carroll,90452986,Uruguay,Sharepoint Developer,ssr,"{'hard': 'Performance Optimization: 1, CSS: 2, ASP.NET: 2, Database Design: 2, Custom Web Parts: 1', 'soft': 'Virtual Collaboration: 2, Problem Analysis: 1, Adaptability: 2, Critical Observation: 1, Motivational Skills: 2'}"
William,Schmidt,84287861,Uruguay,Sharepoint Developer,sr1,"{'hard': 'Team Sites: 1, ASP.NET: 1, SharePoint Designer: 3, Debugging: 3, Document Libraries: 1, Version Control: 1, Git: 1, Integration with Third-party Services: 1, Performance Optimization: 1, SharePoint Framework (SPFx): 3', 'soft': 'Communication: 1, Delegation: 1, Stress Resilience: 3, Critical Thinking: 3, Trustworthiness: 3, Relationship Building: 3, Attention to Detail: 1, Mentoring Skills: 1, Resource Allocation: 3, Adaptability: 3, Stress Management: 1, Global Awareness: 1'}"
Patricia,Cain,30386271,Paraguay,Flutter Developer,sr3,"{'hard': 'UI/UX Design: 5, Firebase: 5, Dependency Management: 5, RESTful APIs: 2, Material Design: 5, Network Connectivity: 2, Responsive Design: 5, Error Handling: 2, Internationalization: 5, Dart: 5, Cross-Platform Development: 5, Integration Testing: 2, User Interface Testing: 5, Animations: 5', 'soft': 'Workplace Culture Awareness: 2, Inclusivity: 2, Work-Life Balance: 5, Emotional Intelligence: 5, Networking Skills: 5, Time Awareness: 5, Mentoring Skills: 5, Civic Engagement: 5, Relationship Building: 2, Creativity: 2, Critical Thinking: 5, Innovation: 2, Emotional Resilience: 5, Persuasion: 2, Resource Allocation: 2'}"
Cheryl,Morrison,59055642,Venezuela,PHP Developer,sr2,"{'hard': 'HTML: 4, REST APIs: 1, Frameworks (CodeIgniter): 4, JavaScript: 4, Performance Optimization: 1, MySQL: 1, Web Services: 1, Command Line Interface (CLI): 1, Error Handling: 1, Caching Techniques: 4', 'soft': 'Scientific Thinking: 4, Team Building: 1, Performance Management: 1, Trust Building: 4, Social Intelligence: 4, Active Listening: 1, Adaptability to Change: 1, Delegation: 4, Empathy: 1, Public Relations: 1, Initiative: 1, Resilience: 1'}"
Ann,Fox,83336285,Paraguay,SQL Developer,jr,"{'hard': 'SQL Server: 1, Reporting Tools: 1, Agile: 1, ETL: 1, NoSQL Databases: 1', 'soft': 'Civic Responsibility: 1, Mentoring: 1, Feedback Delivery: 1, Data Interpretation: 1, Crisis Management: 1'}"
Rebecca,Smith,30357047,Uruguay,Sharepoint Developer,sr2,"{'hard': 'Debugging: 4, Custom Web Parts: 4, Team Sites: 1, REST APIs: 1, Office 365: 1, Testing Automation: 1, User Interface Design: 1, Version Control: 4, C#: 4, Performance Optimization: 4', 'soft': 'Team Building: 1, Strategic Thinking: 4, Research Skills: 1, Attention to Detail: 4, Inclusivity: 1, Self-Motivation: 4, Goal Setting: 1, Strategic Communication: 4, Self-Confidence: 1, Global Awareness: 4, Trustworthiness: 1, Change Facilitation: 4'}"
Ryan,Robles,45586019,Peru,DevOps Engineer,sr1,"{'hard': 'Automation Tools: 3, Infrastructure as Code (IaC): 3, Security Best Practices: 1, Incident Management: 3, Continuous Integration/Continuous Deployment (CI/CD): 3, Database Management: 3, Agile: 3, User Access Control: 1, Disaster Recovery: 3, API Management: 3', 'soft': 'Networking Skills: 1, Critical Observation: 3, Networking: 3, Change Facilitation: 1, Self-Motivation: 1, Public Relations: 3, Innovation: 3, Process Improvement: 1, Writing Skills: 3, Feedback Delivery: 1, Global Awareness: 1, Work Ethic: 3'}"
Amanda,Blanchard,39977113,Peru,DevOps Engineer,sr1,"{'hard': 'Incident Management: 3, Server Management: 3, Site Reliability Engineering (SRE): 1, Custom Scripts: 1, Scripting (Bash, Python): 3, AWS: 1, Automation Tools: 3, Monitoring and Logging: 1, Application Performance Monitoring (APM): 1, Disaster Recovery: 1', 'soft': 'Social Intelligence: 1, Trustworthiness: 3, Learning Agility: 3, Change Facilitation: 1, Strategic Thinking: 3, Inclusivity: 3, Problem Analysis: 3, Technology Savvy: 1, Virtual Collaboration: 3, Process Improvement: 1, Leadership: 3, Time Optimization: 3'}"
Tiffany,Hughes,45178259,Colombia,Cybersecurity Engineer,jr,"{'hard': 'Network Protocols: 1, Security Awareness Training: 1, Agile: 1, Compliance Standards (ISO, NIST): 1, Incident Response: 1', 'soft': 'Problem Solving: 1, Interpersonal Skills: 1, Adaptability to Change: 1, Quality Assurance: 1, Self-Motivation: 1'}"
Stephanie,Stokes,14084941,Argentina,Java Developer,jr,"{'hard': 'Cloud Services: 1, API Development: 1, Java: 1, REST APIs: 1, Kubernetes: 1', 'soft': 'Inclusivity: 1, Time Optimization: 1, Self-Regulation: 1, Networking: 1, Self-Discipline: 1'}"
Eric,Giles,61002189,Chile,Salesforce Developer,sr1,"{'hard': 'Community Cloud: 3, Security Best Practices: 3, Triggers: 1, Change Sets: 3, Salesforce CRM: 3, Visualforce: 1, Testing Frameworks: 3, API Development: 3, REST APIs: 3, Sales Cloud: 3', 'soft': 'Visionary Thinking: 3, Research Skills: 1, Diversity Awareness: 1, Service Orientation: 3, Adaptability to Change: 3, Work Ethic: 1, Global Awareness: 1, Flexibility: 3, Attention to Detail: 1, Initiative: 1, Mentoring Skills: 3, Emotional Resilience: 3'}"
Stephanie,Hernandez,52058405,Paraguay,Test Automation Engineer,sr3,"{'hard': 'Selenium: 5, Debugging: 5, Test Environment Setup: 2, Cypress: 2, Version Control: 5, Test Case Design: 5, Scripting: 2, Mocking Frameworks: 5, Load Testing: 5, Continuous Testing: 2, JavaScript: 5, Regression Testing: 2, Java: 2, Test Management Tools: 2', 'soft': 'Conflict Resolution: 5, Work Ethic: 5, Creativity: 5, Coaching: 5, Time Optimization: 5, Learning Agility: 5, Intuition: 5, Self-Regulation: 2, Risk Management: 2, Time Awareness: 5, Data Interpretation: 5, Trust Building: 2, Negotiation: 5, Visionary Thinking: 2, Scientific Thinking: 2'}"
Brandy,Brown,83157442,Venezuela,Flutter Developer,sr3,"{'hard': 'Localization: 2, App Deployment: 5, Testing: 2, Network Connectivity: 5, Material Design: 5, Debugging: 5, Native Modules: 2, UI/UX Design: 2, Dependency Management: 5, Agile: 5, Platform Channels: 5, Integration Testing: 5, State Management: 2, RESTful APIs: 2', 'soft': 'Diversity Awareness: 5, Interpersonal Communication: 2, Visionary Leadership: 5, Situational Awareness: 2, Initiative: 5, Resource Allocation: 5, Change Management: 2, Cultural Competence: 5, Civic Engagement: 2, Ethical Judgment: 2, Interpersonal Skills: 5, Humility: 5, Mentoring: 5, Entrepreneurial Mindset: 2, Emotional Intelligence: 5'}"
Drew,Jones,96633065,Paraguay,NodeJs Developer,jr,"{'hard': 'REST APIs: 1, Frontend Frameworks (React/Vue): 1, CI/CD: 1, Kubernetes: 1, API Development: 1', 'soft': 'Resilience: 1, Networking: 1, Self-Confidence: 1, Motivational Skills: 1, Public Speaking: 1'}"
Kimberly,Armstrong,55298088,Colombia,Python Developer,jr,"{'hard': 'Debugging: 1, Matplotlib: 1, Cloud Services: 1, Unit Testing: 1, Web Scraping: 1', 'soft': 'Persuasion: 1, Professionalism: 1, Public Speaking: 1, Innovation: 1, Trust Building: 1'}"
Jeffrey,Brooks,92820384,Paraguay,DevOps Engineer,jr,"{'hard': 'Collaboration Tools: 1, Azure: 1, User Access Control: 1, Kubernetes: 1, Performance Tuning: 1', 'soft': 'Performance Management: 1, Social Skills: 1, Creativity: 1, Facilitation Skills: 1, Ethical Judgment: 1'}"
Jennifer,Davenport,63202991,Mexico,RPA Developer,sr1,"{'hard': 'Process Analysis: 1, Automation Anywhere: 3, User Training: 3, UiPath: 1, Java: 1, Data Extraction: 1, REST APIs: 1, Blue Prism: 1, Version Control: 3, Debugging: 3', 'soft': 'Stress Resilience: 3, Customer Service: 1, Virtual Collaboration: 1, Adaptability to Change: 3, Risk Management: 3, Self-Motivation: 1, Visionary Thinking: 1, Influencing: 3, Performance Management: 1, Social Skills: 3, Active Listening: 1, Scientific Thinking: 3'}"
Thomas,Wallace,45735061,Mexico,Data Engineer,jr,"{'hard': 'Hadoop: 1, Machine Learning Basics: 1, Testing and Validation: 1, SQL: 1, Big Data Technologies: 1', 'soft': 'Technology Savvy: 1, Research Skills: 1, Emotional Resilience: 1, Social Skills: 1, Self-Confidence: 1'}"
Rebecca,Clarke,36587268,Peru,DevOps Engineer,sr2,"{'hard': 'Change Management: 4, Cloud Services: 4, Release Management: 1, Database Management: 1, Automation Tools: 1, Continuous Integration/Continuous Deployment (CI/CD): 1, Testing Automation: 4, Load Balancing: 4, Application Performance Monitoring (APM): 1, Custom Scripts: 4', 'soft': 'Research Skills: 4, Civic Engagement: 4, Adaptability: 4, Mentoring Skills: 1, Intuition: 4, Social Skills: 1, Diversity Awareness: 4, Situational Awareness: 1, Crisis Management: 4, Resourcefulness: 1, Customer Service: 1, Communication: 4'}"
Casey,Marshall,83426986,Argentina,Java Developer,sr3,"{'hard': 'JavaFX: 2, Internationalization: 5, Microservices: 5, Agile: 2, Hibernate: 5, JDBC: 5, REST APIs: 5, Algorithms: 2, Docker: 5, Thread Management: 2, Multi-threading: 2, Continuous Integration: 2, Java EE: 5, Spring: 5', 'soft': 'Teamwork: 2, Time Management: 5, Intellectual Curiosity: 5, Global Awareness: 2, Public Relations: 5, Negotiation Tactics: 2, Cultural Awareness: 2, Leadership: 5, Positivity: 2, Inclusivity: 5, Intuition: 2, Situational Awareness: 2, Mentoring Skills: 2, Process Improvement: 2, Persuasion: 5'}"
Ricky,Moore,48904218,Chile,IOT Platform Engineer,sr1,"{'hard': 'Network Security: 1, User Authentication: 1, Agile: 1, Embedded Systems: 1, Scripting (Python, JavaScript): 3, Data Processing: 3, Remote Device Monitoring: 3, Data Visualization: 3, API Development: 3, Microservices Architecture: 3', 'soft': 'Delegation: 3, Time Management: 3, Client Management: 1, Diversity Awareness: 3, Motivational Skills: 3, Motivation: 1, Crisis Management: 3, Strategic Communication: 3, Civic Engagement: 3, Workplace Culture Awareness: 3, Negotiation: 3, Visionary Thinking: 1'}"
Mary,Ibarra,97431497,Ecuador,Web Mobile Developer,sr2,"{'hard': 'JavaScript: 4, GraphQL: 4, Deployment Techniques: 1, Frontend Frameworks: 4, State Management: 1, WebSockets: 4, UI/UX Design: 4, Network Communication: 1, Data Structures: 4, Third-party Libraries: 4', 'soft': 'Resource Allocation: 1, Scientific Thinking: 1, Humility: 1, Facilitation Skills: 4, Innovation: 1, Goal Setting: 4, Ethical Judgment: 4, Interpersonal Skills: 1, Conflict Resolution: 4, Motivation: 1, Critical Observation: 1, Stress Management: 4'}"
Mario,Allen,59935406,Peru,Web Mobile Developer,jr,"{'hard': 'REST APIs: 1, Responsive Design: 1, Accessibility Standards: 1, Continuous Integration/Continuous Deployment (CI/CD): 1, Git: 1', 'soft': 'Visionary Thinking: 1, Cultural Awareness: 1, Positivity: 1, Strategic Thinking: 1, Virtual Collaboration: 1'}"
Lisa,Thomas,31855370,Colombia,Android Mobile Developer,sr1,"{'hard': 'Agile: 1, Security Best Practices: 3, Constraint Layout: 3, Kotlin Coroutines: 1, Java: 1, XML: 3, SQLite: 1, Coroutines: 1, Kotlin: 3, Gradle: 1', 'soft': 'Negotiation Tactics: 1, Change Facilitation: 1, Resourcefulness: 1, Initiative: 3, Resource Allocation: 3, Negotiation: 1, Influencing: 3, Process Improvement: 3, Inclusivity: 1, Civic Engagement: 1, Work Ethic: 3, Civic Responsibility: 3'}"
Ashley,Anderson,84367192,Paraguay,Cobol Developer,sr3,"{'hard': 'SQL: 5, VSAM: 5, CICS: 5, System Integration: 2, IBM z/OS: 5, Change Management: 2, COBOL: 5, Data Warehousing: 5, DB2: 5, SoftTech: 2, Data Structures: 5, JCL: 2, Debugging: 5, File Handling: 2', 'soft': 'Influencing: 5, Strategic Thinking: 2, Global Awareness: 2, Feedback Acceptance: 5, Integrity: 5, Intuition: 5, Adaptability to Change: 5, Task Prioritization: 5, Time Optimization: 5, Adaptability: 5, Motivational Skills: 5, Writing Skills: 5, Virtual Collaboration: 2, Visionary Leadership: 5, Delegation: 5'}"
Jessica,Washington,48854915,Ecuador,Cobol Developer,jr,"{'hard': 'SoftTech: 1, VSAM: 1, System Integration: 1, Software Maintenance: 1, Data Warehousing: 1', 'soft': 'Public Relations: 1, Trust Building: 1, Work-Life Balance: 1, Persuasion: 1, Flexibility: 1'}"
Allison,Peterson,29296219,Colombia,Cloud Engineer,ssr,"{'hard': 'Virtualization: 1, Azure: 2, Database Management: 1, CI/CD: 1, DevOps: 1', 'soft': 'Change Facilitation: 2, Strategic Communication: 1, Inclusivity: 2, Open-mindedness: 1, Resourcefulness: 2'}"
Mathew,Pierce,63639430,Uruguay,Flutter Developer,jr,"{'hard': 'Integration Testing: 1, RESTful APIs: 1, Security Best Practices: 1, Third-party Libraries: 1, Localization: 1', 'soft': 'Authenticity: 1, Resourcefulness: 1, Cultural Competence: 1, Positivity: 1, Civic Responsibility: 1'}"
Madison,Rodriguez,89786422,Colombia,Python Developer,ssr,"{'hard': 'Natural Language Processing (NLP): 2, Security Best Practices: 2, Debugging: 1, Data Mining: 1, REST APIs: 1', 'soft': 'Crisis Communication: 2, Integrity: 1, Performance Management: 2, Cognitive Flexibility: 2, Ethical Judgment: 1'}"
Daniel,Morris,11554450,Argentina,Test Automation Engineer,ssr,"{'hard': 'JavaScript: 2, Regression Testing: 1, Behavior-Driven Development (BDD): 1, TestNG: 1, Selenium: 2', 'soft': 'Emotional Intelligence: 2, Team Building: 2, Empathy: 1, Problem Solving: 2, Writing Skills: 2'}"
James,Flynn,36221822,Mexico,Cybersecurity Engineer,ssr,"{'hard': 'Security Policies: 1, DevSecOps: 2, Data Loss Prevention (DLP): 2, Forensics: 1, Intrusion Detection Systems (IDS): 1', 'soft': 'Public Relations: 1, Negotiation Tactics: 1, Mentoring: 2, Crisis Communication: 2, Innovation: 2'}"
Michael,Lyons,25134266,Chile,Java Developer,sr1,"{'hard': 'JPA: 1, Java: 3, Security: 1, Algorithms: 1, Multi-threading: 1, Cloud Services: 1, JavaFX: 1, Data Structures: 1, Logging Frameworks: 3, Dependency Injection: 3', 'soft': 'Networking Skills: 1, Strategic Thinking: 1, Conflict Management: 1, Attention to Detail: 3, Intellectual Curiosity: 1, Negotiation Tactics: 3, Data Interpretation: 3, Team Building: 1, Cultural Awareness: 1, Public Speaking: 1, Workplace Culture Awareness: 3, Trustworthiness: 3'}"
Justin,Wade,12188712,Uruguay,PHP Developer,sr1,"{'hard': 'Error Handling: 3, Unit Testing: 1, Web Services: 3, Security Best Practices: 3, Integration with Third-party Services: 3, Version Control: 3, JavaScript: 3, Composer: 1, Git: 1, Frameworks (CodeIgniter): 1', 'soft': 'Teamwork: 3, Self-Regulation: 3, Performance Management: 1, Trust Building: 3, Entrepreneurial Mindset: 1, Conflict Management: 1, Coaching: 1, Problem Analysis: 3, Critical Observation: 3, Self-Discipline: 3, Interpersonal Skills: 3, Time Optimization: 1'}"
Tammy,Nelson,13339913,Chile,Python Developer,sr3,"{'hard': 'Security Best Practices: 5, Cloud Services: 2, Data Visualization: 2, Unit Testing: 2, Agile: 2, Data Mining: 5, REST APIs: 2, Django: 5, Data Analysis: 5, Data Structures: 5, Machine Learning: 2, Matplotlib: 2, Flask: 5, SQL: 5', 'soft': 'Personality Awareness: 2, Quality Assurance: 5, Open-mindedness: 2, Public Speaking: 2, Problem Solving: 2, Teamwork: 2, Social Intelligence: 2, Change Management: 5, Situational Awareness: 5, Self-Confidence: 2, Global Awareness: 2, Emotional Intelligence: 2, Virtual Collaboration: 5, Initiative: 5, Relationship Building: 2'}"
Barbara,Whitehead,23599552,Paraguay,RPA Developer,jr,"{'hard': 'Robotic Process Automation Frameworks: 1, Agile: 1, Security Best Practices: 1, SQL: 1, Testing Automation: 1', 'soft': 'Critical Observation: 1, Attention to Detail: 1, Quality Assurance: 1, Self-Discipline: 1, Positivity: 1'}"
Kevin,Deleon,78111224,Uruguay,Game Developer,sr1,"{'hard': 'Physics Simulation: 1, Level Design: 3, Networking: 3, Animation: 3, Performance Optimization: 1, Physics Engines: 1, Live Ops: 3, Visual Scripting: 3, Storyboarding: 1, Game Prototyping: 3', 'soft': 'Social Intelligence: 3, Adaptability: 1, Integrity: 1, Performance Management: 3, Risk Management: 3, Change Facilitation: 1, Resourcefulness: 3, Change Management: 1, Collaboration: 3, Self-Motivation: 3, Cultural Competence: 3, Civic Responsibility: 1'}"
Amy,Edwards,17696982,Chile,Salesforce Developer,sr3,"{'hard': 'Business Process Automation: 5, Custom Objects: 5, Security Best Practices: 2, Deployment Techniques: 2, Integration with Third-party Services: 5, Data Modeling: 2, Salesforce Apex: 2, Data Structures: 5, Version Control: 5, Service Cloud: 2, Lightning Web Components: 2, Salesforce DX: 2, Salesforce CRM: 2, SOQL: 5', 'soft': 'Empathy: 2, Coaching: 5, Visionary Leadership: 2, Trust Building: 5, Goal Setting: 2, Intellectual Curiosity: 5, Facilitation Skills: 5, Adaptability: 2, Trustworthiness: 2, Creativity: 5, Civic Engagement: 5, Ethical Judgment: 2, Cultural Competence: 5, Resource Allocation: 2, Feedback Delivery: 2'}"
Wesley,Scott,42825036,Colombia,Flutter Developer,jr,"{'hard': 'State Management: 1, Dart: 1, Localization: 1, UI/UX Design: 1, Cross-Platform Development: 1', 'soft': 'Persuasion: 1, Public Speaking: 1, Empathy: 1, Creativity: 1, Technology Savvy: 1'}"
Mark,Collier,85819096,Bolivia,.Net Developer,jr,"{'hard': 'Version Control (Git): 1, MVC: 1, Cloud Services (Azure): 1, Microservices: 1, DevOps: 1', 'soft': 'Stress Resilience: 1, Interpersonal Skills: 1, Relationship Building: 1, Active Listening: 1, Self-Confidence: 1'}"
Sophia,Williams,89442204,Paraguay,Sharepoint Developer,sr1,"{'hard': 'Office 365: 1, CSS: 1, User Interface Design: 3, Security Best Practices: 3, SharePoint Designer: 3, Database Design: 3, Custom Web Parts: 1, Content Management: 1, SQL Server: 1, Document Libraries: 1', 'soft': 'Data Interpretation: 1, Flexibility: 1, Motivational Skills: 3, Risk Management: 1, Leadership: 3, Innovation: 1, Problem Solving: 3, Resilience: 1, Strategic Thinking: 1, Performance Management: 1, Public Relations: 1, Collaboration: 1'}"
Dylan,Smith,15077787,Bolivia,Flutter Developer,sr1,"{'hard': 'Accessibility Features: 1, Versioning: 1, RESTful APIs: 3, Cross-Platform Development: 3, UI/UX Design: 1, Integration Testing: 1, State Management: 1, Internationalization: 3, Performance Optimization: 3, App Deployment: 3', 'soft': 'Adaptability: 3, Change Facilitation: 3, Negotiation: 3, Positivity: 1, Stress Management: 3, Scientific Thinking: 3, Resource Allocation: 1, Mentoring: 1, Risk Management: 1, Trust Building: 1, Crisis Management: 3, Emotional Intelligence: 3'}"
Troy,Williams,57764600,Bolivia,iOS Mobile Developer,sr2,"{'hard': 'Animation: 1, Firebase: 4, iCloud: 4, SiriKit: 1, User Experience (UX): 4, Xcode: 4, SwiftUI: 4, Accessibility Features: 1, Security Best Practices: 1, Core Data: 1', 'soft': 'Client Management: 4, Facilitation Skills: 1, Persuasion: 4, Cultural Competence: 4, Creativity: 1, Crisis Management: 4, Self-Confidence: 4, Diversity Awareness: 1, Personality Awareness: 4, Negotiation Tactics: 4, Public Speaking: 1, Positivity: 1'}"
Christopher,Grant,40819422,Uruguay,Cloud Engineer,sr1,"{'hard': 'Service Mesh: 1, Monitoring and Logging: 3, Scripting (Python, Bash): 3, Load Balancing: 3, AWS: 3, Cloud Security: 3, Infrastructure as Code (IaC): 3, Cloud Architecture: 3, Data Storage Solutions: 3, Performance Tuning: 3', 'soft': 'Scientific Thinking: 1, Attention to Detail: 1, Time Management: 3, Critical Thinking: 3, Civic Responsibility: 3, Change Management: 3, Writing Skills: 1, Teamwork: 1, Time Optimization: 3, Motivational Skills: 3, Emotional Resilience: 3, Critical Observation: 3'}"
Joan,Mcclure,66723227,Ecuador,Web Mobile Developer,sr3,"{'hard': 'Deployment Techniques: 5, Git: 2, Analytics Integration: 5, Service Workers: 2, Debugging: 5, Agile: 5, UI/UX Design: 2, Mobile First Design: 2, Authentication Mechanisms: 2, User Interface Testing: 2, GraphQL: 5, Accessibility Standards: 2, Continuous Integration/Continuous Deployment (CI/CD): 5, Data Structures: 5', 'soft': 'Global Awareness: 5, Task Prioritization: 2, Research Skills: 5, Resilience: 2, Feedback Delivery: 2, Collaboration: 5, Data Interpretation: 5, Conflict Resolution: 5, Public Speaking: 5, Crisis Communication: 5, Diversity Awareness: 5, Problem Solving: 5, Entrepreneurial Mindset: 5, Cultural Awareness: 5, Attention to Detail: 5'}"
Brady,Ruiz,22039664,Colombia,NodeJs Developer,ssr,"{'hard': 'Logging Frameworks: 2, Microservices: 2, Socket.io: 2, Express.js: 1, Event-Driven Architecture: 2', 'soft': 'Crisis Management: 2, Creativity: 1, Critical Thinking: 2, Civic Engagement: 2, Self-Regulation: 1'}"
Peter,Alvarado,98414552,Bolivia,Game Developer,sr2,"{'hard': 'Agile: 4, Game Prototyping: 1, Performance Optimization: 4, Unreal Engine: 1, 3D Modeling: 1, Debugging: 1, Procedural Generation: 4, Game Analytics: 1, Game Design: 1, Visual Scripting: 4', 'soft': 'Cultural Awareness: 1, Active Listening: 1, Trustworthiness: 1, Empathy: 1, Situational Awareness: 1, Time Management: 1, Global Awareness: 1, Resilience: 1, Decision Making: 4, Flexibility: 1, Presentation Skills: 4, Resourcefulness: 4'}"
Nicholas,Burton,69620459,Argentina,NodeJs Developer,sr1,"{'hard': 'MongoDB: 3, Socket.io: 1, AWS: 1, TypeScript: 1, Data Structures: 1, Frontend Frameworks (React/Vue): 1, Postman: 3, Security Best Practices: 3, Asynchronous Programming: 1, CI/CD: 3', 'soft': 'Attention to Detail: 3, Visionary Leadership: 3, Virtual Collaboration: 3, Creativity: 1, Trust Building: 1, Integrity: 3, Civic Responsibility: 3, Quality Assurance: 1, Authenticity: 1, Responsibility: 1, Mentoring: 1, Cultural Competence: 3'}"
Amanda,Moon,56938100,Colombia,iOS Mobile Developer,sr2,"{'hard': 'iCloud: 1, Xcode: 1, UIKit: 4, In-App Purchases: 1, User Experience (UX): 4, Git: 1, RESTful APIs: 1, Core Location: 1, Third-party Libraries: 4, Network Connectivity: 4', 'soft': 'Motivation: 1, Civic Responsibility: 4, Self-Confidence: 1, Quality Assurance: 4, Public Speaking: 1, Client Management: 1, Persuasion: 1, Virtual Collaboration: 1, Writing Skills: 4, Process Improvement: 4, Time Optimization: 1, Global Awareness: 4'}"
Monica,Baker,45893954,Venezuela,Ruby Developer,sr3,"{'hard': 'Database Design: 2, API Development: 5, Object-Oriented Programming: 2, Gem Management: 2, Active Record: 2, SQL: 2, Git: 2, Debugging: 2, Caching Techniques: 5, Version Control: 2, MVC Architecture: 5, REST APIs: 2, Integration with Third-party APIs: 5, CSS: 5', 'soft': 'Relationship Building: 2, Presentation Skills: 2, Service Orientation: 5, Facilitation Skills: 2, Global Awareness: 5, Networking: 5, Social Intelligence: 5, Civic Engagement: 2, Team Building: 2, Customer Service: 5, Performance Management: 5, Emotional Resilience: 2, Task Prioritization: 2, Authenticity: 2, Client Management: 2'}"
Robert,Mcdonald,10689778,Chile,Cloud Engineer,sr2,"{'hard': 'Version Control (Git): 1, Resource Allocation: 1, Serverless Computing: 4, Agile: 4, Google Cloud Platform: 1, Cloud Migration: 1, Azure: 1, AWS: 1, Infrastructure as Code (IaC): 4, Backup and Recovery: 4', 'soft': 'Public Relations: 1, Feedback Delivery: 1, Persuasion: 4, Self-Regulation: 4, Facilitation Skills: 4, Strategic Communication: 4, Diversity Awareness: 4, Coaching: 1, Delegation: 1, Writing Skills: 1, Intellectual Curiosity: 1, Analytical Thinking: 1'}"
John,Gilbert,93906010,Argentina,C++ Developer,ssr,"{'hard': 'Static and Dynamic Libraries: 1, Graphics Programming: 1, Data Structures: 1, C++: 2, System Programming: 1', 'soft': 'Trust Building: 1, Emotional Intelligence: 1, Interpersonal Communication: 2, Open-mindedness: 1, Emotional Resilience: 2'}"
Michael,Scott,10667468,Uruguay,Web UI Developer,sr1,"{'hard': 'UI/UX Design: 1, React: 1, Accessibility Standards: 3, SEO Best Practices: 3, Microinteractions: 3, Cross-Browser Compatibility: 1, Testing Frameworks (Jest, Mocha): 1, REST APIs: 3, Front-End Frameworks: 1, Progressive Enhancement: 3', 'soft': 'Visionary Leadership: 1, Open-mindedness: 1, Public Speaking: 3, Civic Responsibility: 1, Ethical Judgment: 1, Creativity: 3, Intellectual Curiosity: 3, Strategic Communication: 3, Team Building: 1, Inclusivity: 1, Initiative: 3, Self-Motivation: 1'}"
Timothy,Miller,39926165,Venezuela,Web UI Developer,ssr,"{'hard': 'Design Systems: 2, Animations: 2, CSS Preprocessors (Sass, LESS): 1, User Interaction Design: 2, Testing Frameworks (Jest, Mocha): 2', 'soft': 'Active Listening: 1, Process Improvement: 2, Self-Confidence: 2, Presentation Skills: 2, Cultural Awareness: 1'}"
Kimberly,Palmer,57298396,Venezuela,IOT Platform Engineer,jr,"{'hard': 'Device Connectivity: 1, Scripting (Python, JavaScript): 1, Remote Device Monitoring: 1, Analytics Integration: 1, Data Processing: 1', 'soft': 'Client Management: 1, Time Awareness: 1, Resourcefulness: 1, Scientific Thinking: 1, Emotional Intelligence: 1'}"
Richard,Sanchez,19236233,Peru,Python Developer,sr3,"{'hard': 'Spark: 5, REST APIs: 5, NumPy: 2, Data Visualization: 5, SQL: 5, Concurrency: 5, Debugging: 5, Algorithms: 5, TensorFlow: 5, Matplotlib: 2, Pandas: 2, Agile: 5, Data Mining: 5, Data Structures: 2', 'soft': 'Cognitive Flexibility: 5, Quality Assurance: 2, Authenticity: 2, Change Management: 2, Public Speaking: 2, Problem Solving: 2, Interpersonal Communication: 2, Negotiation: 5, Interpersonal Skills: 5, Positivity: 2, Intuition: 2, Team Building: 2, Collaboration: 2, Trust Building: 5, Personality Awareness: 5'}"
Kara,Manning,25277342,Ecuador,Python Developer,ssr,"{'hard': 'Python: 1, Natural Language Processing (NLP): 2, Jupyter Notebooks: 2, Data Structures: 2, Pandas: 2', 'soft': 'Process Improvement: 2, Problem Analysis: 2, Negotiation: 1, Social Skills: 2, Communication: 2'}"
Michelle,Gomez,56043884,Paraguay,Sharepoint Developer,sr3,"{'hard': 'Version Control: 5, CSS: 5, Business Intelligence: 5, Testing Automation: 5, Debugging: 5, PowerShell: 2, C#: 2, SharePoint Designer: 5, Content Management: 2, User Interface Design: 5, Document Libraries: 5, SQL Server: 2, Team Sites: 2, Database Design: 5', 'soft': 'Trust Building: 5, Risk Management: 2, Stress Management: 2, Stress Resilience: 5, Facilitation Skills: 5, Trustworthiness: 2, Critical Thinking: 2, Attention to Detail: 5, Mentoring: 2, Feedback Delivery: 5, Leadership: 2, Data Interpretation: 5, Change Management: 2, Conflict Resolution: 5, Personality Awareness: 5'}"
Victoria,Cortez,56489823,Venezuela,Web Mobile Developer,ssr,"{'hard': 'Cross-Browser Compatibility: 2, Application Security: 2, Debugging: 2, Frontend Frameworks: 1, State Management: 1', 'soft': 'Research Skills: 1, Emotional Intelligence: 1, Problem Analysis: 1, Influencing: 2, Collaboration: 1'}"
Joseph,Hernandez,60901534,Bolivia,Cybersecurity Engineer,jr,"{'hard': 'Data Loss Prevention (DLP): 1, Incident Management: 1, Agile: 1, Risk Assessment: 1, Application Hardening: 1', 'soft': 'Work Ethic: 1, Mentoring: 1, Customer Service: 1, Positivity: 1, Leadership: 1'}"
Mary,Moore,12005717,Paraguay,Salesforce Developer,sr2,"{'hard': 'Debugging: 4, Security Best Practices: 4, Community Cloud: 4, Lightning Components: 4, SOQL: 1, Version Control: 1, Deployment Techniques: 4, Data Structures: 1, Integration with Third-party Services: 1, Data Migration: 4', 'soft': 'Collaboration: 4, Self-Motivation: 4, Intuition: 1, Critical Observation: 1, Authenticity: 4, Critical Thinking: 4, Resource Allocation: 1, Personality Awareness: 4, Persuasion: 4, Interpersonal Communication: 4, Networking Skills: 4, Leadership: 1'}"
Veronica,Cooper,77525429,Peru,Ruby Developer,sr2,"{'hard': 'HTML: 4, Deployment Techniques: 4, Continuous Integration: 1, Integration with Third-party APIs: 1, Git: 4, Ruby: 1, Active Record: 1, Version Control: 1, Agile: 4, Middleware: 1', 'soft': 'Team Building: 4, Critical Observation: 1, Collaboration: 1, Work Ethic: 4, Motivation: 1, Research Skills: 1, Entrepreneurial Mindset: 1, Mentoring Skills: 4, Emotional Intelligence: 4, Visionary Thinking: 4, Strategic Thinking: 4, Scientific Thinking: 1'}"
Becky,Small,56159807,Paraguay,Game Developer,ssr,"{'hard': 'Performance Optimization: 1, Game Design: 1, Agile: 2, Debugging: 2, Asset Management: 2', 'soft': 'Inclusivity: 1, Creativity: 2, Situational Awareness: 2, Work-Life Balance: 2, Integrity: 1'}"
Regina,Small,14859551,Argentina,Android Mobile Developer,sr1,"{'hard': 'Retrofit: 3, RxJava: 1, XML: 3, LiveData: 1, Dependency Injection: 3, Android Jetpack: 1, Android NDK: 1, UI/UX Design: 1, Android SDK: 3, ProGuard: 1', 'soft': 'Client Management: 1, Process Improvement: 1, Global Awareness: 3, Emotional Resilience: 1, Personality Awareness: 1, Integrity: 3, Facilitation Skills: 1, Conflict Management: 1, Stress Resilience: 3, Negotiation Tactics: 3, Social Intelligence: 3, Innovation: 3'}"
Deborah,Escobar,99140274,Ecuador,Cybersecurity Engineer,sr1,"{'hard': 'Identity and Access Management (IAM): 3, Firewalls: 3, Incident Response: 1, Network Protocols: 3, Encryption Techniques: 1, Malware Analysis: 1, Vulnerability Assessment: 3, Intrusion Detection Systems (IDS): 3, Endpoint Protection: 1, Security Information and Event Management (SIEM): 1', 'soft': 'Authenticity: 1, Critical Thinking: 1, Civic Engagement: 3, Negotiation Tactics: 1, Stress Resilience: 1, Persuasion: 3, Relationship Building: 3, Time Awareness: 1, Creativity: 1, Conflict Resolution: 3, Work Ethic: 3, Situational Awareness: 1'}"
Melissa,Hall,95521697,Colombia,Data Engineer,ssr,"{'hard': 'Machine Learning Basics: 1, Data Visualization Tools (Tableau, Power BI): 1, Data Lakes: 1, Data Cataloging: 1, API Development: 1', 'soft': 'Networking: 2, Crisis Management: 2, Emotional Intelligence: 1, Time Management: 2, Influencing: 1'}"
Patricia,Goodwin,85995210,Mexico,Test Automation Engineer,sr3,"{'hard': 'Version Control (Git): 5, Cloud Testing: 2, Continuous Testing: 5, Appium: 2, Selenium: 2, Reporting Tools: 2, Version Control: 2, Data-Driven Testing: 5, Debugging: 2, Test Environment Setup: 5, Defect Tracking: 2, JUnit: 5, Behavior-Driven Development (BDD): 2, Security Testing: 5', 'soft': 'Work-Life Balance: 5, Innovation: 2, Coaching: 5, Change Facilitation: 5, Inclusivity: 5, Self-Motivation: 5, Cognitive Flexibility: 2, Learning Agility: 2, Resourcefulness: 2, Persuasion: 2, Client Management: 2, Integrity: 2, Workplace Culture Awareness: 5, Team Building: 2, Emotional Resilience: 5'}"
Deanna,Clark,37869882,Paraguay,Test Automation Engineer,jr,"{'hard': 'Selenium: 1, Python: 1, Automation Strategy: 1, Data-Driven Testing: 1, Debugging: 1', 'soft': 'Networking Skills: 1, Time Awareness: 1, Interpersonal Communication: 1, Public Relations: 1, Cultural Competence: 1'}"
Erik,Stanley,75290423,Paraguay,Web UI Developer,jr,"{'hard': 'Performance Optimization: 1, Typography: 1, Responsive Design: 1, Design Systems: 1, Content Management Systems (CMS): 1', 'soft': 'Inclusivity: 1, Feedback Delivery: 1, Presentation Skills: 1, Problem Solving: 1, Entrepreneurial Mindset: 1'}"
Ashley,Townsend,50279451,Venezuela,DevOps Engineer,ssr,"{'hard': 'Disaster Recovery: 1, Testing Automation: 1, Agile: 1, Server Management: 2, Custom Scripts: 2', 'soft': 'Persuasion: 1, Adaptability to Change: 2, Self-Discipline: 2, Conflict Resolution: 1, Resourcefulness: 2'}"
Michael,Archer,31073435,Peru,iOS Mobile Developer,jr,"{'hard': 'Design Patterns: 1, Objective-C: 1, SiriKit: 1, In-App Purchases: 1, Swift: 1', 'soft': 'Client Management: 1, Service Orientation: 1, Time Awareness: 1, Feedback Acceptance: 1, Persuasion: 1'}"
Amy,Chambers,66345936,Argentina,Salesforce Developer,jr,"{'hard': 'Service Cloud: 1, Community Cloud: 1, Visualforce: 1, Change Sets: 1, Integration with Third-party Services: 1', 'soft': 'Influencing: 1, Decision Making: 1, Intellectual Curiosity: 1, Trust Building: 1, Intuition: 1'}"
Jason,Harrell,24155075,Bolivia,C++ Developer,sr3,"{'hard': 'OpenGL: 5, Code Review: 5, Linux Development: 2, Networking: 5, Graphics Programming: 2, Compiler Optimization: 5, Cross-Platform Development: 2, Game Development: 2, Unit Testing: 2, Standard Template Library (STL): 2, OOP: 5, Qt Framework: 5, Templates: 5, File I/O: 2', 'soft': 'Scientific Thinking: 2, Leadership: 5, Humility: 2, Responsibility: 5, Task Prioritization: 2, Trustworthiness: 5, Self-Discipline: 2, Social Skills: 2, Civic Engagement: 2, Mentoring Skills: 5, Learning Agility: 5, Integrity: 2, Collaboration: 5, Change Management: 5, Work-Life Balance: 2'}"
Paige,Cruz,96164268,Peru,DevOps Engineer,sr1,"{'hard': 'Networking: 1, Release Management: 3, Configuration Management: 1, Custom Scripts: 3, Infrastructure as Code (IaC): 3, Change Management: 1, Performance Tuning: 3, API Management: 3, User Access Control: 1, Incident Management: 1', 'soft': 'Cognitive Flexibility: 3, Delegation: 3, Task Prioritization: 1, Visionary Leadership: 3, Leadership: 3, Teamwork: 3, Motivation: 3, Positivity: 1, Civic Engagement: 3, Virtual Collaboration: 1, Resourcefulness: 3, Visionary Thinking: 3'}"
Elizabeth,Fisher,90088584,Argentina,Ruby Developer,sr2,"{'hard': 'Error Handling: 1, Security Best Practices: 1, Git: 1, Ruby: 4, JavaScript: 4, Data Structures: 4, HTML: 4, Front-end Frameworks: 1, Gem Management: 1, User Authentication: 4', 'soft': 'Open-mindedness: 4, Networking: 4, Resourcefulness: 1, Communication: 1, Social Skills: 1, Trust Building: 4, Trustworthiness: 4, Global Awareness: 4, Public Relations: 1, Time Awareness: 4, Persuasion: 4, Learning Agility: 4'}"
David,Wallace,79661069,Mexico,Flutter Developer,sr2,"{'hard': 'Material Design: 1, Internationalization: 4, Testing: 4, Dart: 1, Debugging: 1, Platform Channels: 4, Animations: 1, Localization: 1, Agile: 1, Code Refactoring: 4', 'soft': 'Customer Service: 1, Authenticity: 1, Mentoring Skills: 1, Motivation: 4, Visionary Leadership: 4, Communication: 1, Strategic Communication: 4, Scientific Thinking: 1, Learning Agility: 1, Workplace Culture Awareness: 4, Resource Allocation: 1, Change Management: 4'}"
Wendy,Johnson,20432483,Paraguay,DevOps Engineer,jr,"{'hard': 'Microservices Architecture: 1, Security Best Practices: 1, Backup Strategies: 1, Testing Automation: 1, Continuous Integration/Continuous Deployment (CI/CD): 1', 'soft': 'Quality Assurance: 1, Goal Setting: 1, Ethical Judgment: 1, Social Intelligence: 1, Active Listening: 1'}"
Beverly,Parsons,49762755,Uruguay,.Net Developer,sr3,"{'hard': 'Web Services: 5, Performance Optimization: 2, REST APIs: 2, Design Patterns: 5, TDD: 5, Dependency Injection: 2, ASP.NET: 2, DevOps: 2, .NET Core: 2, Agile: 5, C#: 2, Application Lifecycle Management: 5, Unit Testing: 2, LINQ: 2', 'soft': 'Professionalism: 2, Motivational Skills: 5, Visionary Thinking: 2, Adaptability: 5, Networking: 2, Client Management: 5, Empathy: 5, Persuasion: 2, Work-Life Balance: 5, Feedback Delivery: 5, Intellectual Curiosity: 5, Feedback Acceptance: 5, Stress Resilience: 5, Authenticity: 5, Team Building: 2'}"
Cassandra,Smith,95578285,Mexico,.Net Developer,sr3,"{'hard': 'Agile: 5, Visual Studio: 2, Design Patterns: 2, HTML/CSS: 5, Data Structures: 5, Unit Testing: 2, Containerization: 5, .NET Framework: 2, C#: 2, JavaScript: 5, Application Lifecycle Management: 5, Performance Optimization: 5, SQL Server: 5, TDD: 2', 'soft': 'Cultural Awareness: 2, Leadership: 5, Empathy: 2, Self-Confidence: 5, Stress Resilience: 5, Personality Awareness: 5, Self-Discipline: 2, Responsibility: 5, Persuasion: 2, Task Prioritization: 2, Public Speaking: 2, Performance Management: 5, Inclusivity: 2, Delegation: 5, Quality Assurance: 2'}"
Julia,Harvey,75080480,Colombia,Salesforce Developer,sr1,"{'hard': 'Visualforce: 3, Process Builder: 1, Salesforce DX: 3, Data Migration: 3, Integration with Third-party Services: 3, Community Cloud: 1, Salesforce Apex: 1, Workflows: 1, Data Structures: 1, Data Modeling: 3', 'soft': 'Team Building: 1, Work-Life Balance: 3, Delegation: 1, Integrity: 3, Situational Awareness: 1, Civic Engagement: 1, Quality Assurance: 1, Change Management: 1, Intellectual Curiosity: 1, Influencing: 1, Open-mindedness: 1, Stress Management: 1'}"
Michael,Peterson,17726410,Uruguay,Java Developer,jr,"{'hard': 'Thread Management: 1, Logging Frameworks: 1, JUnit: 1, Java: 1, API Development: 1', 'soft': 'Critical Thinking: 1, Strategic Thinking: 1, Authenticity: 1, Adaptability: 1, Self-Regulation: 1'}"
John,Henderson,17898771,Ecuador,Data Engineer,sr3,"{'hard': 'Data Architecture: 2, Metadata Management: 5, Business Intelligence: 2, Data Pipeline Development: 2, API Development: 5, Agile: 5, Apache Kafka: 5, Data Transformation: 2, SQL: 5, Python: 5, Testing and Validation: 2, Big Data Technologies: 5, Version Control (Git): 2, Data Security: 2', 'soft': 'Strategic Thinking: 5, Mentoring: 5, Entrepreneurial Mindset: 5, Mentoring Skills: 2, Attention to Detail: 5, Risk Management: 2, Scientific Thinking: 2, Interpersonal Communication: 2, Performance Management: 5, Visionary Leadership: 2, Situational Awareness: 2, Virtual Collaboration: 2, Empathy: 2, Visionary Thinking: 2, Time Management: 5'}"
Laura,Santiago,49944158,Colombia,Sharepoint Developer,sr1,"{'hard': 'SharePoint Designer: 3, Document Libraries: 3, Content Management: 1, Database Design: 3, Git: 1, Business Intelligence: 3, Information Architecture: 3, CSS: 1, SharePoint Framework (SPFx): 1, Debugging: 1', 'soft': 'Problem Solving: 3, Cultural Awareness: 1, Motivation: 1, Attention to Detail: 1, Mentoring Skills: 3, Decision Making: 3, Situational Awareness: 3, Visionary Leadership: 3, Workplace Culture Awareness: 3, Self-Motivation: 1, Crisis Management: 1, Initiative: 3'}"
Robert,Dawson,67237447,Mexico,Game Developer,jr,"{'hard': 'Agile: 1, Cross-platform Development: 1, Game Monetization: 1, Multiplayer Networking: 1, User Interface Design: 1', 'soft': 'Global Awareness: 1, Problem Solving: 1, Professionalism: 1, Visionary Thinking: 1, Critical Observation: 1'}"
Thomas,Rios,64941250,Mexico,iOS Mobile Developer,jr,"{'hard': 'iCloud: 1, Core Location: 1, Network Connectivity: 1, Third-party Libraries: 1, Core Animation: 1', 'soft': 'Critical Thinking: 1, Open-mindedness: 1, Humility: 1, Decision Making: 1, Cognitive Flexibility: 1'}"
Thomas,Scott,69894159,Ecuador,C++ Developer,sr1,"{'hard': 'Debugging: 3, Automated Testing: 3, Game Development: 3, File I/O: 3, Cross-Platform Development: 3, Unit Testing: 3, Memory Management: 1, DirectX: 3, Multithreading: 3, Profiling: 3', 'soft': 'Trust Building: 1, Creativity: 3, Research Skills: 3, Time Management: 3, Resourcefulness: 3, Client Management: 3, Facilitation Skills: 1, Quality Assurance: 3, Writing Skills: 1, Feedback Acceptance: 3, Adaptability: 3, Change Facilitation: 3'}"
Chelsey,Perez,57603692,Venezuela,Test Automation Engineer,sr1,"{'hard': 'Version Control: 1, Appium: 3, Cross-Browser Testing: 1, Java: 3, JUnit: 3, Framework Development: 1, Test Environment Setup: 1, Cypress: 3, Integration Testing: 3, Continuous Testing: 1', 'soft': 'Negotiation: 1, Visionary Leadership: 3, Crisis Communication: 3, Scientific Thinking: 3, Self-Confidence: 3, Cultural Awareness: 1, Initiative: 1, Persuasion: 1, Interpersonal Skills: 1, Data Interpretation: 3, Responsibility: 3, Social Skills: 3'}"
Kim,Conner,13256649,Bolivia,Java Developer,sr2,"{'hard': 'JUnit: 4, Unit Testing: 4, REST APIs: 4, Maven: 4, Microservices: 1, Docker: 1, Spring Boot: 1, Internationalization: 1, Kubernetes: 4, Algorithms: 1', 'soft': 'Change Facilitation: 1, Learning Agility: 4, Social Skills: 4, Integrity: 1, Adaptability: 4, Facilitation Skills: 4, Goal Setting: 1, Civic Engagement: 4, Strategic Thinking: 1, Problem Solving: 1, Writing Skills: 4, Crisis Management: 1'}"
Christina,Guerra,26969025,Chile,IOT Platform Engineer,jr,"{'hard': 'Big Data Technologies: 1, Lifecycle Management: 1, Security Best Practices: 1, User Authentication: 1, User Interface Design: 1', 'soft': 'Adaptability: 1, Influencing: 1, Networking Skills: 1, Global Awareness: 1, Professionalism: 1'}"
James,Allen,23173280,Chile,Salesforce Developer,sr2,"{'hard': 'Sales Cloud: 4, Agile: 4, User Interface Design: 1, Visualforce: 1, Process Builder: 4, REST APIs: 1, Lightning Web Components: 1, Data Migration: 4, Salesforce DX: 1, Salesforce CRM: 4', 'soft': 'Writing Skills: 4, Feedback Acceptance: 1, Teamwork: 1, Humility: 1, Critical Thinking: 1, Adaptability to Change: 4, Crisis Management: 1, Time Optimization: 1, Performance Management: 4, Creativity: 4, Problem Analysis: 4, Open-mindedness: 1'}"
William,Page,51671412,Chile,Cobol Developer,sr1,"{'hard': 'SoftTech: 1, Mainframe: 1, CICS: 3, Reporting: 1, Legacy Systems: 1, Debugging: 1, Documentation: 1, COBOL: 1, Software Maintenance: 1, IBM z/OS: 1', 'soft': 'Stress Resilience: 1, Scientific Thinking: 1, Visionary Leadership: 1, Delegation: 3, Influencing: 1, Crisis Communication: 1, Trustworthiness: 1, Situational Awareness: 1, Integrity: 3, Emotional Resilience: 3, Work Ethic: 3, Resilience: 1'}"
Brandon,Morgan,23941450,Venezuela,Flutter Developer,ssr,"{'hard': 'Asynchronous Programming: 2, Security Best Practices: 2, Error Handling: 2, Network Connectivity: 1, UI/UX Design: 2', 'soft': 'Leadership: 2, Mentoring: 1, Feedback Delivery: 1, Data Interpretation: 2, Adaptability: 2'}"
Daniel,Lopez,38139753,Colombia,Cobol Developer,ssr,"{'hard': 'CICS: 1, Agile: 1, File Handling: 1, Version Control (Git): 1, Performance Tuning: 2', 'soft': 'Intuition: 1, Professionalism: 1, Feedback Delivery: 2, Situational Awareness: 2, Interpersonal Skills: 1'}"
Jason,Stewart,48968003,Uruguay,RPA Developer,ssr,"{'hard': 'Robotic Process Automation Frameworks: 1, Java: 1, Data Manipulation: 1, Debugging: 1, Blue Prism: 1', 'soft': 'Time Management: 2, Creativity: 2, Feedback Delivery: 2, Trust Building: 2, Situational Awareness: 2'}"
Patricia,Wilson,61727139,Argentina,Web Mobile Developer,sr1,"{'hard': 'Flutter: 1, CSS: 3, UI/UX Design: 3, React Native: 3, Analytics Integration: 3, Service Workers: 3, State Management: 1, Authentication Mechanisms: 3, Agile: 1, Local Storage: 3', 'soft': 'Civic Responsibility: 3, Motivational Skills: 3, Creativity: 3, Stress Management: 1, Negotiation: 1, Change Facilitation: 3, Visionary Thinking: 1, Scientific Thinking: 1, Professionalism: 3, Diversity Awareness: 1, Quality Assurance: 3, Humility: 3'}"
Kevin,Thompson,24687061,Mexico,iOS Mobile Developer,sr2,"{'hard': 'iCloud: 1, Objective-C: 1, Auto Layout: 4, iOS SDK: 1, Swift: 1, Core Location: 1, Debugging: 4, In-App Purchases: 1, SwiftUI: 4, Multithreading: 4', 'soft': 'Change Facilitation: 4, Empathy: 1, Research Skills: 1, Problem Solving: 4, Adaptability: 4, Writing Skills: 4, Responsibility: 1, Resilience: 4, Stress Resilience: 1, Visionary Thinking: 1, Analytical Thinking: 1, Emotional Resilience: 1'}"
Jennifer,Lee,28276002,Chile,RPA Developer,ssr,"{'hard': 'Version Control: 2, Java: 1, Robotic Process Automation Frameworks: 1, Business Intelligence Tools: 2, Change Management: 1', 'soft': 'Self-Regulation: 1, Decision Making: 1, Active Listening: 2, Creativity: 2, Positivity: 1'}"
Maria,Collier,37753158,Colombia,Web Mobile Developer,sr3,"{'hard': 'Performance Optimization: 2, Progressive Web Apps (PWAs): 2, Git: 5, CSS: 5, Network Communication: 5, Service Workers: 2, Responsive Design: 5, Flutter: 2, Continuous Integration/Continuous Deployment (CI/CD): 2, Frontend Frameworks: 5, Cross-Browser Compatibility: 5, Third-party Libraries: 2, Accessibility Standards: 5, Analytics Integration: 2', 'soft': 'Stress Resilience: 5, Interpersonal Communication: 2, Collaboration: 2, Analytical Thinking: 5, Attention to Detail: 2, Crisis Communication: 2, Situational Awareness: 2, Initiative: 5, Problem Analysis: 5, Strategic Communication: 2, Motivational Skills: 2, Emotional Intelligence: 5, Conflict Management: 2, Empathy: 5, Change Facilitation: 2'}"
Marissa,Watts,30637788,Venezuela,DevOps Engineer,sr1,"{'hard': 'Azure: 3, Version Control (Git): 1, Application Performance Monitoring (APM): 3, Disaster Recovery: 1, API Management: 3, Agile: 1, Microservices Architecture: 3, Error Tracking: 1, Docker: 3, Load Balancing: 3', 'soft': 'Entrepreneurial Mindset: 1, Initiative: 1, Self-Discipline: 3, Feedback Acceptance: 1, Networking Skills: 3, Decision Making: 1, Creativity: 3, Relationship Building: 3, Conflict Resolution: 3, Responsibility: 3, Data Interpretation: 1, Diversity Awareness: 3'}"
Joshua,Davila,17839492,Mexico,.Net Developer,jr,"{'hard': 'DevOps: 1, Data Structures: 1, HTML/CSS: 1, LINQ: 1, Performance Optimization: 1', 'soft': 'Coaching: 1, Strategic Communication: 1, Task Prioritization: 1, Open-mindedness: 1, Feedback Delivery: 1'}"
Katherine,Riley,76056864,Paraguay,Test Automation Engineer,sr3,"{'hard': 'JUnit: 2, Java: 5, Test Environment Setup: 2, Security Testing: 2, Integration Testing: 5, Behavior-Driven Development (BDD): 2, Framework Development: 2, Agile: 2, Reporting Tools: 5, Version Control: 5, TestNG: 5, Scripting: 2, Defect Tracking: 5, Regression Testing: 2', 'soft': 'Resourcefulness: 2, Situational Awareness: 2, Active Listening: 2, Visionary Leadership: 5, Creativity: 5, Networking: 5, Time Optimization: 2, Attention to Detail: 5, Service Orientation: 2, Diversity Awareness: 5, Self-Confidence: 2, Time Awareness: 5, Change Management: 2, Technology Savvy: 5, Integrity: 2'}"
Blake,Sawyer,31981327,Colombia,iOS Mobile Developer,ssr,"{'hard': 'Debugging: 1, Core Data: 2, Git: 1, Auto Layout: 1, Design Patterns: 1', 'soft': 'Facilitation Skills: 1, Collaboration: 1, Motivational Skills: 2, Feedback Delivery: 2, Creativity: 2'}"
Marissa,Garcia,78304714,Venezuela,PHP Developer,ssr,"{'hard': 'Data Structures: 1, Object-Oriented Programming: 1, PHP: 2, Web Services: 1, Composer: 1', 'soft': 'Delegation: 2, Risk Management: 2, Negotiation Tactics: 1, Self-Motivation: 1, Cultural Competence: 2'}"
Scott,Bryant,80449051,Bolivia,Cloud Engineer,sr3,"{'hard': 'AWS: 2, Version Control (Git): 2, CI/CD: 2, Resource Allocation: 5, Disaster Recovery Planning: 2, Backup and Recovery: 2, Automation Tools: 2, Database Management: 5, Infrastructure as Code (IaC): 2, Virtualization: 2, Monitoring and Logging: 5, Agile: 2, Kubernetes: 2, Performance Tuning: 5', 'soft': 'Task Prioritization: 5, Critical Thinking: 5, Adaptability to Change: 2, Quality Assurance: 5, Stress Resilience: 2, Virtual Collaboration: 5, Attention to Detail: 2, Feedback Delivery: 5, Workplace Culture Awareness: 5, Civic Engagement: 2, Problem Solving: 5, Intellectual Curiosity: 5, Cultural Competence: 5, Diversity Awareness: 5, Stress Management: 5'}"
Julie,Wood,13266392,Peru,.Net Developer,sr2,"{'hard': 'SignalR: 1, Cloud Services (Azure): 4, Data Structures: 1, WCF: 1, Entity Framework Core: 1, HTML/CSS: 1, JavaScript: 4, Entity Framework: 4, Containerization: 4, Microservices: 1', 'soft': 'Service Orientation: 4, Negotiation: 1, Emotional Intelligence: 1, Resilience: 1, Creativity: 4, Self-Motivation: 1, Technology Savvy: 1, Facilitation Skills: 1, Intuition: 4, Creativity: 1, Stress Management: 4, Adaptability: 4'}"
Wayne,Mitchell,35827593,Argentina,IOT Platform Engineer,sr1,"{'hard': 'Cloud Platforms (AWS IoT, Azure IoT): 1, Data Analytics: 1, Device Management: 3, Interoperability Standards: 3, User Interface Design: 1, Testing and Validation: 3, Remote Device Monitoring: 1, Analytics Integration: 3, Version Control: 1, Agile: 3', 'soft': 'Quality Assurance: 3, Resourcefulness: 1, Diversity Awareness: 3, Motivational Skills: 1, Adaptability: 3, Self-Regulation: 1, Problem Analysis: 1, Time Optimization: 1, Social Skills: 3, Presentation Skills: 3, Change Facilitation: 3, Integrity: 1'}"
Chad,Smith,28151016,Chile,Android Mobile Developer,ssr,"{'hard': 'SQLite: 1, Dagger: 2, Material Design: 1, MVP: 1, Flutter: 2', 'soft': 'Research Skills: 2, Change Facilitation: 2, Crisis Management: 1, Trust Building: 1, Creativity: 1'}"
Meghan,Shelton,65900999,Bolivia,Flutter Developer,sr3,"{'hard': 'State Management: 2, Debugging: 2, Network Connectivity: 5, Flutter: 5, Continuous Integration: 5, Version Control (Git): 2, Performance Optimization: 2, Third-party Libraries: 5, Platform Channels: 5, Accessibility Features: 5, Responsive Design: 2, UI/UX Design: 2, Testing: 5, Error Handling: 5', 'soft': 'Performance Management: 5, Professionalism: 2, Adaptability: 5, Personality Awareness: 2, Stress Resilience: 5, Interpersonal Communication: 5, Goal Setting: 2, Positivity: 5, Civic Engagement: 2, Persuasion: 2, Scientific Thinking: 2, Data Interpretation: 2, Visionary Thinking: 5, Interpersonal Skills: 5, Communication: 5'}"
Julie,Gallagher,45866552,Ecuador,IOT Platform Engineer,sr1,"{'hard': 'Network Security: 1, Agile: 3, Scripting (Python, JavaScript): 3, Microservices Architecture: 3, Firmware Development: 1, Cloud Computing: 1, Cloud Platforms (AWS IoT, Azure IoT): 3, Database Management: 3, Deployment Techniques: 3, Analytics Integration: 1', 'soft': 'Process Improvement: 1, Authenticity: 3, Work-Life Balance: 1, Motivational Skills: 1, Civic Responsibility: 3, Global Awareness: 1, Initiative: 1, Adaptability: 1, Emotional Intelligence: 1, Time Optimization: 1, Problem Solving: 3, Problem Analysis: 1'}"
Mariah,White,93224345,Bolivia,iOS Mobile Developer,sr1,"{'hard': 'Auto Layout: 3, Push Notifications: 1, Third-party Libraries: 1, User Interface Design: 1, Core Data: 3, RESTful APIs: 1, User Experience (UX): 1, Debugging: 3, App Store Submission: 1, Design Patterns: 3', 'soft': 'Emotional Intelligence: 1, Goal Setting: 3, Interpersonal Skills: 1, Mentoring Skills: 3, Self-Regulation: 1, Virtual Collaboration: 1, Conflict Management: 1, Interpersonal Communication: 3, Professionalism: 3, Self-Discipline: 1, Resourcefulness: 1, Adaptability to Change: 1'}"
Travis,Freeman,78454231,Mexico,Cloud Engineer,jr,"{'hard': 'Networking: 1, API Management: 1, Resource Allocation: 1, Version Control (Git): 1, Infrastructure as Code (IaC): 1', 'soft': 'Collaboration: 1, Scientific Thinking: 1, Quality Assurance: 1, Feedback Acceptance: 1, Presentation Skills: 1'}"
Jennifer,Smith,19460083,Colombia,Cybersecurity Engineer,sr1,"{'hard': 'Network Protocols: 3, Mobile Security: 3, Threat Modeling: 3, Incident Management: 1, Incident Response: 3, Firewalls: 3, Vulnerability Assessment: 3, Data Protection: 1, Compliance Standards (ISO, NIST): 1, Risk Assessment: 1', 'soft': 'Teamwork: 3, Active Listening: 3, Relationship Building: 1, Time Optimization: 3, Civic Responsibility: 1, Visionary Thinking: 1, Mentoring: 1, Change Facilitation: 1, Feedback Delivery: 3, Analytical Thinking: 1, Negotiation Tactics: 1, Intellectual Curiosity: 1'}"
Michael,Sharp,67668220,Argentina,Data Engineer,sr2,"{'hard': 'Apache Kafka: 4, Python: 1, Data Security: 4, Data Architecture: 4, Testing and Validation: 4, Data Lakes: 4, Data Visualization Tools (Tableau, Power BI): 4, Data Pipeline Development: 1, Performance Tuning: 1, Data Governance: 1', 'soft': 'Problem Solving: 4, Personality Awareness: 1, Change Facilitation: 1, Writing Skills: 4, Global Awareness: 1, Diversity Awareness: 4, Interpersonal Communication: 1, Strategic Communication: 4, Workplace Culture Awareness: 4, Risk Management: 4, Visionary Thinking: 1, Facilitation Skills: 4'}"
Alison,Burns,54710956,Argentina,RPA Developer,ssr,"{'hard': 'User Training: 2, Robotic Process Automation Frameworks: 1, Task Automation: 1, Data Manipulation: 1, Security Best Practices: 2', 'soft': 'Adaptability to Change: 2, Stress Management: 1, Networking Skills: 1, Authenticity: 1, Quality Assurance: 1'}"
Rebecca,James,17500052,Mexico,.Net Developer,sr1,"{'hard': 'DevOps: 1, REST APIs: 3, SignalR: 1, Web API: 1, TDD: 1, Application Lifecycle Management: 1, JavaScript: 1, ASP.NET: 3, C#: 1, LINQ: 3', 'soft': 'Trustworthiness: 3, Influencing: 1, Team Building: 1, Flexibility: 3, Learning Agility: 1, Persuasion: 3, Inclusivity: 3, Self-Regulation: 1, Crisis Communication: 3, Time Management: 3, Work Ethic: 1, Innovation: 3'}"
Kevin,Parks,44127161,Peru,.Net Developer,ssr,"{'hard': 'HTML/CSS: 1, Design Patterns: 2, Security Best Practices: 1, DevOps: 2, Application Lifecycle Management: 1', 'soft': 'Diversity Awareness: 1, Stress Resilience: 2, Analytical Thinking: 1, Humility: 1, Workplace Culture Awareness: 2'}"
Robyn,Smith,12674706,Argentina,Python Developer,sr3,"{'hard': 'Web Scraping: 2, Spark: 2, Django: 2, Data Mining: 5, Natural Language Processing (NLP): 5, REST APIs: 5, Pytorch: 5, Jupyter Notebooks: 2, SQL: 2, Flask: 5, Data Analysis: 5, Data Quality Assessment: 5, Agile: 5, Data Structures: 2', 'soft': 'Crisis Management: 2, Public Relations: 2, Entrepreneurial Mindset: 5, Persuasion: 5, Innovation: 2, Data Interpretation: 5, Cultural Competence: 2, Self-Regulation: 2, Motivation: 5, Professionalism: 2, Trust Building: 5, Emotional Resilience: 2, Writing Skills: 5, Adaptability to Change: 2, Active Listening: 5'}"
Melissa,Weaver,25322069,Paraguay,Cybersecurity Engineer,sr2,"{'hard': 'Intrusion Detection Systems (IDS): 4, Malware Analysis: 4, Security Frameworks (CIS, OWASP): 4, Agile: 4, Encryption Techniques: 4, Application Security: 4, Endpoint Protection: 4, Incident Management: 4, Penetration Testing: 4, DevSecOps: 1', 'soft': 'Negotiation: 4, Creativity: 1, Inclusivity: 1, Professionalism: 1, Decision Making: 4, Stress Resilience: 4, Mentoring Skills: 1, Networking Skills: 1, Intuition: 4, Personality Awareness: 4, Trustworthiness: 1, Self-Confidence: 4'}"
Travis,Woods,95764858,Chile,.Net Developer,sr3,"{'hard': 'SignalR: 2, Agile: 5, C#: 5, .NET Core: 5, .NET Framework: 2, Web API: 2, LINQ: 5, Web Services: 2, TDD: 2, Microservices: 5, Application Lifecycle Management: 5, Design Patterns: 2, Security Best Practices: 5, Unit Testing: 2', 'soft': 'Positivity: 2, Critical Observation: 2, Problem Analysis: 2, Team Building: 2, Ethical Judgment: 5, Motivation: 2, Crisis Communication: 2, Responsibility: 2, Humility: 2, Strategic Thinking: 2, Mentoring Skills: 5, Task Prioritization: 2, Facilitation Skills: 2, Social Intelligence: 2, Critical Thinking: 5'}"
Parker,Huynh,92680692,Ecuador,Cobol Developer,sr3,"{'hard': 'Agile: 5, Data Warehousing: 2, Business Logic: 5, Client Interaction: 5, JCL: 5, COBOL: 2, CICS: 5, SQL: 5, Micro Focus: 5, Performance Tuning: 5, Data Mapping: 5, Data Processing: 2, Unit Testing: 2, Version Control (Git): 5', 'soft': 'Conflict Resolution: 2, Positivity: 2, Self-Regulation: 5, Adaptability: 2, Problem Analysis: 2, Task Prioritization: 5, Trustworthiness: 5, Relationship Building: 2, Time Management: 2, Social Skills: 5, Critical Observation: 2, Creativity: 5, Responsibility: 2, Motivational Skills: 5, Mentoring Skills: 2'}"
Yvonne,Cowan,82991177,Bolivia,Ruby Developer,sr3,"{'hard': 'Ruby on Rails: 2, User Authentication: 5, Gem Management: 5, Ruby: 2, Version Control: 2, Task Scheduling: 2, JavaScript: 2, Error Handling: 2, Active Record: 5, HTML: 5, Security Best Practices: 2, Caching Techniques: 2, Database Design: 2, Data Structures: 5', 'soft': 'Global Awareness: 2, Mentoring: 2, Emotional Intelligence: 2, Technology Savvy: 5, Self-Discipline: 2, Crisis Management: 5, Initiative: 2, Public Relations: 2, Process Improvement: 2, Problem Solving: 2, Writing Skills: 5, Cognitive Flexibility: 2, Facilitation Skills: 5, Strategic Thinking: 2, Critical Thinking: 5'}"
Darrell,Wheeler,44333603,Mexico,iOS Mobile Developer,jr,"{'hard': 'Network Connectivity: 1, Core Location: 1, Debugging: 1, Xcode: 1, Performance Optimization: 1', 'soft': 'Performance Management: 1, Integrity: 1, Influencing: 1, Visionary Thinking: 1, Entrepreneurial Mindset: 1'}"
Heather,York,36877056,Uruguay,C++ Developer,ssr,"{'hard': 'Boost Library: 1, Code Review: 1, DirectX: 1, Concurrency: 1, Data Structures: 2', 'soft': 'Analytical Thinking: 2, Positivity: 1, Visionary Leadership: 1, Scientific Thinking: 1, Problem Solving: 1'}"
Melissa,Monroe,71136001,Argentina,Web UI Developer,jr,"{'hard': 'Testing Frameworks (Jest, Mocha): 1, Angular: 1, Agile: 1, SEO Best Practices: 1, Color Theory: 1', 'soft': 'Networking Skills: 1, Team Building: 1, Self-Discipline: 1, Social Skills: 1, Strategic Thinking: 1'}"
Joseph,Shepherd,89041424,Argentina,Cobol Developer,jr,"{'hard': 'Debugging: 1, Data Warehousing: 1, Micro Focus: 1, COBOL: 1, Data Processing: 1', 'soft': 'Emotional Resilience: 1, Public Speaking: 1, Humility: 1, Resourcefulness: 1, Open-mindedness: 1'}"
Christopher,Gonzalez,12071416,Bolivia,NodeJs Developer,sr3,"{'hard': 'Version Control: 2, Security Best Practices: 5, Chai: 5, JavaScript: 2, JWT: 2, Data Structures: 2, Logging Frameworks: 5, Git: 2, Express.js: 5, Unit Testing: 5, Error Handling: 2, GraphQL: 2, Redis: 2, Asynchronous Programming: 5', 'soft': 'Creativity: 5, Entrepreneurial Mindset: 2, Team Building: 2, Self-Motivation: 2, Performance Management: 2, Emotional Intelligence: 5, Conflict Management: 2, Intuition: 2, Civic Responsibility: 2, Authenticity: 2, Inclusivity: 2, Influencing: 2, Time Management: 5, Resource Allocation: 2, Global Awareness: 2'}"
George,Brown,65452646,Paraguay,Java Developer,sr2,"{'hard': 'Thread Management: 1, REST APIs: 4, Design Patterns: 1, Data Access Layer: 4, JPA: 1, Docker: 4, Microservices: 1, SOAP: 4, JSON: 4, Hibernate: 4', 'soft': 'Civic Responsibility: 4, Change Management: 4, Resilience: 1, Time Management: 4, Quality Assurance: 1, Service Orientation: 4, Cognitive Flexibility: 1, Emotional Intelligence: 1, Active Listening: 4, Integrity: 1, Collaboration: 1, Leadership: 1'}"
John,Williams,26286141,Paraguay,IOT Platform Engineer,sr1,"{'hard': 'Sensor Technologies: 3, User Authentication: 3, Testing and Validation: 3, API Development: 1, Device Connectivity: 3, Data Visualization: 1, Data Analytics: 3, Telemetry: 1, Agile: 3, Embedded Systems: 3', 'soft': 'Change Facilitation: 3, Stress Resilience: 3, Influencing: 3, Positivity: 1, Inclusivity: 1, Problem Analysis: 3, Self-Regulation: 3, Trustworthiness: 3, Adaptability to Change: 1, Innovation: 3, Learning Agility: 3, Facilitation Skills: 3'}"
Julia,Hall,96295277,Bolivia,Python Developer,sr3,"{'hard': 'Data Structures: 5, Security Best Practices: 2, Data Mining: 5, Selenium: 2, Data Visualization: 2, Machine Learning: 5, APIs: 2, Data Engineering: 2, Matplotlib: 5, Python: 5, Docker: 5, Cloud Services: 5, TensorFlow: 2, Flask: 5', 'soft': 'Crisis Communication: 2, Global Awareness: 5, Creativity: 2, Civic Responsibility: 2, Scientific Thinking: 2, Motivation: 2, Self-Motivation: 2, Ethical Judgment: 5, Personality Awareness: 5, Networking Skills: 5, Writing Skills: 5, Resourcefulness: 2, Negotiation: 2, Workplace Culture Awareness: 5, Goal Setting: 5'}"
Andrew,Davis,40073261,Paraguay,Cloud Engineer,sr1,"{'hard': 'Disaster Recovery Planning: 1, Performance Tuning: 3, DevOps: 1, Configuration Management: 3, AWS: 1, Infrastructure as Code (IaC): 1, Azure: 1, Service Mesh: 3, Networking: 1, Cloud Security: 1', 'soft': 'Social Intelligence: 3, Decision Making: 3, Intellectual Curiosity: 3, Writing Skills: 1, Active Listening: 1, Integrity: 3, Conflict Resolution: 3, Self-Motivation: 1, Creativity: 3, Feedback Acceptance: 1, Crisis Communication: 3, Stress Management: 1'}"
Shawn,Mitchell,99370219,Ecuador,SQL Developer,sr2,"{'hard': 'SQL: 1, Data Governance: 1, Oracle Database: 1, T-SQL: 4, SQL Server: 4, Integration with Third-party Tools: 4, Query Optimization: 1, Security Best Practices: 4, Debugging: 1, Performance Tuning: 4', 'soft': 'Public Speaking: 1, Client Management: 4, Self-Regulation: 4, Stress Resilience: 4, Scientific Thinking: 4, Data Interpretation: 1, Creativity: 4, Negotiation: 1, Writing Skills: 4, Persuasion: 1, Learning Agility: 4, Teamwork: 4'}"
Robert,Turner,87706115,Paraguay,.Net Developer,ssr,"{'hard': 'HTML/CSS: 1, ASP.NET: 2, JavaScript: 1, Data Structures: 1, Code Review: 1', 'soft': 'Cultural Competence: 2, Innovation: 1, Social Intelligence: 1, Social Skills: 1, Conflict Resolution: 2'}"
Angela,Gomez,80634716,Chile,Cobol Developer,sr3,"{'hard': 'Documentation: 2, VSAM: 2, Performance Tuning: 2, Data Structures: 2, Client Interaction: 2, File Handling: 2, System Analysis: 2, CICS: 2, Data Processing: 2, Debugging: 2, Application Development: 2, IBM z/OS: 2, DB2: 2, Legacy Systems: 5', 'soft': 'Time Management: 2, Visionary Thinking: 2, Decision Making: 5, Professionalism: 5, Communication: 2, Feedback Delivery: 2, Stress Management: 5, Resilience: 5, Crisis Communication: 2, Teamwork: 5, Public Speaking: 2, Negotiation: 2, Quality Assurance: 5, Strategic Communication: 5, Change Management: 2'}"
Eric,Benson,71185734,Venezuela,SQL Developer,ssr,"{'hard': 'Data Quality Management: 1, Database Administration: 1, PostgreSQL: 2, SQL Server: 1, Indexing: 2', 'soft': 'Critical Observation: 1, Adaptability to Change: 1, Crisis Management: 2, Civic Responsibility: 2, Trust Building: 2'}"
Michael,King,39592572,Chile,RPA Developer,sr1,"{'hard': 'Business Process Mapping: 3, Robotic Process Automation Frameworks: 1, Agile: 3, Continuous Improvement: 3, Change Management: 3, Process Analysis: 3, Excel VBA: 1, Data Manipulation: 1, Client Interaction: 1, Version Control: 3', 'soft': 'Strategic Communication: 1, Conflict Management: 1, Teamwork: 3, Motivation: 1, Active Listening: 3, Conflict Resolution: 3, Critical Observation: 1, Customer Service: 1, Diversity Awareness: 1, Influencing: 3, Social Skills: 1, Integrity: 1'}"
Tonya,Taylor,23114755,Argentina,Cloud Engineer,sr3,"{'hard': 'Backup and Recovery: 2, Monitoring and Logging: 2, Azure: 2, Load Balancing: 5, Infrastructure as Code (IaC): 5, Resource Allocation: 5, Security Best Practices: 2, Docker: 5, Database Management: 5, Version Control (Git): 5, Kubernetes: 2, Cloud Security: 5, Event-Driven Architecture: 5, API Management: 2', 'soft': 'Visionary Leadership: 2, Public Relations: 5, Attention to Detail: 5, Critical Thinking: 2, Visionary Thinking: 5, Responsibility: 2, Civic Engagement: 2, Work Ethic: 2, Entrepreneurial Mindset: 2, Presentation Skills: 2, Self-Discipline: 2, Data Interpretation: 2, Social Skills: 5, Analytical Thinking: 2, Open-mindedness: 2'}"
Walter,Miller,38186077,Mexico,Sharepoint Developer,jr,"{'hard': 'Testing Automation: 1, SharePoint Framework (SPFx): 1, Information Architecture: 1, REST APIs: 1, Agile: 1', 'soft': 'Client Management: 1, Trustworthiness: 1, Quality Assurance: 1, Change Management: 1, Learning Agility: 1'}"
Gregory,Friedman,96382715,Chile,IOT Platform Engineer,sr1,"{'hard': 'User Interface Design: 1, Testing and Validation: 1, User Authentication: 3, Big Data Technologies: 1, Database Management: 1, Agile: 3, Cloud Computing: 3, Telemetry: 3, Sensor Technologies: 3, Lifecycle Management: 3', 'soft': 'Situational Awareness: 3, Interpersonal Skills: 1, Time Management: 1, Self-Confidence: 1, Intellectual Curiosity: 3, Entrepreneurial Mindset: 3, Time Awareness: 3, Stress Resilience: 1, Positivity: 1, Resilience: 1, Task Prioritization: 1, Scientific Thinking: 3'}"
Clarence,Mcgee,53302170,Paraguay,DevOps Engineer,sr1,"{'hard': 'Azure: 1, Version Control (Git): 3, API Management: 3, Site Reliability Engineering (SRE): 1, User Access Control: 1, Collaboration Tools: 1, Agile: 3, Automation Tools: 1, Release Management: 1, Monitoring and Logging: 3', 'soft': 'Mentoring: 3, Professionalism: 1, Relationship Building: 1, Persuasion: 3, Stress Management: 1, Trust Building: 1, Writing Skills: 3, Critical Thinking: 1, Team Building: 1, Critical Observation: 1, Quality Assurance: 1, Communication: 1'}"
James,Rosales,18152259,Mexico,Flutter Developer,sr2,"{'hard': 'Native Modules: 1, State Management: 4, Security Best Practices: 1, Continuous Integration: 4, Code Refactoring: 4, Versioning: 4, Third-party Libraries: 4, Localization: 1, Dart: 4, UI/UX Design: 4', 'soft': 'Creativity: 4, Time Optimization: 1, Collaboration: 4, Attention to Detail: 1, Strategic Thinking: 1, Professionalism: 1, Innovation: 4, Learning Agility: 1, Cognitive Flexibility: 1, Resourcefulness: 1, Writing Skills: 1, Mentoring: 1'}"
Kelly,Nguyen,49717403,Paraguay,Web UI Developer,sr1,"{'hard': 'Version Control: 1, User Interaction Design: 3, SEO Best Practices: 1, REST APIs: 1, Angular: 3, Agile: 3, Animations: 1, JavaScript: 3, React: 1, Microinteractions: 1', 'soft': 'Motivational Skills: 1, Time Awareness: 1, Interpersonal Communication: 3, Data Interpretation: 1, Research Skills: 1, Process Improvement: 3, Technology Savvy: 1, Analytical Thinking: 3, Influencing: 3, Trust Building: 1, Emotional Intelligence: 1, Client Management: 3'}"
Susan,Frank,32730602,Colombia,Web UI Developer,ssr,"{'hard': 'Content Management Systems (CMS): 1, REST APIs: 1, Color Theory: 1, Accessibility Standards: 1, Cross-Browser Compatibility: 1', 'soft': 'Innovation: 1, Work-Life Balance: 2, Situational Awareness: 2, Process Improvement: 1, Resource Allocation: 2'}"
Thomas,Hernandez,82384660,Colombia,Ruby Developer,sr1,"{'hard': 'Data Migration: 1, API Development: 1, Integration with Third-party APIs: 1, SQL: 3, Debugging: 3, Object-Oriented Programming: 1, Testing Frameworks (RSpec): 1, Web Services: 1, Responsive Design: 3, Middleware: 3', 'soft': 'Global Awareness: 3, Civic Responsibility: 1, Feedback Delivery: 3, Public Relations: 1, Integrity: 3, Interpersonal Skills: 1, Workplace Culture Awareness: 1, Cultural Competence: 3, Strategic Thinking: 3, Self-Discipline: 1, Time Optimization: 1, Change Facilitation: 1'}"
Chelsea,Mosley,50523300,Bolivia,.Net Developer,sr3,"{'hard': 'DevOps: 2, Application Lifecycle Management: 5, Microservices: 2, Web API: 2, ASP.NET: 2, Agile: 5, Dependency Injection: 2, Debugging: 2, Containerization: 5, Unit Testing: 5, Entity Framework: 2, REST APIs: 5, Web Services: 2, WCF: 5', 'soft': 'Negotiation: 5, Interpersonal Skills: 2, Personality Awareness: 5, Work Ethic: 2, Mentoring: 5, Technology Savvy: 5, Intuition: 5, Resourcefulness: 2, Motivation: 5, Initiative: 2, Strategic Communication: 2, Civic Engagement: 2, Delegation: 2, Global Awareness: 5, Open-mindedness: 5'}"
Randy,Kent,60333133,Colombia,NodeJs Developer,sr2,"{'hard': 'Middleware: 1, Postman: 1, Express.js: 4, Git: 4, REST APIs: 4, Asynchronous Programming: 4, Socket.io: 1, Unit Testing: 4, Kubernetes: 4, Node.js: 1', 'soft': 'Problem Analysis: 1, Visionary Thinking: 4, Mentoring Skills: 4, Change Facilitation: 1, Open-mindedness: 4, Relationship Building: 1, Interpersonal Skills: 4, Motivation: 4, Feedback Acceptance: 1, Inclusivity: 1, Trust Building: 1, Social Skills: 4'}"
Sherry,Gutierrez,37720766,Peru,SQL Developer,jr,"{'hard': 'Triggers: 1, NoSQL Databases: 1, Data Modeling: 1, Security Best Practices: 1, Performance Tuning: 1', 'soft': 'Interpersonal Communication: 1, Influencing: 1, Public Speaking: 1, Trustworthiness: 1, Decision Making: 1'}"
Tanya,Harris,55350552,Uruguay,Cobol Developer,jr,"{'hard': 'Debugging: 1, SQL: 1, COBOL: 1, System Integration: 1, Version Control (Git): 1', 'soft': 'Delegation: 1, Attention to Detail: 1, Service Orientation: 1, Professionalism: 1, Team Building: 1'}"
Timothy,King,11726256,Colombia,Cloud Engineer,jr,"{'hard': 'Infrastructure as Code (IaC): 1, Cloud Architecture: 1, Google Cloud Platform: 1, Monitoring and Logging: 1, Security Best Practices: 1', 'soft': 'Public Relations: 1, Empathy: 1, Problem Analysis: 1, Coaching: 1, Team Building: 1'}"
Beth,Morgan,31544691,Venezuela,Flutter Developer,sr1,"{'hard': 'Firebase: 1, Third-party Libraries: 1, Versioning: 1, Material Design: 1, Network Connectivity: 3, Security Best Practices: 3, Continuous Integration: 1, Testing: 1, User Interface Testing: 3, Version Control (Git): 3', 'soft': 'Motivation: 1, Time Awareness: 1, Trustworthiness: 1, Risk Management: 1, Change Facilitation: 3, Technology Savvy: 1, Decision Making: 1, Communication: 3, Intuition: 1, Adaptability: 3, Service Orientation: 3, Facilitation Skills: 1'}"
David,Griffin,78299003,Uruguay,Test Automation Engineer,sr3,"{'hard': 'JavaScript: 5, Appium: 5, Scripting: 2, Agile: 2, Defect Tracking: 5, TestNG: 2, Cloud Testing: 2, Mocking Frameworks: 2, Test Environment Setup: 5, Java: 5, Framework Development: 2, API Testing: 5, Version Control: 2, Cross-Browser Testing: 5', 'soft': 'Feedback Delivery: 5, Analytical Thinking: 5, Initiative: 2, Time Awareness: 2, Trustworthiness: 5, Communication: 5, Humility: 2, Customer Service: 5, Cognitive Flexibility: 2, Negotiation Tactics: 2, Empathy: 2, Conflict Resolution: 2, Team Building: 2, Interpersonal Communication: 2, Coaching: 5'}"
Terry,Gonzalez,87941581,Venezuela,RPA Developer,sr1,"{'hard': 'Performance Monitoring: 3, Blue Prism: 1, Version Control: 3, Continuous Improvement: 3, Reporting: 1, Scripting: 3, Business Process Mapping: 3, Python: 1, Data Manipulation: 1, Agile: 3', 'soft': 'Resilience: 3, Ethical Judgment: 3, Negotiation: 1, Innovation: 3, Networking Skills: 3, Crisis Communication: 1, Personality Awareness: 3, Scientific Thinking: 1, Integrity: 1, Public Relations: 1, Learning Agility: 1, Entrepreneurial Mindset: 1'}"
Jennifer,Mckay,54190019,Venezuela,Java Developer,sr3,"{'hard': 'Java EE: 2, Hibernate: 2, Data Access Layer: 5, SOAP: 5, JavaFX: 5, Data Structures: 5, Algorithms: 2, Spring: 5, Dependency Injection: 2, Web Services: 5, Design Patterns: 5, REST APIs: 2, Multi-threading: 5, Security: 2', 'soft': 'Customer Service: 5, Flexibility: 2, Humility: 5, Social Skills: 2, Crisis Communication: 2, Service Orientation: 2, Positivity: 5, Cognitive Flexibility: 2, Resource Allocation: 5, Personality Awareness: 5, Social Intelligence: 5, Resilience: 5, Data Interpretation: 2, Public Relations: 2, Facilitation Skills: 2'}"
Philip,Davis,54561182,Chile,DevOps Engineer,sr3,"{'hard': 'Automation Tools: 2, Collaboration Tools: 5, Docker: 2, Azure: 5, Configuration Management: 2, Backup Strategies: 2, Change Management: 5, Server Management: 5, Custom Scripts: 2, Version Control (Git): 5, User Access Control: 5, Monitoring and Logging: 2, Site Reliability Engineering (SRE): 5, Kubernetes: 2', 'soft': 'Data Interpretation: 2, Crisis Management: 5, Initiative: 5, Crisis Communication: 2, Negotiation: 2, Inclusivity: 2, Creativity: 5, Leadership: 5, Self-Regulation: 2, Team Building: 2, Persuasion: 5, Communication: 5, Problem Solving: 2, Cultural Awareness: 5, Workplace Culture Awareness: 5'}"
George,Clark,88596037,Paraguay,Sharepoint Developer,sr1,"{'hard': 'Information Architecture: 3, SharePoint Designer: 3, PowerShell: 1, Testing Automation: 1, ASP.NET: 3, Office 365: 1, Git: 3, JavaScript: 3, Team Sites: 1, Security Best Practices: 1', 'soft': 'Task Prioritization: 3, Persuasion: 1, Data Interpretation: 1, Self-Confidence: 1, Delegation: 3, Critical Observation: 3, Inclusivity: 1, Civic Engagement: 1, Feedback Acceptance: 1, Situational Awareness: 3, Humility: 3, Technology Savvy: 1'}"
Jennifer,Roberts,37366547,Peru,Web UI Developer,sr2,"{'hard': 'Typography: 1, JavaScript: 4, Figma/Adobe XD: 1, Progressive Enhancement: 1, Web Standards: 4, User Interaction Design: 4, Image Optimization: 1, Version Control: 1, Front-End Frameworks: 1, Debugging: 4', 'soft': 'Coaching: 1, Self-Confidence: 1, Facilitation Skills: 1, Service Orientation: 4, Situational Awareness: 4, Conflict Management: 4, Active Listening: 4, Analytical Thinking: 1, Civic Engagement: 4, Trustworthiness: 4, Global Awareness: 4, Stress Management: 1'}"
Tina,Roberts,60146568,Ecuador,C++ Developer,sr3,"{'hard': 'Windows API: 5, File I/O: 2, Standard Template Library (STL): 2, Static and Dynamic Libraries: 5, System Programming: 2, Game Development: 2, Embedded Systems: 5, Templates: 5, Debugging: 5, DirectX: 5, Boost Library: 2, Design Patterns: 2, Linux Development: 2, Networking: 5', 'soft': 'Empathy: 5, Time Management: 5, Emotional Resilience: 2, Relationship Building: 2, Adaptability: 5, Visionary Thinking: 2, Client Management: 5, Resource Allocation: 2, Strategic Thinking: 2, Mentoring: 5, Active Listening: 2, Customer Service: 5, Teamwork: 2, Strategic Communication: 2, Entrepreneurial Mindset: 5'}"
Kimberly,Fitzpatrick,73333926,Paraguay,Cybersecurity Engineer,sr2,"{'hard': 'DevSecOps: 4, Agile: 4, Malware Analysis: 1, Threat Modeling: 4, Application Hardening: 4, Compliance Standards (ISO, NIST): 1, Data Protection: 4, Risk Assessment: 1, Security Policies: 4, Network Protocols: 1', 'soft': 'Teamwork: 4, Adaptability: 1, Emotional Resilience: 4, Quality Assurance: 4, Humility: 4, Resourcefulness: 1, Research Skills: 1, Time Optimization: 4, Ethical Judgment: 4, Presentation Skills: 1, Personality Awareness: 4, Crisis Management: 1'}"
Brian,Lewis,82345173,Ecuador,Flutter Developer,sr3,"{'hard': 'User Interface Testing: 2, Versioning: 5, UI/UX Design: 5, Code Refactoring: 5, Third-party Libraries: 5, State Management: 5, Cross-Platform Development: 5, Accessibility Features: 2, Animations: 5, App Deployment: 5, Dart: 5, Localization: 5, Continuous Integration: 2, Version Control (Git): 5', 'soft': 'Communication: 2, Work-Life Balance: 5, Social Skills: 5, Problem Analysis: 2, Trust Building: 5, Initiative: 2, Personality Awareness: 2, Crisis Management: 2, Networking Skills: 2, Self-Motivation: 2, Facilitation Skills: 5, Strategic Thinking: 5, Cultural Competence: 2, Self-Regulation: 5, Public Speaking: 5'}"
Robert,Miller,51532344,Colombia,Test Automation Engineer,sr2,"{'hard': 'Python: 4, JUnit: 1, Framework Development: 4, Cloud Testing: 4, Scripting: 1, Version Control: 1, Automation Strategy: 1, Integration Testing: 4, Security Testing: 1, TestNG: 1', 'soft': 'Leadership: 1, Entrepreneurial Mindset: 4, Interpersonal Communication: 4, Stress Resilience: 1, Attention to Detail: 1, Self-Regulation: 4, Delegation: 1, Presentation Skills: 1, Crisis Communication: 4, Analytical Thinking: 1, Change Facilitation: 1, Motivation: 1'}"
Sarah,Anderson,39835524,Chile,Java Developer,jr,"{'hard': 'Java: 1, Web Services: 1, Dependency Injection: 1, Microservices: 1, XML: 1', 'soft': 'Strategic Thinking: 1, Problem Analysis: 1, Client Management: 1, Time Awareness: 1, Analytical Thinking: 1'}"
Maria,Williams,87004706,Argentina,Flutter Developer,sr1,"{'hard': 'Security Best Practices: 1, Testing: 1, Error Handling: 3, Responsive Design: 1, RESTful APIs: 1, Localization: 1, User Interface Testing: 3, State Management: 1, Flutter: 1, Accessibility Features: 3', 'soft': 'Diversity Awareness: 1, Intellectual Curiosity: 1, Social Skills: 3, Resource Allocation: 3, Resilience: 1, Visionary Leadership: 3, Work-Life Balance: 3, Crisis Communication: 3, Facilitation Skills: 3, Stress Resilience: 3, Time Management: 1, Personality Awareness: 1'}"
Ashley,Hahn,14708034,Venezuela,Ruby Developer,jr,"{'hard': 'Version Control: 1, HTML: 1, Middleware: 1, Integration with Third-party APIs: 1, CSS: 1', 'soft': 'Empathy: 1, Personality Awareness: 1, Process Improvement: 1, Data Interpretation: 1, Mentoring Skills: 1'}"
Lisa,White,60096045,Venezuela,Java Developer,sr3,"{'hard': 'Spring: 5, Security: 2, Cloud Services: 2, Git: 2, REST APIs: 5, Multi-threading: 5, Kubernetes: 2, JavaFX: 2, Maven: 5, Microservices: 5, Logging Frameworks: 5, JSON: 2, Java EE: 2, Data Structures: 5', 'soft': 'Civic Responsibility: 2, Empathy: 2, Customer Service: 2, Performance Management: 5, Task Prioritization: 5, Team Building: 2, Adaptability to Change: 5, Self-Discipline: 2, Feedback Acceptance: 5, Resource Allocation: 2, Civic Engagement: 2, Professionalism: 5, Negotiation Tactics: 5, Attention to Detail: 5, Time Awareness: 5'}"
Jason,Barton,78945697,Venezuela,Salesforce Developer,sr1,"{'hard': 'Lightning Web Components: 1, User Interface Design: 1, User Authentication: 1, Salesforce Apex: 1, Deployment Techniques: 3, Integration with Third-party Services: 1, Data Structures: 1, Lightning Components: 3, Triggers: 1, Salesforce CRM: 1', 'soft': 'Collaboration: 3, Leadership: 1, Risk Management: 3, Time Optimization: 1, Delegation: 1, Stress Resilience: 3, Social Intelligence: 3, Resourcefulness: 3, Quality Assurance: 1, Analytical Thinking: 1, Work-Life Balance: 1, Work Ethic: 3'}"
Debbie,Richardson,92288897,Chile,Cybersecurity Engineer,sr2,"{'hard': 'Incident Management: 1, Risk Assessment: 1, Application Security: 1, Agile: 4, Security Information and Event Management (SIEM): 1, Penetration Testing: 4, Security Frameworks (CIS, OWASP): 4, Intrusion Detection Systems (IDS): 4, DevSecOps: 1, Application Hardening: 4', 'soft': 'Visionary Thinking: 1, Trust Building: 4, Goal Setting: 4, Writing Skills: 4, Initiative: 4, Entrepreneurial Mindset: 1, Ethical Judgment: 1, Attention to Detail: 4, Empathy: 4, Technology Savvy: 1, Time Management: 4, Performance Management: 4'}"
Hannah,Meadows,52941985,Venezuela,.Net Developer,sr2,"{'hard': 'Microservices: 4, Agile: 1, Performance Optimization: 4, Version Control (Git): 1, Visual Studio: 4, DevOps: 4, Debugging: 1, .NET Framework: 1, SQL Server: 1, SignalR: 4', 'soft': 'Adaptability to Change: 4, Interpersonal Communication: 4, Data Interpretation: 4, Emotional Resilience: 1, Facilitation Skills: 4, Entrepreneurial Mindset: 1, Resourcefulness: 1, Task Prioritization: 1, Positivity: 1, Initiative: 1, Motivational Skills: 4, Coaching: 4'}"
Molly,Lee,70562711,Paraguay,PHP Developer,jr,"{'hard': 'Debugging: 1, Composer: 1, User Authentication: 1, Version Control: 1, Command Line Interface (CLI): 1', 'soft': 'Quality Assurance: 1, Conflict Management: 1, Integrity: 1, Time Awareness: 1, Risk Management: 1'}"
John,Barber,77009309,Mexico,RPA Developer,sr2,"{'hard': 'Integration with Third-party Applications: 4, Change Management: 4, Python: 4, Excel VBA: 4, Data Quality Management: 4, Robotic Process Automation Frameworks: 1, User Training: 1, SQL: 4, Performance Monitoring: 1, Process Analysis: 1', 'soft': 'Problem Analysis: 1, Critical Thinking: 1, Self-Motivation: 1, Visionary Thinking: 4, Persuasion: 4, Change Facilitation: 4, Emotional Resilience: 1, Ethical Judgment: 1, Open-mindedness: 4, Service Orientation: 1, Active Listening: 1, Cognitive Flexibility: 4'}"
Anthony,Allen,83458662,Bolivia,Flutter Developer,sr3,"{'hard': 'Asynchronous Programming: 5, State Management: 2, Material Design: 2, Integration Testing: 2, Platform Channels: 5, UI/UX Design: 5, Custom Widgets: 2, Testing: 5, Animations: 5, Agile: 5, Version Control (Git): 2, RESTful APIs: 2, User Interface Testing: 5, Flutter: 5', 'soft': 'Interpersonal Skills: 5, Performance Management: 2, Humility: 5, Trustworthiness: 5, Negotiation: 2, Teamwork: 2, Persuasion: 5, Mentoring: 5, Empathy: 2, Process Improvement: 2, Intellectual Curiosity: 2, Visionary Leadership: 5, Feedback Delivery: 2, Social Skills: 5, Adaptability to Change: 5'}"
Amy,Garcia,49275318,Paraguay,Cobol Developer,sr2,"{'hard': 'Software Maintenance: 1, Version Control (Git): 1, Performance Tuning: 4, Reporting: 4, Change Management: 1, VSAM: 1, Client Interaction: 4, COBOL: 4, System Integration: 4, Documentation: 4', 'soft': 'Technology Savvy: 4, Initiative: 4, Crisis Management: 4, Civic Engagement: 4, Social Skills: 1, Intellectual Curiosity: 1, Performance Management: 4, Crisis Communication: 1, Self-Motivation: 4, Networking: 4, Visionary Thinking: 1, Cultural Awareness: 1'}"
Kristen,Hamilton,44737121,Colombia,Salesforce Developer,jr,"{'hard': 'Salesforce Apex: 1, Sales Cloud: 1, Deployment Techniques: 1, Data Structures: 1, Triggers: 1', 'soft': 'Adaptability to Change: 1, Quality Assurance: 1, Strategic Communication: 1, Stress Management: 1, Problem Analysis: 1'}"
Joseph,Hahn,45639788,Peru,Data Engineer,sr2,"{'hard': 'Data Visualization Tools (Tableau, Power BI): 4, Data Pipeline Development: 4, Data Governance: 4, Data Cataloging: 1, Machine Learning Basics: 1, Testing and Validation: 1, Big Data Technologies: 4, Performance Tuning: 4, Scripting (Bash, Python): 1, Python: 4', 'soft': 'Positivity: 1, Self-Confidence: 4, Feedback Delivery: 1, Integrity: 1, Time Awareness: 4, Customer Service: 1, Resourcefulness: 4, Time Management: 4, Networking: 1, Data Interpretation: 1, Open-mindedness: 1, Time Optimization: 1'}"
Amy,Suarez,34503466,Mexico,Cobol Developer,jr,"{'hard': 'VSAM: 1, File Handling: 1, Data Warehousing: 1, Data Structures: 1, SQL: 1', 'soft': 'Change Facilitation: 1, Negotiation: 1, Work-Life Balance: 1, Team Building: 1, Diversity Awareness: 1'}"
Alicia,Black,66279509,Bolivia,Sharepoint Developer,ssr,"{'hard': 'SharePoint Designer: 2, Debugging: 2, Data Migration: 1, C#: 1, PowerShell: 1', 'soft': 'Work-Life Balance: 1, Adaptability: 2, Active Listening: 2, Intuition: 1, Quality Assurance: 2'}"
Amy,Robertson,15040579,Ecuador,Java Developer,ssr,"{'hard': 'Cloud Services: 2, Hibernate: 2, Multi-threading: 2, XML: 1, Spring: 2', 'soft': 'Active Listening: 1, Critical Thinking: 1, Facilitation Skills: 1, Resource Allocation: 2, Time Awareness: 2'}"
James,Smith,83050972,Paraguay,SQL Developer,sr1,"{'hard': 'Data Visualization: 3, Database Design: 1, T-SQL: 3, PL/SQL: 1, Indexing: 1, Reporting Tools: 3, Performance Tuning: 3, Backup and Recovery: 1, Data Structures: 3, MySQL: 3', 'soft': 'Motivation: 1, Change Facilitation: 1, Mentoring: 1, Learning Agility: 1, Problem Analysis: 3, Leadership: 3, Public Relations: 3, Trust Building: 3, Performance Management: 3, Client Management: 3, Negotiation: 3, Work Ethic: 3'}"
Andrew,Shelton,53326111,Chile,Flutter Developer,sr2,"{'hard': 'Native Modules: 1, Accessibility Features: 4, State Management: 4, RESTful APIs: 1, App Deployment: 1, Third-party Libraries: 4, Integration Testing: 1, Testing: 4, Custom Widgets: 4, Agile: 4', 'soft': 'Inclusivity: 4, Trustworthiness: 1, Mentoring: 4, Diversity Awareness: 4, Change Management: 4, Innovation: 4, Risk Management: 1, Situational Awareness: 4, Conflict Management: 4, Visionary Leadership: 4, Crisis Communication: 1, Motivation: 1'}"
Nathan,Hughes,67605561,Argentina,Web UI Developer,jr,"{'hard': 'HTML: 1, Version Control: 1, UI/UX Design: 1, Agile: 1, Image Optimization: 1', 'soft': 'Adaptability to Change: 1, Research Skills: 1, Negotiation Tactics: 1, Workplace Culture Awareness: 1, Leadership: 1'}"
Kim,Allen,29096307,Bolivia,NodeJs Developer,sr2,"{'hard': 'Socket.io: 1, CI/CD: 4, Docker: 1, Chai: 4, Node.js: 4, Debugging: 4, Middleware: 4, Git: 4, Data Structures: 4, Kubernetes: 4', 'soft': 'Authenticity: 1, Conflict Resolution: 1, Cognitive Flexibility: 1, Open-mindedness: 4, Feedback Acceptance: 1, Adaptability: 1, Quality Assurance: 4, Visionary Leadership: 4, Empathy: 4, Self-Regulation: 1, Team Building: 4, Creativity: 1'}"
Robert,Saunders,70617973,Uruguay,NodeJs Developer,sr3,"{'hard': 'Docker: 5, Express.js: 5, API Development: 5, Middleware: 2, Postman: 5, Logging Frameworks: 2, Security Best Practices: 5, Git: 5, Socket.io: 5, Redis: 5, Unit Testing: 5, Performance Optimization: 5, Kubernetes: 2, Node.js: 5', 'soft': 'Task Prioritization: 5, Adaptability: 5, Technology Savvy: 5, Feedback Acceptance: 2, Strategic Communication: 5, Cultural Awareness: 2, Delegation: 5, Inclusivity: 2, Emotional Intelligence: 5, Data Interpretation: 2, Process Improvement: 5, Quality Assurance: 2, Self-Motivation: 5, Mentoring: 2, Conflict Resolution: 2'}"
Brian,Bryant,58575470,Chile,SQL Developer,sr2,"{'hard': 'Indexing: 4, SQL Server: 1, Database Administration: 1, Data Warehousing: 4, PostgreSQL: 1, Database Design: 4, Business Intelligence Tools: 1, Data Analysis: 1, Reporting Tools: 4, NoSQL Databases: 1', 'soft': 'Negotiation Tactics: 4, Trust Building: 1, Facilitation Skills: 4, Cognitive Flexibility: 1, Goal Setting: 4, Open-mindedness: 4, Flexibility: 4, Team Building: 4, Mentoring Skills: 1, Networking Skills: 4, Time Management: 1, Cultural Awareness: 4'}"
Justin,Thomas,43482815,Colombia,Flutter Developer,ssr,"{'hard': 'Integration Testing: 1, Testing: 2, App Deployment: 2, Firebase: 1, Dart: 1', 'soft': 'Situational Awareness: 1, Quality Assurance: 2, Humility: 2, Work-Life Balance: 2, Workplace Culture Awareness: 2'}"
Adrienne,Stewart,34429672,Uruguay,iOS Mobile Developer,sr2,"{'hard': 'Debugging: 4, Design Patterns: 4, Animation: 4, Unit Testing: 4, Swift: 1, Network Connectivity: 4, App Store Submission: 1, iOS SDK: 1, Core Location: 4, Xcode: 4', 'soft': 'Risk Management: 1, Negotiation: 4, Self-Regulation: 4, Crisis Management: 4, Stress Resilience: 4, Change Facilitation: 4, Problem Analysis: 4, Collaboration: 1, Time Optimization: 4, Customer Service: 1, Visionary Thinking: 4, Diversity Awareness: 4'}"
Kristine,Johnson,21423150,Colombia,.Net Developer,sr2,"{'hard': 'TDD: 1, Entity Framework Core: 1, HTML/CSS: 4, SignalR: 4, Dependency Injection: 4, Entity Framework: 1, Web Services: 4, LINQ: 4, REST APIs: 1, Code Review: 4', 'soft': 'Decision Making: 4, Mentoring Skills: 4, Crisis Management: 1, Presentation Skills: 1, Conflict Management: 1, Creativity: 1, Critical Thinking: 1, Research Skills: 4, Attention to Detail: 1, Coaching: 4, Initiative: 4, Resourcefulness: 4'}"
Samuel,Cunningham,52433392,Uruguay,SQL Developer,sr1,"{'hard': 'SQL Server: 3, Integration with Third-party Tools: 3, SQL: 3, MySQL: 3, T-SQL: 3, Database Design: 3, Debugging: 3, Reporting Tools: 3, Backup and Recovery: 1, Oracle Database: 1', 'soft': 'Crisis Communication: 3, Performance Management: 3, Cognitive Flexibility: 3, Analytical Thinking: 1, Teamwork: 3, Data Interpretation: 1, Resourcefulness: 3, Team Building: 1, Intellectual Curiosity: 1, Motivational Skills: 3, Critical Observation: 3, Creativity: 1'}"
Michelle,Mora,51408135,Ecuador,Game Developer,sr3,"{'hard': 'VR/AR Development: 5, Sound Design: 5, Live Ops: 5, Visual Scripting: 2, Unity: 5, C#: 2, Debugging: 5, AI Programming: 5, Physics Simulation: 2, Storyboarding: 2, Game Testing: 5, Gameplay Programming: 2, Unreal Engine: 2, Graphics Programming: 5', 'soft': 'Conflict Resolution: 2, Goal Setting: 5, Interpersonal Communication: 5, Professionalism: 2, Inclusivity: 5, Critical Observation: 2, Emotional Intelligence: 5, Leadership: 5, Cultural Awareness: 5, Time Awareness: 2, Change Facilitation: 5, Resource Allocation: 2, Mentoring: 2, Technology Savvy: 5, Problem Analysis: 5'}"
Michael,Pearson,53944389,Chile,Cybersecurity Engineer,ssr,"{'hard': 'Agile: 1, Data Protection: 2, Threat Modeling: 2, Security Auditing: 2, Security Frameworks (CIS, OWASP): 1', 'soft': 'Emotional Intelligence: 2, Problem Solving: 2, Performance Management: 2, Time Awareness: 1, Mentoring Skills: 2'}"
Jeremy,Mccoy,61106649,Colombia,RPA Developer,sr1,"{'hard': 'Automation Anywhere: 3, Security Best Practices: 1, Performance Monitoring: 3, Documentation: 1, Client Interaction: 3, Version Control: 1, Continuous Improvement: 3, Data Manipulation: 1, Agile: 3, User Training: 3', 'soft': 'Strategic Thinking: 3, Customer Service: 1, Feedback Acceptance: 3, Learning Agility: 3, Visionary Thinking: 3, Problem Analysis: 1, Service Orientation: 3, Creativity: 3, Social Intelligence: 3, Presentation Skills: 3, Technology Savvy: 3, Civic Engagement: 3'}"
Jacob,Shaffer,87401427,Uruguay,Data Engineer,ssr,"{'hard': 'Data Lakes: 2, Data Quality Management: 2, Data Integration Tools: 1, Analytics Integration: 1, API Development: 1', 'soft': 'Leadership: 2, Coaching: 1, Team Building: 1, Workplace Culture Awareness: 1, Negotiation Tactics: 2'}"
Jacqueline,Griffin,70472741,Colombia,Flutter Developer,sr2,"{'hard': 'App Deployment: 4, Cross-Platform Development: 1, Debugging: 4, Accessibility Features: 4, Agile: 1, Animations: 4, Firebase: 4, Code Refactoring: 4, State Management: 1, Dart: 1', 'soft': 'Writing Skills: 1, Facilitation Skills: 1, Feedback Acceptance: 1, Empathy: 1, Motivation: 1, Entrepreneurial Mindset: 4, Critical Thinking: 1, Influencing: 4, Mentoring Skills: 1, Risk Management: 4, Resource Allocation: 4, Crisis Communication: 4'}"
Daniel,Chavez,42001635,Uruguay,Salesforce Developer,sr2,"{'hard': 'Security Best Practices: 1, Debugging: 4, Data Structures: 4, SOQL: 4, Triggers: 4, Data Modeling: 4, Git: 4, Workflows: 1, User Interface Design: 1, Agile: 4', 'soft': 'Time Management: 1, Goal Setting: 4, Networking Skills: 4, Situational Awareness: 4, Mentoring Skills: 1, Stress Management: 1, Adaptability to Change: 4, Humility: 4, Strategic Communication: 1, Ethical Judgment: 1, Mentoring: 1, Delegation: 1'}"
Shawn,Ballard,56863153,Uruguay,Salesforce Developer,sr1,"{'hard': 'Visualforce: 1, Sales Cloud: 3, Integration with Third-party Services: 3, REST APIs: 3, Data Modeling: 1, Reports and Dashboards: 3, Triggers: 1, Version Control: 3, Security Best Practices: 1, Agile: 3', 'soft': 'Facilitation Skills: 3, Crisis Management: 1, Work Ethic: 1, Process Improvement: 3, Professionalism: 1, Entrepreneurial Mindset: 3, Service Orientation: 3, Critical Thinking: 3, Personality Awareness: 3, Feedback Acceptance: 1, Task Prioritization: 1, Self-Motivation: 3'}"
Steven,Moran,38897285,Ecuador,iOS Mobile Developer,sr3,"{'hard': 'Multithreading: 2, Firebase: 5, iCloud: 2, SwiftUI: 5, Xcode: 5, RESTful APIs: 5, Security Best Practices: 2, Network Connectivity: 2, User Interface Design: 5, Core Data: 2, Unit Testing: 2, Agile: 2, Auto Layout: 2, iOS SDK: 5', 'soft': 'Stress Resilience: 2, Mentoring Skills: 2, Trust Building: 5, Time Management: 2, Public Relations: 2, Open-mindedness: 5, Personality Awareness: 2, Scientific Thinking: 5, Creativity: 5, Work-Life Balance: 2, Analytical Thinking: 2, Strategic Thinking: 5, Resource Allocation: 2, Motivational Skills: 5, Attention to Detail: 5'}"
James,Wright,84984128,Bolivia,Web UI Developer,sr2,"{'hard': 'Typography: 1, CSS Preprocessors (Sass, LESS): 1, State Management: 1, Animations: 4, HTML: 1, Cross-Browser Compatibility: 1, Vue.js: 1, Web Standards: 1, Progressive Enhancement: 1, Angular: 1', 'soft': 'Strategic Communication: 1, Creativity: 1, Data Interpretation: 1, Goal Setting: 1, Resource Allocation: 1, Entrepreneurial Mindset: 1, Public Speaking: 1, Interpersonal Skills: 4, Teamwork: 1, Crisis Communication: 4, Service Orientation: 4, Motivational Skills: 1'}"
Jeanne,Rose,88504250,Peru,Flutter Developer,sr1,"{'hard': 'Continuous Integration: 1, Error Handling: 1, Debugging: 1, Third-party Libraries: 3, Network Connectivity: 1, State Management: 1, Animations: 1, Flutter: 1, Integration Testing: 1, Agile: 3', 'soft': 'Research Skills: 1, Delegation: 1, Analytical Thinking: 1, Teamwork: 3, Team Building: 3, Crisis Management: 1, Professionalism: 3, Workplace Culture Awareness: 1, Persuasion: 3, Innovation: 1, Visionary Thinking: 1, Task Prioritization: 1'}"
Jordan,Escobar,89583407,Venezuela,NodeJs Developer,sr2,"{'hard': 'Unit Testing: 1, REST APIs: 4, Express.js: 1, Security Best Practices: 1, API Development: 1, MongoDB: 4, Data Structures: 1, Chai: 4, Git: 4, Frontend Frameworks (React/Vue): 4', 'soft': 'Global Awareness: 4, Social Intelligence: 1, Entrepreneurial Mindset: 4, Cultural Competence: 4, Self-Motivation: 4, Positivity: 1, Work-Life Balance: 4, Emotional Intelligence: 4, Networking Skills: 4, Coaching: 4, Situational Awareness: 1, Authenticity: 1'}"
Linda,Potter,39494407,Bolivia,Android Mobile Developer,jr,"{'hard': 'MVP: 1, XML: 1, JUnit: 1, Performance Tuning: 1, RxJava: 1', 'soft': 'Decision Making: 1, Negotiation Tactics: 1, Stress Resilience: 1, Self-Discipline: 1, Critical Observation: 1'}"
Danny,Castaneda,84689156,Uruguay,Cobol Developer,ssr,"{'hard': 'Batch Processing: 1, Version Control (Git): 1, Reporting: 1, IBM z/OS: 1, Data Warehousing: 2', 'soft': 'Flexibility: 2, Professionalism: 1, Integrity: 2, Civic Responsibility: 2, Intellectual Curiosity: 1'}"
Andrew,Wang,41333743,Venezuela,Cloud Engineer,ssr,"{'hard': 'Security Best Practices: 1, Azure: 1, Event-Driven Architecture: 2, Database Management: 2, Configuration Management: 2', 'soft': 'Teamwork: 1, Networking: 2, Self-Regulation: 2, Civic Responsibility: 2, Cognitive Flexibility: 1'}"
Sarah,Davies,65492383,Chile,Game Developer,jr,"{'hard': 'Cross-platform Development: 1, Unreal Engine: 1, Performance Optimization: 1, Visual Scripting: 1, Game Prototyping: 1', 'soft': 'Persuasion: 1, Change Management: 1, Process Improvement: 1, Public Relations: 1, Self-Confidence: 1'}"
Lucas,Smith,65150831,Uruguay,IOT Platform Engineer,sr3,"{'hard': 'Sensor Technologies: 5, Real-time Data Processing: 2, Lifecycle Management: 2, Security Best Practices: 2, Database Management: 5, Data Analytics: 5, Data Visualization: 2, Interoperability Standards: 2, IoT Protocols (MQTT, CoAP): 5, Edge Computing: 5, Agile: 2, Firmware Development: 5, Telemetry: 5, Microservices Architecture: 5', 'soft': 'Critical Thinking: 2, Integrity: 2, Communication: 5, Coaching: 2, Decision Making: 2, Humility: 5, Attention to Detail: 2, Conflict Management: 5, Interpersonal Skills: 2, Authenticity: 2, Cultural Awareness: 2, Creativity: 5, Initiative: 2, Work Ethic: 5, Change Management: 5'}"
Alyssa,Marks,81111597,Colombia,Cloud Engineer,sr2,"{'hard': 'Azure: 1, Version Control (Git): 1, CI/CD: 4, Data Storage Solutions: 4, Google Cloud Platform: 4, Configuration Management: 1, Agile: 4, Cloud Architecture: 1, Backup and Recovery: 4, Infrastructure as Code (IaC): 4', 'soft': 'Global Awareness: 4, Strategic Thinking: 1, Interpersonal Skills: 1, Social Intelligence: 1, Creativity: 1, Analytical Thinking: 1, Entrepreneurial Mindset: 4, Time Awareness: 1, Empathy: 1, Service Orientation: 4, Collaboration: 1, Inclusivity: 1'}"
Joshua,Ortiz,40532776,Ecuador,Cobol Developer,ssr,"{'hard': 'Data Warehousing: 2, DB2: 2, CICS: 1, Client Interaction: 2, Application Development: 1', 'soft': 'Mentoring Skills: 2, Data Interpretation: 2, Networking Skills: 2, Visionary Thinking: 1, Collaboration: 1'}"
Steven,Trujillo,46818964,Venezuela,Test Automation Engineer,sr2,"{'hard': 'Behavior-Driven Development (BDD): 1, Regression Testing: 4, JavaScript: 4, Appium: 4, Reporting Tools: 4, User Interface Testing: 1, Java: 1, Framework Development: 4, Python: 4, Cloud Testing: 1', 'soft': 'Analytical Thinking: 4, Crisis Communication: 4, Communication: 4, Open-mindedness: 1, Persuasion: 1, Time Awareness: 1, Resource Allocation: 4, Visionary Leadership: 4, Conflict Management: 1, Trustworthiness: 4, Positivity: 4, Self-Regulation: 4'}"
Benjamin,Rojas,20445539,Colombia,Sharepoint Developer,sr2,"{'hard': 'User Authentication: 4, Version Control: 4, Database Design: 1, CSS: 1, ASP.NET: 1, SharePoint Framework (SPFx): 1, User Interface Design: 1, Security Best Practices: 1, Testing Automation: 1, Workflow Automation: 1', 'soft': 'Team Building: 4, Feedback Delivery: 4, Networking Skills: 1, Diversity Awareness: 4, Leadership: 4, Initiative: 4, Public Speaking: 4, Global Awareness: 4, Resource Allocation: 1, Attention to Detail: 4, Time Optimization: 4, Creativity: 1'}"
Jennifer,Smith,79435673,Bolivia,Android Mobile Developer,ssr,"{'hard': 'SQLite: 2, Performance Tuning: 2, Motion Layout: 2, UI/UX Design: 2, MVVM: 2', 'soft': 'Strategic Communication: 1, Delegation: 2, Virtual Collaboration: 2, Technology Savvy: 2, Risk Management: 2'}"
Bernard,Williams,33061715,Mexico,DevOps Engineer,sr1,"{'hard': 'Performance Tuning: 3, Error Tracking: 3, Load Balancing: 1, Server Management: 3, Infrastructure as Code (IaC): 3, Cloud Services: 3, Docker: 3, Kubernetes: 3, Azure: 3, Disaster Recovery: 1', 'soft': 'Cognitive Flexibility: 1, Resourcefulness: 3, Motivation: 3, Team Building: 1, Process Improvement: 1, Interpersonal Skills: 3, Cultural Awareness: 3, Social Intelligence: 1, Adaptability: 1, Relationship Building: 3, Personality Awareness: 1, Negotiation Tactics: 3'}"
Michael,Richardson,43128027,Peru,Web Mobile Developer,sr2,"{'hard': 'Performance Optimization: 4, Progressive Web Apps (PWAs): 1, React Native: 4, Service Workers: 1, Analytics Integration: 4, Version Control: 4, Debugging: 4, Deployment Techniques: 4, Application Security: 1, Flutter: 1', 'soft': 'Civic Engagement: 4, Personality Awareness: 4, Authenticity: 4, Risk Management: 4, Resource Allocation: 1, Teamwork: 4, Feedback Acceptance: 4, Mentoring: 4, Ethical Judgment: 1, Problem Analysis: 1, Feedback Delivery: 1, Empathy: 1'}"
Vincent,Sexton,11223909,Chile,C++ Developer,ssr,"{'hard': 'Qt Framework: 2, Multithreading: 1, Profiling: 1, Concurrency: 1, Data Structures: 1', 'soft': 'Conflict Resolution: 2, Visionary Leadership: 2, Adaptability: 1, Personality Awareness: 2, Professionalism: 2'}"
Richard,Rosario,12024051,Chile,Test Automation Engineer,ssr,"{'hard': 'Automation Strategy: 1, Python: 2, Test Environment Setup: 1, User Interface Testing: 1, Integration Testing: 2', 'soft': 'Initiative: 1, Quality Assurance: 2, Critical Observation: 1, Change Management: 1, Intuition: 2'}"
Chelsea,Buck,16525154,Ecuador,Cybersecurity Engineer,sr1,"{'hard': 'Incident Management: 3, Security Auditing: 3, Data Loss Prevention (DLP): 3, Agile: 3, Malware Analysis: 1, Risk Assessment: 1, Authentication Mechanisms: 1, Incident Response: 1, Application Hardening: 1, Firewalls: 3', 'soft': 'Stress Resilience: 3, Delegation: 3, Customer Service: 3, Authenticity: 3, Responsibility: 1, Creativity: 1, Mentoring Skills: 3, Trust Building: 1, Crisis Management: 1, Quality Assurance: 1, Negotiation Tactics: 3, Process Improvement: 1'}"
Victoria,Davis,84349176,Colombia,SQL Developer,ssr,"{'hard': 'Stored Procedures: 2, Indexing: 2, Reporting Tools: 1, T-SQL: 1, Data Modeling: 2', 'soft': 'Research Skills: 1, Client Management: 2, Mentoring: 2, Networking Skills: 1, Adaptability to Change: 1'}"
Justin,Davis,84280023,Mexico,iOS Mobile Developer,jr,"{'hard': 'Firebase: 1, Network Connectivity: 1, Git: 1, Design Patterns: 1, In-App Purchases: 1', 'soft': 'Feedback Acceptance: 1, Self-Confidence: 1, Trustworthiness: 1, Work-Life Balance: 1, Time Awareness: 1'}"
Richard,Owen,21381986,Venezuela,Test Automation Engineer,jr,"{'hard': 'Cloud Testing: 1, Agile: 1, Integration Testing: 1, Test Environment Setup: 1, CI/CD: 1', 'soft': 'Leadership: 1, Teamwork: 1, Delegation: 1, Conflict Resolution: 1, Initiative: 1'}"
Steve,Shaffer,61702957,Mexico,.Net Developer,ssr,"{'hard': 'SQL Server: 2, .NET Core: 1, Containerization: 1, Design Patterns: 2, Data Structures: 2', 'soft': 'Relationship Building: 2, Motivational Skills: 2, Self-Regulation: 2, Situational Awareness: 1, Mentoring Skills: 1'}"
Alicia,Foster,32645791,Uruguay,Ruby Developer,jr,"{'hard': 'Version Control: 1, Gem Management: 1, Security Best Practices: 1, Web Services: 1, Front-end Frameworks: 1', 'soft': 'Resource Allocation: 1, Self-Regulation: 1, Time Optimization: 1, Empathy: 1, Presentation Skills: 1'}"
Kimberly,Miller,44379874,Uruguay,SQL Developer,sr2,"{'hard': 'PL/SQL: 1, Agile: 1, ETL: 4, Query Optimization: 1, Data Warehousing: 4, Performance Tuning: 1, Security Best Practices: 1, Data Analysis: 1, Data Quality Management: 4, Data Visualization: 1', 'soft': 'Persuasion: 1, Mentoring: 4, Goal Setting: 1, Diversity Awareness: 4, Visionary Thinking: 1, Cultural Awareness: 1, Interpersonal Communication: 4, Entrepreneurial Mindset: 4, Networking Skills: 1, Process Improvement: 1, Time Management: 4, Performance Management: 4'}"
Jacob,Espinoza,27607035,Argentina,Sharepoint Developer,sr1,"{'hard': 'Workflow Automation: 1, CSS: 1, HTML: 1, Team Sites: 3, SharePoint Online: 1, REST APIs: 1, Data Migration: 1, Debugging: 3, SharePoint Designer: 3, Testing Automation: 3', 'soft': 'Personality Awareness: 1, Cognitive Flexibility: 3, Cultural Awareness: 1, Collaboration: 1, Self-Confidence: 1, Mentoring Skills: 1, Motivation: 1, Client Management: 3, Time Management: 3, Workplace Culture Awareness: 3, Coaching: 3, Visionary Thinking: 1'}"
Shelley,Anderson,20337707,Paraguay,Sharepoint Developer,jr,"{'hard': 'Office 365: 1, SharePoint Framework (SPFx): 1, PowerShell: 1, HTML: 1, Database Design: 1', 'soft': 'Virtual Collaboration: 1, Authenticity: 1, Visionary Thinking: 1, Strategic Communication: 1, Resource Allocation: 1'}"
Sarah,Orozco,17458461,Uruguay,Test Automation Engineer,sr2,"{'hard': 'Behavior-Driven Development (BDD): 4, Continuous Testing: 4, Test Management Tools: 1, Version Control (Git): 4, User Interface Testing: 1, Defect Tracking: 1, Version Control: 4, Appium: 4, Agile: 4, Python: 1', 'soft': 'Conflict Resolution: 1, Problem Solving: 1, Task Prioritization: 4, Collaboration: 1, Trust Building: 4, Problem Analysis: 4, Goal Setting: 4, Personality Awareness: 4, Negotiation: 4, Mentoring Skills: 1, Time Awareness: 4, Networking: 4'}"
Chris,Sanchez,30208554,Venezuela,Java Developer,sr1,"{'hard': 'JavaFX: 1, Agile: 1, Microservices: 3, JUnit: 3, Maven: 3, SOAP: 3, Git: 3, Hibernate: 3, Docker: 3, Kubernetes: 1', 'soft': 'Collaboration: 1, Client Management: 1, Research Skills: 1, Problem Solving: 3, Service Orientation: 3, Trustworthiness: 1, Teamwork: 1, Negotiation Tactics: 3, Coaching: 3, Cultural Awareness: 3, Attention to Detail: 1, Process Improvement: 1'}"
Karen,Johnson,36039127,Uruguay,RPA Developer,jr,"{'hard': 'Excel VBA: 1, Data Quality Management: 1, Debugging: 1, Agile: 1, Robotic Process Automation Frameworks: 1', 'soft': 'Creativity: 1, Leadership: 1, Task Prioritization: 1, Facilitation Skills: 1, Active Listening: 1'}"
Russell,Wright,40751236,Chile,Cybersecurity Engineer,sr2,"{'hard': 'Threat Modeling: 1, Application Security: 4, Security Frameworks (CIS, OWASP): 1, Cloud Security: 1, Security Awareness Training: 1, Threat Intelligence: 4, Endpoint Protection: 1, Risk Assessment: 4, Data Loss Prevention (DLP): 1, Authentication Mechanisms: 4', 'soft': 'Performance Management: 4, Trustworthiness: 4, Problem Analysis: 4, Attention to Detail: 1, Service Orientation: 4, Teamwork: 4, Strategic Thinking: 4, Negotiation Tactics: 1, Virtual Collaboration: 4, Stress Resilience: 1, Scientific Thinking: 1, Adaptability: 1'}"
Larry,Fox,35448502,Bolivia,Flutter Developer,sr1,"{'hard': 'UI/UX Design: 3, Accessibility Features: 1, App Deployment: 3, Network Connectivity: 3, Flutter: 1, Code Refactoring: 3, Animations: 3, Performance Optimization: 1, Versioning: 3, Native Modules: 1', 'soft': 'Work Ethic: 3, Problem Analysis: 1, Initiative: 1, Networking Skills: 1, Negotiation Tactics: 1, Entrepreneurial Mindset: 1, Research Skills: 3, Interpersonal Communication: 1, Leadership: 1, Trust Building: 1, Situational Awareness: 1, Customer Service: 3'}"
Peggy,Byrd,21155327,Bolivia,PHP Developer,jr,"{'hard': 'Caching Techniques: 1, Error Handling: 1, Command Line Interface (CLI): 1, HTML: 1, Debugging: 1', 'soft': 'Entrepreneurial Mindset: 1, Change Facilitation: 1, Cognitive Flexibility: 1, Professionalism: 1, Change Management: 1'}"
Amy,Sharp,77205532,Bolivia,Sharepoint Developer,sr2,"{'hard': 'HTML: 1, Team Sites: 1, Performance Optimization: 1, Git: 1, SharePoint Online: 1, REST APIs: 1, SharePoint Designer: 1, Content Management: 1, SharePoint Framework (SPFx): 1, Debugging: 4', 'soft': 'Motivation: 1, Delegation: 1, Risk Management: 4, Emotional Resilience: 4, Resourcefulness: 4, Strategic Communication: 4, Visionary Leadership: 1, Public Speaking: 4, Quality Assurance: 1, Time Management: 1, Goal Setting: 1, Entrepreneurial Mindset: 4'}"
Anne,Scott,43686557,Chile,DevOps Engineer,sr1,"{'hard': 'Site Reliability Engineering (SRE): 3, Continuous Integration/Continuous Deployment (CI/CD): 1, Release Management: 1, Configuration Management: 3, Version Control (Git): 3, Infrastructure as Code (IaC): 1, Performance Tuning: 1, Backup Strategies: 3, Change Management: 1, Incident Management: 1', 'soft': 'Inclusivity: 1, Persuasion: 3, Quality Assurance: 3, Motivational Skills: 1, Research Skills: 3, Change Management: 3, Strategic Communication: 1, Mentoring Skills: 3, Professionalism: 1, Public Speaking: 3, Teamwork: 3, Influencing: 1'}"
Aaron,Barber,16742920,Venezuela,Sharepoint Developer,sr3,"{'hard': 'User Interface Design: 2, Git: 2, Office 365: 2, Content Management: 5, SharePoint Designer: 5, Performance Optimization: 5, Team Sites: 2, Custom Web Parts: 2, Document Libraries: 2, Security Best Practices: 2, JavaScript: 2, Database Design: 5, Agile: 2, Integration with Third-party Services: 5', 'soft': 'Analytical Thinking: 2, Time Optimization: 5, Situational Awareness: 5, Presentation Skills: 5, Innovation: 5, Negotiation Tactics: 2, Empathy: 5, Risk Management: 5, Critical Thinking: 2, Self-Regulation: 5, Resourcefulness: 5, Goal Setting: 5, Research Skills: 2, Task Prioritization: 5, Stress Resilience: 2'}"
Cory,Walker,46194229,Ecuador,DevOps Engineer,sr1,"{'hard': 'Scripting (Bash, Python): 3, User Access Control: 1, Kubernetes: 1, Networking: 3, Cloud Services: 3, Site Reliability Engineering (SRE): 1, Testing Automation: 1, Disaster Recovery: 1, Change Management: 3, Automation Tools: 1', 'soft': 'Research Skills: 3, Scientific Thinking: 3, Change Facilitation: 3, Positivity: 3, Problem Analysis: 3, Empathy: 1, Client Management: 1, Facilitation Skills: 3, Self-Discipline: 1, Emotional Intelligence: 1, Communication: 3, Resourcefulness: 1'}"
Faith,Johnson,80749798,Bolivia,Web Mobile Developer,sr2,"{'hard': 'REST APIs: 1, Accessibility Standards: 1, Cross-Browser Compatibility: 1, React Native: 1, Analytics Integration: 4, Third-party Libraries: 4, Authentication Mechanisms: 1, Version Control: 4, Application Security: 1, Flutter: 1', 'soft': 'Adaptability to Change: 1, Public Speaking: 4, Crisis Communication: 1, Diversity Awareness: 1, Leadership: 1, Integrity: 4, Time Management: 1, Team Building: 1, Teamwork: 4, Decision Making: 4, Facilitation Skills: 4, Visionary Leadership: 4'}"
Jeffrey,Moore,83653888,Bolivia,Salesforce Developer,jr,"{'hard': 'Testing Frameworks: 1, Business Process Automation: 1, Integration with Third-party Services: 1, Data Structures: 1, REST APIs: 1', 'soft': 'Conflict Resolution: 1, Global Awareness: 1, Emotional Resilience: 1, Creativity: 1, Relationship Building: 1'}"
Randall,Huerta,55331322,Bolivia,Salesforce Developer,sr2,"{'hard': 'Custom Objects: 1, Salesforce CRM: 4, Testing Frameworks: 1, Data Modeling: 4, Deployment Techniques: 4, Agile: 1, Triggers: 4, User Authentication: 4, Change Sets: 4, Workflows: 4', 'soft': 'Team Building: 4, Customer Service: 1, Mentoring: 1, Innovation: 1, Goal Setting: 4, Professionalism: 4, Technology Savvy: 1, Strategic Communication: 4, Global Awareness: 4, Self-Motivation: 1, Ethical Judgment: 4, Influencing: 1'}"
Alex,Hernandez,48930314,Uruguay,Data Engineer,jr,"{'hard': 'Testing and Validation: 1, Agile: 1, Data Architecture: 1, Apache Spark: 1, Cloud Data Solutions (AWS, Azure, GCP): 1', 'soft': 'Persuasion: 1, Learning Agility: 1, Conflict Management: 1, Quality Assurance: 1, Stress Resilience: 1'}"
Timothy,Gross,51799730,Argentina,Game Developer,sr2,"{'hard': 'Storyboarding: 4, Unreal Engine: 4, Procedural Generation: 4, Multiplayer Networking: 4, Version Control (Git): 1, Game Design: 4, VR/AR Development: 1, Gameplay Programming: 4, User Interface Design: 1, Unity: 1', 'soft': 'Public Relations: 1, Strategic Communication: 4, Presentation Skills: 4, Entrepreneurial Mindset: 1, Cultural Competence: 1, Writing Skills: 4, Initiative: 1, Workplace Culture Awareness: 4, Self-Discipline: 1, Work Ethic: 4, Facilitation Skills: 4, Stress Resilience: 1'}"
Sean,Johnson,88743327,Venezuela,NodeJs Developer,sr2,"{'hard': 'Kubernetes: 4, Frontend Frameworks (React/Vue): 4, Agile: 4, AWS: 4, Chai: 4, Node.js: 1, CI/CD: 4, API Development: 1, TypeScript: 1, Version Control: 4', 'soft': 'Adaptability: 1, Motivational Skills: 4, Diversity Awareness: 1, Self-Discipline: 1, Crisis Communication: 4, Self-Regulation: 1, Process Improvement: 4, Cultural Competence: 4, Trust Building: 1, Emotional Intelligence: 1, Cultural Awareness: 1, Problem Solving: 4'}"
Jill,Preston,67523762,Uruguay,NodeJs Developer,ssr,"{'hard': 'Express.js: 1, SQL: 2, Chai: 2, TypeScript: 2, Microservices: 2', 'soft': 'Crisis Communication: 1, Innovation: 2, Public Relations: 2, Motivational Skills: 2, Responsibility: 2'}"
Brandon,Perkins,23138113,Mexico,Python Developer,sr3,"{'hard': 'NumPy: 2, Pandas: 2, Matplotlib: 5, Python: 5, Jupyter Notebooks: 5, Pytorch: 2, Docker: 5, Agile: 2, Django: 2, Git: 5, Unit Testing: 5, Data Structures: 2, Web Scraping: 2, Natural Language Processing (NLP): 2', 'soft': 'Attention to Detail: 5, Collaboration: 2, Change Facilitation: 5, Ethical Judgment: 2, Civic Engagement: 2, Public Speaking: 5, Adaptability to Change: 2, Delegation: 2, Social Intelligence: 2, Personality Awareness: 2, Trustworthiness: 5, Performance Management: 5, Creativity: 5, Process Improvement: 5, Resourcefulness: 5'}"
Bruce,Taylor,37340476,Argentina,IOT Platform Engineer,ssr,"{'hard': 'Network Security: 1, Remote Device Monitoring: 2, User Interface Design: 1, Interoperability Standards: 2, Cloud Platforms (AWS IoT, Azure IoT): 1', 'soft': 'Critical Thinking: 1, Intuition: 1, Intellectual Curiosity: 1, Motivational Skills: 1, Innovation: 2'}"
Donna,Adkins,32768726,Peru,iOS Mobile Developer,ssr,"{'hard': 'User Interface Design: 2, RESTful APIs: 2, SiriKit: 1, Push Notifications: 2, Core Animation: 1', 'soft': 'Learning Agility: 2, Crisis Management: 2, Facilitation Skills: 1, Leadership: 1, Service Orientation: 2'}"
Haley,Martin,93901898,Ecuador,Cobol Developer,sr1,"{'hard': 'Business Logic: 3, Mainframe: 3, Performance Tuning: 3, Data Migration: 3, CICS: 1, Data Warehousing: 3, IBM z/OS: 3, Version Control (Git): 1, DB2: 3, File Handling: 3', 'soft': 'Conflict Resolution: 3, Public Speaking: 3, Quality Assurance: 3, Self-Discipline: 3, Stress Management: 1, Cultural Competence: 1, Workplace Culture Awareness: 3, Persuasion: 3, Initiative: 1, Performance Management: 3, Time Management: 1, Motivation: 1'}"
Fernando,Miller,26051363,Colombia,Java Developer,ssr,"{'hard': 'JUnit: 1, Data Structures: 1, Agile: 1, Spring Boot: 2, Internationalization: 2', 'soft': 'Team Building: 1, Crisis Management: 1, Research Skills: 2, Writing Skills: 1, Cultural Awareness: 1'}"
Bryan,Blevins,44025346,Peru,DevOps Engineer,sr1,"{'hard': 'Continuous Integration/Continuous Deployment (CI/CD): 1, Site Reliability Engineering (SRE): 3, Microservices Architecture: 3, Application Performance Monitoring (APM): 3, User Access Control: 3, Database Management: 1, Automation Tools: 1, Kubernetes: 1, AWS: 3, Collaboration Tools: 1', 'soft': 'Cultural Awareness: 3, Flexibility: 1, Professionalism: 3, Emotional Resilience: 1, Emotional Intelligence: 3, Intuition: 1, Decision Making: 3, Motivation: 3, Networking: 3, Social Skills: 3, Crisis Communication: 1, Analytical Thinking: 1'}"
Ashley,Richardson,84594931,Uruguay,IOT Platform Engineer,jr,"{'hard': 'Big Data Technologies: 1, User Authentication: 1, Database Management: 1, Analytics Integration: 1, IoT Protocols (MQTT, CoAP): 1', 'soft': 'Analytical Thinking: 1, Motivation: 1, Emotional Resilience: 1, Risk Management: 1, Stress Resilience: 1'}"
Sheri,Burns,74056542,Mexico,IOT Platform Engineer,sr2,"{'hard': 'Edge Computing: 4, Microservices Architecture: 4, Remote Device Monitoring: 4, User Interface Design: 1, Database Management: 4, Device Connectivity: 1, Data Analytics: 4, Firmware Development: 4, Data Processing: 4, Security Best Practices: 1', 'soft': 'Resilience: 4, Collaboration: 4, Integrity: 1, Self-Discipline: 1, Social Skills: 4, Teamwork: 1, Self-Confidence: 1, Technology Savvy: 4, Learning Agility: 1, Task Prioritization: 1, Virtual Collaboration: 4, Ethical Judgment: 1'}"
Michael,Goodman,85422032,Bolivia,Sharepoint Developer,ssr,"{'hard': 'Performance Optimization: 1, JavaScript: 2, Git: 1, User Authentication: 2, Testing Automation: 2', 'soft': 'Self-Discipline: 2, Work Ethic: 1, Innovation: 1, Learning Agility: 1, Visionary Thinking: 2'}"
Denise,Huynh,44275486,Chile,Data Engineer,sr3,"{'hard': 'Data Warehousing: 2, Python: 5, Data Visualization Tools (Tableau, Power BI): 2, NoSQL Databases: 2, Apache Kafka: 5, Performance Tuning: 2, Data Modeling: 2, Machine Learning Basics: 5, Data Architecture: 2, Metadata Management: 5, Big Data Technologies: 2, Scripting (Bash, Python): 2, Data Pipeline Development: 2, Hadoop: 2', 'soft': 'Resilience: 2, Time Awareness: 5, Emotional Intelligence: 5, Situational Awareness: 5, Intuition: 5, Creativity: 5, Service Orientation: 2, Scientific Thinking: 2, Delegation: 5, Research Skills: 5, Ethical Judgment: 5, Work Ethic: 2, Humility: 2, Work-Life Balance: 5, Stress Resilience: 2'}"
Sara,Patel,45120946,Paraguay,Web UI Developer,jr,"{'hard': 'Animations: 1, Accessibility Standards: 1, HTML: 1, Figma/Adobe XD: 1, Progressive Enhancement: 1', 'soft': 'Networking: 1, Critical Thinking: 1, Virtual Collaboration: 1, Process Improvement: 1, Mentoring Skills: 1'}"
Adam,Poole,13350934,Peru,Cobol Developer,sr1,"{'hard': 'CICS: 3, IBM z/OS: 1, JCL: 3, Agile: 1, System Integration: 3, User Acceptance Testing (UAT): 3, SQL: 1, Unit Testing: 3, Legacy Systems: 1, Business Logic: 3', 'soft': 'Work Ethic: 3, Feedback Delivery: 3, Attention to Detail: 3, Relationship Building: 3, Performance Management: 3, Conflict Resolution: 3, Self-Motivation: 3, Visionary Leadership: 1, Self-Regulation: 3, Presentation Skills: 3, Public Relations: 3, Problem Solving: 3'}"
Perry,Frye,83838517,Peru,Salesforce Developer,sr2,"{'hard': 'Git: 4, Triggers: 1, Version Control: 4, Data Modeling: 4, Data Structures: 4, Lightning Web Components: 1, Change Sets: 1, Deployment Techniques: 4, Agile: 1, SOQL: 1', 'soft': 'Analytical Thinking: 1, Communication: 1, Motivation: 4, Teamwork: 1, Interpersonal Skills: 4, Strategic Thinking: 1, Ethical Judgment: 1, Delegation: 1, Emotional Intelligence: 1, Professionalism: 4, Self-Motivation: 1, Attention to Detail: 1'}"
James,Holland,83442745,Uruguay,Cloud Engineer,sr1,"{'hard': 'Cost Optimization: 1, DevOps: 1, Automation Tools: 3, Performance Tuning: 3, Load Balancing: 3, Backup and Recovery: 3, Docker: 1, Cloud Architecture: 3, Database Management: 3, Service Mesh: 1', 'soft': 'Active Listening: 3, Time Management: 1, Visionary Leadership: 3, Trust Building: 1, Leadership: 1, Task Prioritization: 1, Communication: 1, Delegation: 3, Self-Motivation: 1, Change Facilitation: 1, Influencing: 1, Visionary Thinking: 1'}"
Christine,Hill,61762870,Colombia,Salesforce Developer,sr1,"{'hard': 'SOQL: 3, API Development: 3, REST APIs: 3, Community Cloud: 1, Version Control: 3, Security Best Practices: 3, Reports and Dashboards: 3, Service Cloud: 3, Data Modeling: 1, Deployment Techniques: 3', 'soft': 'Networking: 1, Self-Confidence: 1, Strategic Thinking: 3, Interpersonal Communication: 3, Collaboration: 1, Work Ethic: 3, Crisis Communication: 1, Resourcefulness: 1, Client Management: 3, Situational Awareness: 3, Coaching: 1, Emotional Resilience: 3'}"
Gabriella,Hull,41554602,Mexico,C++ Developer,sr2,"{'hard': 'Multithreading: 4, Graphics Programming: 1, Networking: 1, Algorithms: 1, C++: 1, File I/O: 4, Static and Dynamic Libraries: 4, OpenGL: 4, Debugging: 1, Templates: 1', 'soft': 'Motivation: 4, Service Orientation: 4, Humility: 1, Communication: 1, Analytical Thinking: 4, Resourcefulness: 4, Initiative: 4, Strategic Thinking: 4, Social Intelligence: 1, Influencing: 4, Resource Allocation: 1, Conflict Resolution: 4'}"
James,Schultz,71014340,Peru,Cybersecurity Engineer,sr2,"{'hard': 'DevSecOps: 4, Forensics: 4, Authentication Mechanisms: 4, Intrusion Detection Systems (IDS): 1, Security Policies: 4, Agile: 4, Vulnerability Assessment: 1, Mobile Security: 1, Incident Management: 1, Application Security: 4', 'soft': 'Learning Agility: 4, Self-Confidence: 1, Crisis Communication: 4, Creativity: 1, Presentation Skills: 4, Collaboration: 4, Facilitation Skills: 1, Intuition: 1, Writing Skills: 1, Work Ethic: 4, Public Relations: 1, Task Prioritization: 4'}"
Terrence,Gonzalez,80396178,Chile,Game Developer,sr2,"{'hard': 'Graphics Programming: 1, Physics Engines: 1, Game Prototyping: 4, Multiplayer Networking: 1, Animation: 4, Sound Design: 4, Gameplay Programming: 1, C#: 1, User Interface Design: 1, Shader Programming: 4', 'soft': 'Personality Awareness: 1, Crisis Communication: 1, Professionalism: 4, Problem Solving: 4, Self-Discipline: 1, Customer Service: 1, Performance Management: 1, Feedback Delivery: 4, Initiative: 4, Stress Resilience: 4, Public Speaking: 4, Data Interpretation: 1'}"
Molly,Harris,78254870,Colombia,Cybersecurity Engineer,jr,"{'hard': 'Authentication Mechanisms: 1, Security Awareness Training: 1, Encryption Techniques: 1, Risk Assessment: 1, Forensics: 1', 'soft': 'Coaching: 1, Time Optimization: 1, Inclusivity: 1, Integrity: 1, Service Orientation: 1'}"
Rachel,Hall,81484418,Argentina,Ruby Developer,sr3,"{'hard': 'Integration with Third-party APIs: 5, CSS: 5, Web Services: 2, JavaScript: 5, Debugging: 5, Ruby on Rails: 2, Database Design: 5, Task Scheduling: 2, Active Record: 2, Ruby: 5, Front-end Frameworks: 5, Data Structures: 2, Testing Frameworks (RSpec): 2, Middleware: 5', 'soft': 'Feedback Acceptance: 2, Motivational Skills: 5, Networking Skills: 5, Decision Making: 5, Emotional Resilience: 5, Adaptability to Change: 2, Cultural Competence: 5, Diversity Awareness: 5, Time Awareness: 2, Team Building: 2, Feedback Delivery: 5, Flexibility: 5, Technology Savvy: 5, Humility: 5, Trustworthiness: 5'}"
Jason,Fisher,73119885,Uruguay,Android Mobile Developer,jr,"{'hard': 'REST APIs: 1, Coroutines: 1, JUnit: 1, Flutter: 1, RxJava: 1', 'soft': 'Cultural Awareness: 1, Humility: 1, Initiative: 1, Diversity Awareness: 1, Adaptability to Change: 1'}"
Valerie,Mckinney,94002422,Mexico,PHP Developer,sr2,"{'hard': 'Object-Oriented Programming: 4, API Development: 4, Laravel: 1, Data Structures: 4, HTML: 1, Continuous Integration: 4, JavaScript: 1, CSS: 1, MVC Architecture: 4, PHP: 1', 'soft': 'Collaboration: 1, Interpersonal Skills: 4, Work-Life Balance: 4, Communication: 4, Service Orientation: 4, Entrepreneurial Mindset: 1, Networking: 4, Learning Agility: 1, Motivation: 1, Global Awareness: 1, Data Interpretation: 4, Scientific Thinking: 4'}"
Caitlin,Mitchell,84112290,Paraguay,Android Mobile Developer,sr2,"{'hard': 'JUnit: 4, Test-Driven Development: 4, Android NDK: 4, Gradle: 4, Android SDK: 1, Dagger: 4, LiveData: 1, Git: 4, Kotlin Coroutines: 4, RxJava: 1', 'soft': 'Trust Building: 4, Situational Awareness: 1, Risk Management: 4, Emotional Intelligence: 1, Integrity: 1, Crisis Communication: 1, Task Prioritization: 1, Attention to Detail: 1, Strategic Communication: 1, Technology Savvy: 4, Adaptability: 4, Networking Skills: 4'}"
Chelsea,Young,79303440,Chile,Cloud Engineer,sr3,"{'hard': 'Google Cloud Platform: 5, Disaster Recovery Planning: 5, Cloud Security: 5, Virtualization: 5, DevOps: 2, Docker: 5, Application Networking: 5, Cloud Migration: 5, Scripting (Python, Bash): 2, Backup and Recovery: 5, Configuration Management: 5, Database Management: 5, Kubernetes: 2, Load Balancing: 5', 'soft': 'Interpersonal Communication: 2, Team Building: 2, Networking Skills: 5, Research Skills: 5, Integrity: 5, Performance Management: 5, Flexibility: 5, Communication: 2, Empathy: 5, Cultural Competence: 2, Feedback Acceptance: 5, Visionary Leadership: 5, Intuition: 5, Time Management: 5, Authenticity: 2'}"
Elizabeth,Wiley,77470397,Mexico,Flutter Developer,sr2,"{'hard': 'Flutter: 4, Versioning: 4, Accessibility Features: 4, Debugging: 4, Third-party Libraries: 4, Localization: 1, Native Modules: 4, User Interface Testing: 4, Security Best Practices: 1, State Management: 1', 'soft': 'Critical Thinking: 1, Social Skills: 1, Relationship Building: 1, Time Management: 4, Leadership: 4, Client Management: 4, Analytical Thinking: 1, Attention to Detail: 4, Cultural Awareness: 4, Situational Awareness: 1, Virtual Collaboration: 4, Work-Life Balance: 4'}"
Danny,Hoffman,70823779,Uruguay,Sharepoint Developer,sr3,"{'hard': 'User Interface Design: 5, Performance Optimization: 5, SharePoint Online: 5, User Authentication: 5, Integration with Third-party Services: 2, Information Architecture: 5, JavaScript: 5, Agile: 2, SharePoint Framework (SPFx): 5, Security Best Practices: 2, Debugging: 5, Office 365: 2, CSS: 5, HTML: 5', 'soft': 'Civic Responsibility: 2, Time Management: 5, Intuition: 5, Civic Engagement: 2, Emotional Intelligence: 5, Situational Awareness: 5, Presentation Skills: 5, Time Awareness: 5, Self-Motivation: 5, Stress Resilience: 2, Decision Making: 5, Open-mindedness: 2, Learning Agility: 2, Customer Service: 2, Professionalism: 5'}"
Peggy,Weber,24484122,Chile,Android Mobile Developer,jr,"{'hard': 'REST APIs: 1, Constraint Layout: 1, Kotlin Coroutines: 1, Dependency Injection: 1, Agile: 1', 'soft': 'Attention to Detail: 1, Cultural Competence: 1, Service Orientation: 1, Entrepreneurial Mindset: 1, Cultural Awareness: 1'}"
Andrew,Powell,16598059,Mexico,Data Engineer,ssr,"{'hard': 'Python: 2, Data Warehousing: 1, Apache Spark: 2, Hadoop: 1, Apache Kafka: 1', 'soft': 'Coaching: 2, Inclusivity: 2, Interpersonal Skills: 2, Innovation: 2, Adaptability to Change: 1'}"
Brittany,Fields,72883780,Chile,Test Automation Engineer,jr,"{'hard': 'Regression Testing: 1, Performance Testing: 1, Scripting: 1, Mocking Frameworks: 1, Load Testing: 1', 'soft': 'Positivity: 1, Interpersonal Communication: 1, Critical Thinking: 1, Strategic Communication: 1, Entrepreneurial Mindset: 1'}"
Danielle,Todd,81994731,Venezuela,Cybersecurity Engineer,ssr,"{'hard': 'Incident Response: 2, Security Information and Event Management (SIEM): 1, Vulnerability Assessment: 2, Network Protocols: 2, Endpoint Protection: 1', 'soft': 'Strategic Thinking: 2, Civic Responsibility: 2, Integrity: 2, Conflict Management: 2, Public Relations: 2'}"
Hannah,Levine,24320054,Uruguay,Data Engineer,sr3,"{'hard': 'SQL: 5, ETL Processes: 5, Cloud Data Solutions (AWS, Azure, GCP): 2, Analytics Integration: 2, Agile: 5, Data Security: 2, Testing and Validation: 5, Data Transformation: 2, Data Visualization Tools (Tableau, Power BI): 5, Machine Learning Basics: 2, Big Data Technologies: 2, Data Modeling: 5, Data Lakes: 2, Apache Kafka: 2', 'soft': 'Time Awareness: 2, Emotional Intelligence: 2, Social Skills: 5, Scientific Thinking: 5, Strategic Thinking: 5, Decision Making: 5, Motivation: 5, Critical Observation: 5, Resourcefulness: 5, Service Orientation: 2, Task Prioritization: 5, Self-Discipline: 5, Mentoring: 2, Innovation: 2, Visionary Leadership: 2'}"
Lisa,Taylor,55705322,Colombia,Web UI Developer,sr3,"{'hard': 'Responsive Design: 2, Front-End Frameworks: 2, Typography: 5, Progressive Enhancement: 5, State Management: 5, Image Optimization: 5, Animations: 2, HTML: 5, Figma/Adobe XD: 5, Testing Frameworks (Jest, Mocha): 5, Angular: 2, React: 5, Version Control: 2, Debugging: 2', 'soft': 'Professionalism: 2, Responsibility: 5, Analytical Thinking: 5, Personality Awareness: 5, Data Interpretation: 5, Technology Savvy: 2, Critical Thinking: 5, Interpersonal Skills: 5, Stress Resilience: 2, Emotional Resilience: 5, Intellectual Curiosity: 5, Presentation Skills: 2, Task Prioritization: 5, Influencing: 2, Mentoring Skills: 5'}"
Laura,Oliver,65258903,Colombia,Cybersecurity Engineer,sr1,"{'hard': 'Compliance Standards (ISO, NIST): 1, DevSecOps: 3, Security Policies: 3, Data Protection: 3, Vulnerability Assessment: 3, Mobile Security: 1, Threat Modeling: 3, Security Frameworks (CIS, OWASP): 1, Encryption Techniques: 1, Malware Analysis: 3', 'soft': 'Stress Management: 3, Task Prioritization: 1, Motivation: 1, Networking: 3, Client Management: 1, Goal Setting: 1, Coaching: 1, Open-mindedness: 3, Writing Skills: 3, Motivational Skills: 1, Public Relations: 3, Research Skills: 1'}"
Susan,Howard,45092792,Ecuador,RPA Developer,sr3,"{'hard': 'Agile: 5, Integration with Third-party Applications: 5, Debugging: 5, Continuous Improvement: 2, Data Manipulation: 5, Business Intelligence Tools: 2, Change Management: 2, Robotic Process Automation Frameworks: 5, UiPath: 2, Documentation: 2, Business Process Mapping: 5, Workflow Design: 5, Exception Handling: 2, Performance Monitoring: 5', 'soft': 'Coaching: 5, Adaptability: 5, Resourcefulness: 5, Visionary Leadership: 2, Self-Confidence: 2, Quality Assurance: 2, Innovation: 2, Emotional Intelligence: 2, Civic Engagement: 5, Time Management: 5, Authenticity: 5, Negotiation: 5, Change Facilitation: 5, Presentation Skills: 2, Strategic Communication: 5'}"
Katie,Stone,58982672,Peru,RPA Developer,sr3,"{'hard': 'Process Analysis: 2, Version Control: 2, Integration with Third-party Applications: 2, Performance Monitoring: 2, Testing Automation: 2, Data Extraction: 2, Reporting: 2, Blue Prism: 2, Workflow Design: 2, User Training: 2, REST APIs: 2, UiPath: 5, SQL: 5, Continuous Improvement: 5', 'soft': 'Inclusivity: 5, Work-Life Balance: 5, Customer Service: 5, Feedback Acceptance: 2, Quality Assurance: 2, Active Listening: 2, Collaboration: 5, Creativity: 5, Interpersonal Communication: 5, Process Improvement: 2, Problem Solving: 2, Change Management: 5, Innovation: 5, Task Prioritization: 5, Emotional Intelligence: 5'}"
Vanessa,Evans,87125279,Chile,iOS Mobile Developer,sr1,"{'hard': 'Git: 1, iCloud: 3, Core Animation: 3, SwiftUI: 3, Reactive Programming: 3, UIKit: 1, RESTful APIs: 3, Third-party Libraries: 1, Network Connectivity: 3, Design Patterns: 3', 'soft': 'Crisis Management: 1, Crisis Communication: 1, Professionalism: 1, Workplace Culture Awareness: 3, Strategic Communication: 1, Time Awareness: 3, Social Intelligence: 3, Ethical Judgment: 1, Motivational Skills: 1, Civic Responsibility: 1, Influencing: 1, Civic Engagement: 1'}"
Paula,Kelly,57662853,Paraguay,Test Automation Engineer,sr3,"{'hard': 'Performance Testing: 5, Behavior-Driven Development (BDD): 5, Version Control: 2, Java: 5, Version Control (Git): 2, Data-Driven Testing: 5, Reporting Tools: 5, JavaScript: 5, User Interface Testing: 5, Scripting: 2, Cypress: 5, API Testing: 2, Test Management Tools: 2, Mocking Frameworks: 5', 'soft': 'Scientific Thinking: 2, Situational Awareness: 2, Strategic Communication: 5, Civic Responsibility: 2, Work Ethic: 2, Client Management: 5, Networking: 5, Public Relations: 5, Mentoring Skills: 2, Public Speaking: 5, Decision Making: 5, Stress Management: 2, Leadership: 2, Intuition: 5, Analytical Thinking: 5'}"
Patty,Lynch,73885586,Peru,IOT Platform Engineer,ssr,"{'hard': 'Database Management: 1, Device Connectivity: 1, Scripting (Python, JavaScript): 2, Edge Computing: 2, Telemetry: 2', 'soft': 'Adaptability to Change: 1, Stress Resilience: 1, Trust Building: 1, Crisis Communication: 1, Networking Skills: 1'}"
Anthony,Alexander,91080683,Mexico,Android Mobile Developer,sr3,"{'hard': 'Java: 5, Dependency Injection: 5, Coroutines: 5, Data Binding: 5, Kotlin Coroutines: 2, MVVM: 2, Android SDK: 2, Dagger: 5, Kotlin: 5, MVP: 2, Firebase: 2, Test-Driven Development: 5, Material Design: 5, LiveData: 2', 'soft': 'Stress Resilience: 5, Motivational Skills: 2, Open-mindedness: 2, Personality Awareness: 2, Negotiation: 5, Process Improvement: 5, Team Building: 2, Change Management: 5, Crisis Management: 5, Professionalism: 5, Strategic Thinking: 5, Work-Life Balance: 5, Resource Allocation: 2, Cultural Competence: 5, Civic Responsibility: 2'}"
Lacey,West,77118051,Peru,Android Mobile Developer,sr3,"{'hard': 'Security Best Practices: 5, UI/UX Design: 2, Dagger: 5, MVP: 5, Java: 2, Coroutines: 5, Kotlin Coroutines: 2, Gradle: 5, ProGuard: 5, Firebase: 2, Git: 5, Data Binding: 2, Dependency Injection: 2, Retrofit: 5', 'soft': 'Time Optimization: 2, Presentation Skills: 5, Negotiation Tactics: 2, Time Management: 2, Creativity: 5, Change Facilitation: 2, Positivity: 2, Leadership: 2, Coaching: 2, Emotional Resilience: 5, Team Building: 2, Strategic Communication: 2, Authenticity: 5, Learning Agility: 5, Stress Resilience: 2'}"
Kendra,Frazier,29142577,Mexico,iOS Mobile Developer,ssr,"{'hard': 'Core Data: 2, Reactive Programming: 1, Security Best Practices: 2, Core Location: 1, Design Patterns: 1', 'soft': 'Emotional Intelligence: 2, Personality Awareness: 1, Conflict Management: 2, Change Facilitation: 1, Trustworthiness: 1'}"
Bryan,Stevens,71510598,Ecuador,Web Mobile Developer,sr3,"{'hard': 'CSS: 5, Network Communication: 5, WebSockets: 2, Data Structures: 2, Accessibility Standards: 2, REST APIs: 2, Responsive Design: 5, Authentication Mechanisms: 2, Debugging: 5, HTML: 2, User Interface Testing: 2, Service Workers: 5, State Management: 5, Local Storage: 2', 'soft': 'Team Building: 2, Open-mindedness: 5, Active Listening: 2, Authenticity: 2, Influencing: 2, Self-Confidence: 2, Motivation: 2, Goal Setting: 5, Scientific Thinking: 5, Research Skills: 5, Customer Service: 5, Public Relations: 5, Adaptability to Change: 5, Time Management: 2, Interpersonal Skills: 5'}"
Paul,Atkinson,30252854,Ecuador,SQL Developer,sr2,"{'hard': 'T-SQL: 1, Database Design: 4, Performance Tuning: 4, Oracle Database: 1, Agile: 4, Data Warehousing: 1, PostgreSQL: 4, Reporting Tools: 1, Debugging: 4, Data Structures: 4', 'soft': 'Mentoring: 1, Influencing: 1, Problem Solving: 4, Learning Agility: 1, Conflict Management: 1, Problem Analysis: 4, Time Optimization: 1, Ethical Judgment: 1, Technology Savvy: 1, Workplace Culture Awareness: 4, Stress Management: 4, Resourcefulness: 1'}"
Diana,Cobb,39384517,Ecuador,Cobol Developer,ssr,"{'hard': 'Legacy Systems: 2, VSAM: 2, Agile: 2, File Handling: 2, Data Processing: 1', 'soft': 'Problem Analysis: 2, Attention to Detail: 1, Task Prioritization: 2, Authenticity: 2, Feedback Acceptance: 1'}"
Kenneth,Delgado,33616083,Uruguay,NodeJs Developer,jr,"{'hard': 'SQL: 1, Agile: 1, JWT: 1, Chai: 1, Performance Optimization: 1', 'soft': 'Intuition: 1, Visionary Thinking: 1, Decision Making: 1, Negotiation: 1, Quality Assurance: 1'}"
Kathryn,Ali,59997112,Bolivia,Web UI Developer,jr,"{'hard': 'User Interaction Design: 1, Progressive Enhancement: 1, Web Design Principles: 1, Vue.js: 1, Accessibility Standards: 1', 'soft': 'Goal Setting: 1, Time Awareness: 1, Risk Management: 1, Workplace Culture Awareness: 1, Motivation: 1'}"
Meredith,Sparks,32053029,Argentina,Web UI Developer,sr3,"{'hard': 'Angular: 2, Figma/Adobe XD: 2, CSS: 2, HTML: 5, State Management: 2, Progressive Enhancement: 5, SEO Best Practices: 5, Vue.js: 2, JavaScript: 5, Image Optimization: 2, Performance Optimization: 5, User Interaction Design: 2, REST APIs: 2, Microinteractions: 5', 'soft': 'Service Orientation: 5, Motivation: 2, Crisis Management: 2, Client Management: 2, Quality Assurance: 5, Influencing: 5, Visionary Leadership: 2, Feedback Acceptance: 5, Self-Regulation: 5, Coaching: 5, Data Interpretation: 2, Civic Responsibility: 2, Diversity Awareness: 5, Teamwork: 5, Facilitation Skills: 2'}"
Joseph,Little,79169467,Uruguay,Flutter Developer,sr2,"{'hard': 'Material Design: 1, Cross-Platform Development: 1, Security Best Practices: 1, Accessibility Features: 4, Platform Channels: 4, Third-party Libraries: 1, Version Control (Git): 4, Custom Widgets: 4, Network Connectivity: 4, Agile: 1', 'soft': 'Visionary Leadership: 1, Innovation: 1, Client Management: 4, Ethical Judgment: 1, Time Management: 1, Resource Allocation: 1, Data Interpretation: 4, Research Skills: 4, Learning Agility: 1, Writing Skills: 1, Delegation: 4, Work Ethic: 4'}"
Laura,Rose,97269740,Chile,Cybersecurity Engineer,jr,"{'hard': 'Security Information and Event Management (SIEM): 1, Intrusion Detection Systems (IDS): 1, Vulnerability Assessment: 1, Cloud Security: 1, Security Frameworks (CIS, OWASP): 1', 'soft': 'Intellectual Curiosity: 1, Decision Making: 1, Civic Responsibility: 1, Cultural Competence: 1, Inclusivity: 1'}"
Amanda,Mcdaniel,10895396,Mexico,C++ Developer,sr2,"{'hard': 'Windows API: 4, Compiler Optimization: 1, Automated Testing: 4, OpenGL: 4, CMake: 1, Multithreading: 1, Cross-Platform Development: 1, Linux Development: 1, Unit Testing: 4, Networking: 1', 'soft': 'Resource Allocation: 1, Adaptability: 4, Personality Awareness: 1, Integrity: 4, Ethical Judgment: 1, Active Listening: 4, Facilitation Skills: 1, Virtual Collaboration: 4, Time Optimization: 4, Quality Assurance: 4, Data Interpretation: 1, Goal Setting: 4'}"
Kimberly,Bradshaw,16980405,Mexico,Test Automation Engineer,sr2,"{'hard': 'Test Case Design: 1, Automation Strategy: 1, Python: 1, Version Control (Git): 1, API Testing: 1, Cross-Browser Testing: 4, Continuous Testing: 1, User Interface Testing: 4, Cypress: 1, Integration Testing: 1', 'soft': 'Cognitive Flexibility: 1, Empathy: 1, Intellectual Curiosity: 1, Client Management: 4, Self-Regulation: 4, Attention to Detail: 4, Crisis Communication: 1, Problem Solving: 4, Initiative: 1, Civic Engagement: 4, Change Facilitation: 4, Communication: 4'}"
Krista,Davis,84881344,Colombia,Test Automation Engineer,sr3,"{'hard': 'Test Case Design: 2, Data-Driven Testing: 5, Mocking Frameworks: 2, Security Testing: 2, Reporting Tools: 5, User Interface Testing: 2, Load Testing: 5, Performance Testing: 5, Debugging: 5, Automation Strategy: 5, Version Control (Git): 5, JUnit: 2, API Testing: 5, JavaScript: 5', 'soft': 'Feedback Acceptance: 5, Writing Skills: 2, Civic Responsibility: 2, Virtual Collaboration: 5, Public Speaking: 2, Ethical Judgment: 5, Social Skills: 2, Stress Management: 5, Task Prioritization: 2, Time Management: 2, Decision Making: 2, Adaptability to Change: 5, Communication: 2, Attention to Detail: 2, Inclusivity: 5'}"
Sarah,Porter,13206694,Bolivia,Flutter Developer,jr,"{'hard': 'Native Modules: 1, Debugging: 1, Versioning: 1, Platform Channels: 1, Responsive Design: 1', 'soft': 'Motivational Skills: 1, Visionary Leadership: 1, Humility: 1, Collaboration: 1, Trust Building: 1'}"
Jason,Barnett,62262392,Argentina,Android Mobile Developer,sr2,"{'hard': 'SQLite: 4, XML: 4, Java: 4, RxJava: 1, Dagger: 1, Firebase: 4, Material Design: 1, JUnit: 4, Android NDK: 4, Flutter: 4', 'soft': 'Networking: 4, Diversity Awareness: 1, Social Skills: 1, Teamwork: 1, Cultural Competence: 4, Personality Awareness: 1, Problem Solving: 4, Public Speaking: 1, Resource Allocation: 4, Humility: 1, Mentoring Skills: 4, Global Awareness: 4'}"
Daniel,Booker,81599839,Peru,Python Developer,ssr,"{'hard': 'Django: 2, TensorFlow: 2, Algorithms: 1, Flask: 2, Pytorch: 1', 'soft': 'Work Ethic: 1, Decision Making: 2, Emotional Intelligence: 2, Task Prioritization: 2, Workplace Culture Awareness: 2'}"
Carrie,Phillips,25237994,Ecuador,Java Developer,sr3,"{'hard': 'SOAP: 5, Spring: 2, Logging Frameworks: 5, Algorithms: 2, Git: 5, Agile: 2, JUnit: 5, Continuous Integration: 5, Unit Testing: 2, Docker: 5, Kubernetes: 5, Web Services: 5, Spring Boot: 2, Security: 2', 'soft': 'Influencing: 2, Adaptability to Change: 5, Delegation: 2, Communication: 5, Trustworthiness: 2, Leadership: 5, Problem Analysis: 5, Process Improvement: 2, Scientific Thinking: 5, Collaboration: 5, Stress Management: 5, Flexibility: 5, Civic Responsibility: 2, Feedback Acceptance: 5, Task Prioritization: 2'}"
Natalie,Collins,48292665,Bolivia,iOS Mobile Developer,ssr,"{'hard': 'iOS SDK: 1, Accessibility Features: 1, Xcode: 2, Core Location: 1, Unit Testing: 1', 'soft': 'Cultural Competence: 2, Flexibility: 2, Influencing: 2, Humility: 2, Persuasion: 1'}"
Maria,Thomas,28033502,Mexico,PHP Developer,sr3,"{'hard': 'Error Handling: 5, JSON: 5, Performance Optimization: 2, JavaScript: 2, Git: 2, API Development: 5, Debugging: 5, Agile: 2, Caching Techniques: 5, User Authentication: 2, Security Best Practices: 5, REST APIs: 2, Integration with Third-party Services: 2, Composer: 5', 'soft': 'Trustworthiness: 2, Entrepreneurial Mindset: 2, Self-Confidence: 5, Public Speaking: 5, Conflict Management: 5, Personality Awareness: 2, Creativity: 5, Quality Assurance: 2, Writing Skills: 2, Open-mindedness: 5, Resourcefulness: 5, Trust Building: 5, Self-Regulation: 2, Empathy: 2, Intellectual Curiosity: 5'}"
John,Lee,50896820,Paraguay,RPA Developer,sr3,"{'hard': 'Continuous Improvement: 2, Task Automation: 5, Change Management: 2, Data Quality Management: 2, Automation Anywhere: 5, Excel VBA: 2, Reporting: 2, Scripting: 2, SQL: 5, REST APIs: 2, Debugging: 2, Python: 5, UiPath: 2, Data Manipulation: 5', 'soft': 'Crisis Management: 5, Entrepreneurial Mindset: 5, Social Skills: 5, Performance Management: 2, Resilience: 5, Self-Motivation: 2, Self-Regulation: 5, Networking Skills: 2, Crisis Communication: 5, Process Improvement: 5, Global Awareness: 5, Emotional Intelligence: 5, Inclusivity: 2, Stress Management: 5, Interpersonal Communication: 5'}"
Michael,Johnson,51113199,Colombia,RPA Developer,ssr,"{'hard': 'Change Management: 2, Integration with Third-party Applications: 1, Scripting: 2, Business Intelligence Tools: 1, REST APIs: 1', 'soft': 'Creativity: 1, Visionary Leadership: 1, Social Skills: 1, Mentoring: 2, Emotional Resilience: 1'}"
Mary,Romero,51163508,Paraguay,DevOps Engineer,sr1,"{'hard': 'User Access Control: 3, Change Management: 1, Custom Scripts: 1, Docker: 3, Collaboration Tools: 3, Database Management: 3, Agile: 3, Networking: 1, Application Performance Monitoring (APM): 1, Security Best Practices: 1', 'soft': 'Time Awareness: 3, Situational Awareness: 1, Relationship Building: 1, Intellectual Curiosity: 3, Process Improvement: 3, Intuition: 3, Negotiation Tactics: 3, Social Intelligence: 3, Presentation Skills: 1, Teamwork: 1, Adaptability: 1, Attention to Detail: 1'}"
Mark,Alexander,80072638,Mexico,Game Developer,jr,"{'hard': 'Multiplayer Networking: 1, Physics Engines: 1, Game Testing: 1, Shader Programming: 1, C#: 1', 'soft': 'Goal Setting: 1, Collaboration: 1, Humility: 1, Time Awareness: 1, Presentation Skills: 1'}"
Stanley,Knapp,60254148,Argentina,.Net Developer,sr2,"{'hard': 'HTML/CSS: 1, Debugging: 1, Web API: 4, MVC: 1, WCF: 1, SQL Server: 1, Unit Testing: 1, .NET Core: 1, JavaScript: 4, User Authentication: 1', 'soft': 'Open-mindedness: 1, Visionary Thinking: 1, Personality Awareness: 4, Technology Savvy: 4, Strategic Communication: 4, Trust Building: 4, Self-Confidence: 1, Adaptability to Change: 4, Decision Making: 1, Ethical Judgment: 4, Stress Resilience: 1, Time Awareness: 4'}"
Emily,Mcgee,19168858,Argentina,Web UI Developer,sr1,"{'hard': 'Front-End Frameworks: 1, Web Design Principles: 3, Color Theory: 1, JavaScript: 3, User Interaction Design: 3, Progressive Enhancement: 3, Web Standards: 1, State Management: 1, Animations: 1, REST APIs: 3', 'soft': 'Teamwork: 1, Self-Confidence: 3, Stress Management: 1, Negotiation: 1, Client Management: 1, Time Optimization: 3, Initiative: 3, Civic Engagement: 1, Data Interpretation: 3, Research Skills: 1, Creativity: 3, Professionalism: 1'}"
Anita,Mitchell,24837695,Argentina,Web Mobile Developer,jr,"{'hard': 'HTML: 1, Code Review: 1, GraphQL: 1, Flutter: 1, JavaScript: 1', 'soft': 'Change Facilitation: 1, Persuasion: 1, Virtual Collaboration: 1, Networking Skills: 1, Resourcefulness: 1'}"
Melissa,Smith,32269051,Colombia,Python Developer,ssr,"{'hard': 'NumPy: 1, SQL: 2, Data Engineering: 1, Data Quality Assessment: 1, Data Structures: 1', 'soft': 'Networking Skills: 2, Client Management: 2, Social Skills: 1, Team Building: 1, Public Speaking: 1'}"
Olivia,Hernandez,50515892,Argentina,iOS Mobile Developer,jr,"{'hard': 'iCloud: 1, Cocoa Touch: 1, In-App Purchases: 1, Core Location: 1, User Interface Design: 1', 'soft': 'Research Skills: 1, Teamwork: 1, Flexibility: 1, Work-Life Balance: 1, Self-Motivation: 1'}"
Allen,Johnson,37566838,Chile,C++ Developer,sr2,"{'hard': 'Design Patterns: 4, Concurrency: 4, Algorithms: 1, Networking: 4, System Programming: 1, File I/O: 1, OpenGL: 1, Graphics Programming: 1, Version Control (Git): 4, Templates: 4', 'soft': 'Conflict Management: 4, Self-Discipline: 1, Active Listening: 4, Process Improvement: 4, Teamwork: 1, Emotional Resilience: 1, Change Facilitation: 1, Situational Awareness: 1, Risk Management: 1, Attention to Detail: 1, Networking: 1, Civic Responsibility: 1'}"
Melissa,Parker,86371306,Venezuela,Cloud Engineer,jr,"{'hard': 'Resource Allocation: 1, Backup and Recovery: 1, DevOps: 1, AWS: 1, Serverless Computing: 1', 'soft': 'Analytical Thinking: 1, Social Intelligence: 1, Empathy: 1, Self-Confidence: 1, Innovation: 1'}"
Joseph,Schaefer,17081605,Bolivia,Cobol Developer,ssr,"{'hard': 'File Handling: 2, Agile: 2, Data Warehousing: 2, Change Management: 1, Documentation: 2', 'soft': 'Mentoring: 2, Crisis Management: 1, Critical Thinking: 1, Influencing: 1, Emotional Intelligence: 1'}"
Kathryn,Smith,26227781,Venezuela,Cloud Engineer,sr2,"{'hard': 'Resource Allocation: 1, Agile: 4, DevOps: 4, API Management: 4, Virtualization: 1, Serverless Computing: 1, Monitoring and Logging: 1, Cloud Architecture: 1, Docker: 1, Application Networking: 1', 'soft': 'Presentation Skills: 1, Social Intelligence: 1, Mentoring Skills: 1, Client Management: 4, Quality Assurance: 1, Stress Management: 4, Creativity: 4, Change Management: 1, Networking: 1, Cultural Competence: 4, Critical Thinking: 1, Ethical Judgment: 1'}"
Charles,Cain,55272936,Paraguay,iOS Mobile Developer,sr1,"{'hard': 'iCloud: 3, iOS SDK: 3, UIKit: 1, In-App Purchases: 3, Firebase: 3, Auto Layout: 3, Accessibility Features: 1, Xcode: 1, Core Data: 1, Security Best Practices: 1', 'soft': 'Visionary Leadership: 1, Scientific Thinking: 1, Entrepreneurial Mindset: 1, Goal Setting: 3, Positivity: 3, Situational Awareness: 1, Crisis Communication: 3, Personality Awareness: 3, Work Ethic: 3, Analytical Thinking: 1, Resource Allocation: 1, Influencing: 3'}"
George,Jones,93905233,Uruguay,Web Mobile Developer,sr3,"{'hard': 'Accessibility Standards: 2, Cross-Browser Compatibility: 2, Mobile First Design: 2, WebSockets: 2, Agile: 2, Analytics Integration: 2, State Management: 5, Responsive Design: 2, Testing Frameworks: 5, Service Workers: 5, JavaScript: 2, Local Storage: 5, Frontend Frameworks: 2, Progressive Web Apps (PWAs): 2', 'soft': 'Crisis Management: 5, Resourcefulness: 5, Team Building: 2, Civic Engagement: 2, Work-Life Balance: 5, Time Awareness: 2, Process Improvement: 2, Creativity: 2, Adaptability: 5, Influencing: 2, Facilitation Skills: 2, Motivational Skills: 5, Cultural Competence: 5, Teamwork: 5, Self-Discipline: 2'}"
Samuel,Brown,53303900,Chile,PHP Developer,ssr,"{'hard': 'Session Management: 1, Version Control: 2, Frameworks (CodeIgniter): 1, Continuous Integration: 1, Integration with Third-party Services: 2', 'soft': 'Critical Thinking: 1, Responsibility: 2, Negotiation: 1, Diversity Awareness: 1, Client Management: 2'}"
Samantha,Watson,81537393,Venezuela,Game Developer,jr,"{'hard': 'Game Prototyping: 1, Visual Scripting: 1, Performance Optimization: 1, Asset Management: 1, Physics Simulation: 1', 'soft': 'Networking: 1, Intellectual Curiosity: 1, Humility: 1, Resourcefulness: 1, Goal Setting: 1'}"
Alison,Sanchez,91335777,Bolivia,Python Developer,ssr,"{'hard': 'Git: 1, Matplotlib: 2, Django: 2, Cloud Services: 2, Python: 1', 'soft': 'Global Awareness: 2, Creativity: 1, Critical Observation: 1, Trust Building: 1, Stress Management: 1'}"
Bradley,Burton,19677126,Mexico,NodeJs Developer,sr2,"{'hard': 'Socket.io: 4, Performance Optimization: 1, CI/CD: 4, Kubernetes: 1, Error Handling: 1, Frontend Frameworks (React/Vue): 4, Security Best Practices: 4, Agile: 4, Middleware: 4, Chai: 4', 'soft': 'Civic Engagement: 1, Networking Skills: 1, Client Management: 1, Customer Service: 4, Intuition: 1, Diversity Awareness: 1, Critical Observation: 4, Facilitation Skills: 4, Workplace Culture Awareness: 1, Authenticity: 4, Resource Allocation: 4, Visionary Thinking: 4'}"
Heather,Herring,11742642,Venezuela,SQL Developer,ssr,"{'hard': 'Data Migration: 1, Reporting Tools: 1, SQL: 2, Security Best Practices: 2, Data Analysis: 2', 'soft': 'Authenticity: 2, Networking Skills: 1, Scientific Thinking: 1, Diversity Awareness: 1, Positivity: 2'}"
Jennifer,Leon,27565989,Paraguay,Android Mobile Developer,sr1,"{'hard': 'MVP: 3, XML: 3, UI/UX Design: 1, JUnit: 1, Agile: 3, RxJava: 3, SQLite: 1, Security Best Practices: 3, ProGuard: 1, Dependency Injection: 3', 'soft': 'Self-Motivation: 1, Active Listening: 3, Influencing: 1, Crisis Management: 3, Integrity: 3, Strategic Communication: 3, Learning Agility: 1, Conflict Management: 3, Scientific Thinking: 1, Innovation: 1, Attention to Detail: 3, Conflict Resolution: 1'}"
Victoria,Pena,88826246,Mexico,Web UI Developer,sr3,"{'hard': 'Figma/Adobe XD: 5, JavaScript: 5, Vue.js: 5, Cross-Browser Compatibility: 5, Microinteractions: 5, Front-End Frameworks: 2, Image Optimization: 2, Angular: 5, User Interaction Design: 5, Agile: 2, REST APIs: 5, Web Standards: 5, Progressive Enhancement: 5, React: 5', 'soft': 'Cognitive Flexibility: 5, Analytical Thinking: 5, Entrepreneurial Mindset: 2, Time Management: 2, Social Intelligence: 5, Service Orientation: 2, Risk Management: 2, Adaptability: 5, Interpersonal Communication: 5, Authenticity: 2, Social Skills: 5, Conflict Management: 2, Time Optimization: 5, Collaboration: 5, Networking: 5'}"
Charles,Hernandez,98446476,Chile,Cobol Developer,ssr,"{'hard': 'Client Interaction: 2, Documentation: 2, Unit Testing: 2, Software Maintenance: 1, System Analysis: 2', 'soft': 'Facilitation Skills: 1, Civic Responsibility: 2, Self-Regulation: 2, Attention to Detail: 1, Cognitive Flexibility: 2'}"
Kathryn,Moss,78105139,Mexico,Java Developer,jr,"{'hard': 'SOAP: 1, API Development: 1, JavaFX: 1, Agile: 1, Spring: 1', 'soft': 'Critical Observation: 1, Teamwork: 1, Ethical Judgment: 1, Trustworthiness: 1, Motivational Skills: 1'}"
Wesley,Garcia,95843183,Mexico,Cloud Engineer,sr2,"{'hard': 'Event-Driven Architecture: 4, Docker: 1, CI/CD: 4, Cloud Migration: 1, Cost Optimization: 4, DevOps: 4, Azure: 4, Security Best Practices: 4, Google Cloud Platform: 4, Performance Tuning: 1', 'soft': 'Negotiation Tactics: 1, Cultural Competence: 4, Attention to Detail: 4, Self-Regulation: 1, Stress Management: 4, Customer Service: 4, Coaching: 1, Presentation Skills: 4, Service Orientation: 1, Persuasion: 4, Innovation: 1, Learning Agility: 1'}"
Sarah,Gibson,72885897,Bolivia,Web Mobile Developer,sr2,"{'hard': 'Network Communication: 1, State Management: 1, Git: 4, Continuous Integration/Continuous Deployment (CI/CD): 1, Deployment Techniques: 4, REST APIs: 1, Accessibility Standards: 1, Debugging: 4, Testing Frameworks: 1, Cross-Browser Compatibility: 1', 'soft': 'Mentoring Skills: 4, Risk Management: 1, Teamwork: 1, Cultural Awareness: 4, Conflict Management: 4, Analytical Thinking: 4, Creativity: 4, Self-Regulation: 1, Diversity Awareness: 1, Visionary Thinking: 1, Change Facilitation: 4, Virtual Collaboration: 4'}"
Sara,Sanchez,94393610,Uruguay,Data Engineer,sr2,"{'hard': 'Data Governance: 1, SQL: 4, Machine Learning Basics: 1, Analytics Integration: 4, API Development: 4, Data Quality Management: 1, ETL Processes: 1, Python: 1, Data Visualization Tools (Tableau, Power BI): 1, Big Data Technologies: 4', 'soft': 'Conflict Management: 1, Self-Motivation: 1, Authenticity: 4, Quality Assurance: 1, Creativity: 1, Cultural Competence: 4, Trust Building: 4, Flexibility: 4, Mentoring: 1, Motivational Skills: 4, Intellectual Curiosity: 4, Work-Life Balance: 4'}"
Tiffany,Perez,30260400,Bolivia,DevOps Engineer,sr2,"{'hard': 'Collaboration Tools: 1, API Management: 1, Version Control (Git): 1, Load Balancing: 4, Infrastructure as Code (IaC): 4, Cloud Services: 4, Monitoring and Logging: 4, Scripting (Bash, Python): 1, Microservices Architecture: 1, Application Performance Monitoring (APM): 4', 'soft': 'Ethical Judgment: 1, Creativity: 4, Coaching: 4, Trustworthiness: 4, Virtual Collaboration: 1, Situational Awareness: 1, Civic Responsibility: 1, Empathy: 4, Trust Building: 1, Risk Management: 1, Interpersonal Skills: 1, Crisis Management: 1'}"
Pamela,Williams,53623933,Uruguay,RPA Developer,sr1,"{'hard': 'Performance Monitoring: 1, UiPath: 3, Scripting: 1, Documentation: 1, Java: 1, Debugging: 3, Testing Automation: 1, Automation Anywhere: 1, Data Manipulation: 3, Task Automation: 1', 'soft': 'Decision Making: 3, Client Management: 1, Work-Life Balance: 1, Ethical Judgment: 1, Service Orientation: 1, Process Improvement: 1, Inclusivity: 1, Flexibility: 1, Situational Awareness: 1, Self-Confidence: 1, Diversity Awareness: 1, Feedback Acceptance: 3'}"
Krista,Garcia,93658070,Venezuela,Python Developer,sr2,"{'hard': 'TensorFlow: 1, Jupyter Notebooks: 4, Agile: 1, Data Visualization: 4, Spark: 1, Natural Language Processing (NLP): 1, Selenium: 4, Django: 1, Security Best Practices: 1, Pytorch: 1', 'soft': 'Self-Confidence: 1, Professionalism: 4, Trustworthiness: 4, Resilience: 4, Stress Management: 4, Mentoring Skills: 4, Team Building: 1, Stress Resilience: 1, Resourcefulness: 4, Critical Thinking: 4, Self-Discipline: 1, Service Orientation: 4'}"
Kyle,Chase,11134565,Bolivia,Game Developer,sr3,"{'hard': '3D Modeling: 5, Procedural Generation: 5, Game Prototyping: 5, Asset Management: 2, Game Design: 5, Game Monetization: 5, Version Control (Git): 5, User Interface Design: 2, Shader Programming: 2, Animation: 2, Live Ops: 5, Physics Simulation: 5, AI Programming: 2, Sound Design: 5', 'soft': 'Attention to Detail: 2, Delegation: 5, Mentoring: 5, Work-Life Balance: 2, Adaptability to Change: 2, Critical Thinking: 5, Integrity: 5, Feedback Acceptance: 2, Writing Skills: 5, Motivational Skills: 2, Civic Engagement: 2, Emotional Resilience: 5, Strategic Thinking: 2, Data Interpretation: 5, Intellectual Curiosity: 2'}"
Christina,Ward,80214251,Colombia,Test Automation Engineer,ssr,"{'hard': 'Version Control (Git): 1, Integration Testing: 1, Defect Tracking: 1, Cross-Browser Testing: 2, Framework Development: 2', 'soft': 'Client Management: 1, Entrepreneurial Mindset: 2, Initiative: 1, Feedback Delivery: 1, Technology Savvy: 1'}"
Savannah,Moran,82444794,Venezuela,Java Developer,jr,"{'hard': 'Hibernate: 1, JavaFX: 1, JSON: 1, Data Access Layer: 1, Microservices: 1', 'soft': 'Motivation: 1, Positivity: 1, Collaboration: 1, Innovation: 1, Adaptability to Change: 1'}"
Veronica,Williams,65033503,Uruguay,SQL Developer,ssr,"{'hard': 'Agile: 2, Data Visualization: 2, Database Design: 2, Stored Procedures: 1, Data Quality Management: 2', 'soft': 'Creativity: 2, Diversity Awareness: 2, Personality Awareness: 2, Quality Assurance: 1, Persuasion: 2'}"
John,Lucas,82075680,Mexico,Sharepoint Developer,ssr,"{'hard': 'CSS: 2, Agile: 2, PowerShell: 1, Business Intelligence: 2, Information Architecture: 2', 'soft': 'Interpersonal Communication: 2, Delegation: 2, Entrepreneurial Mindset: 2, Trustworthiness: 1, Leadership: 1'}"
Scott,Sanchez,28397822,Mexico,DevOps Engineer,sr2,"{'hard': 'API Management: 4, Microservices Architecture: 1, Infrastructure as Code (IaC): 1, Testing Automation: 1, Custom Scripts: 1, Networking: 1, Load Balancing: 4, Security Best Practices: 1, Agile: 4, Backup Strategies: 1', 'soft': 'Performance Management: 4, Emotional Resilience: 1, Positivity: 1, Responsibility: 4, Conflict Management: 4, Scientific Thinking: 4, Technology Savvy: 4, Social Skills: 4, Communication: 4, Customer Service: 1, Civic Responsibility: 1, Coaching: 4'}"
Ashley,Huber,98238521,Bolivia,Test Automation Engineer,sr2,"{'hard': 'Framework Development: 1, Appium: 4, Load Testing: 4, Test Management Tools: 1, Test Environment Setup: 4, Continuous Testing: 4, User Interface Testing: 1, CI/CD: 4, JUnit: 1, Java: 4', 'soft': 'Strategic Communication: 4, Strategic Thinking: 1, Interpersonal Skills: 1, Conflict Management: 1, Time Management: 4, Time Optimization: 1, Responsibility: 4, Feedback Delivery: 4, Data Interpretation: 1, Initiative: 1, Emotional Intelligence: 1, Mentoring: 1'}"
Jacqueline,Gutierrez,28486389,Colombia,Web Mobile Developer,ssr,"{'hard': 'Code Review: 2, React Native: 1, Testing Frameworks: 2, Mobile First Design: 2, JavaScript: 1', 'soft': 'Critical Thinking: 2, Resilience: 1, Self-Discipline: 2, Technology Savvy: 1, Customer Service: 1'}"
Robin,Harris,11108392,Uruguay,Android Mobile Developer,sr2,"{'hard': 'Agile: 1, MVVM: 1, Dagger: 1, Android Jetpack: 4, Dependency Injection: 4, Security Best Practices: 1, ProGuard: 4, Flutter: 1, Performance Tuning: 1, Firebase: 4', 'soft': 'Research Skills: 1, Decision Making: 4, Motivational Skills: 1, Interpersonal Skills: 1, Integrity: 1, Time Optimization: 4, Social Intelligence: 4, Time Management: 4, Analytical Thinking: 4, Mentoring: 4, Service Orientation: 4, Entrepreneurial Mindset: 4'}"
Alyssa,Sullivan,58939358,Argentina,Game Developer,ssr,"{'hard': 'User Interface Design: 1, Cross-platform Development: 1, Performance Optimization: 2, Visual Scripting: 2, Physics Simulation: 1', 'soft': 'Social Intelligence: 1, Service Orientation: 1, Team Building: 1, Interpersonal Skills: 1, Adaptability to Change: 2'}"
George,Stevenson,29862450,Chile,SQL Developer,sr2,"{'hard': 'MySQL: 4, Indexing: 1, Security Best Practices: 1, Query Optimization: 4, Data Analysis: 1, Data Governance: 4, Data Warehousing: 1, PostgreSQL: 1, Debugging: 4, SQL Server: 4', 'soft': 'Self-Confidence: 1, Influencing: 4, Social Intelligence: 1, Professionalism: 1, Work-Life Balance: 1, Visionary Thinking: 4, Risk Management: 1, Positivity: 4, Coaching: 1, Critical Observation: 4, Visionary Leadership: 4, Learning Agility: 4'}"
Jill,Dunlap,40718896,Paraguay,Java Developer,sr3,"{'hard': 'Security: 5, Design Patterns: 2, SOAP: 2, Java EE: 5, Cloud Services: 2, API Development: 2, JDBC: 2, JUnit: 2, JPA: 5, Spring Boot: 5, REST APIs: 5, JavaFX: 5, Kubernetes: 2, Dependency Injection: 5', 'soft': 'Change Management: 2, Self-Confidence: 2, Creativity: 2, Interpersonal Skills: 2, Writing Skills: 2, Resource Allocation: 5, Intellectual Curiosity: 5, Trust Building: 5, Networking: 2, Coaching: 5, Persuasion: 2, Initiative: 2, Resilience: 5, Learning Agility: 5, Innovation: 2'}"
Angela,Gonzalez,20154254,Paraguay,NodeJs Developer,ssr,"{'hard': 'Asynchronous Programming: 1, Data Structures: 1, REST APIs: 1, Git: 1, Agile: 1', 'soft': 'Change Facilitation: 1, Networking Skills: 2, Adaptability: 1, Trust Building: 1, Creativity: 2'}"
Rachael,Miller,79965655,Mexico,Android Mobile Developer,sr3,"{'hard': 'Motion Layout: 2, MVVM: 2, Retrofit: 5, Security Best Practices: 2, SQLite: 2, Coroutines: 2, Dagger: 2, Android SDK: 2, Data Binding: 2, RxJava: 5, Material Design: 2, Java: 5, Git: 2, JUnit: 2', 'soft': 'Trust Building: 5, Feedback Acceptance: 5, Initiative: 2, Resilience: 2, Goal Setting: 2, Problem Analysis: 2, Process Improvement: 2, Adaptability to Change: 2, Negotiation Tactics: 2, Quality Assurance: 5, Visionary Leadership: 5, Problem Solving: 2, Decision Making: 5, Persuasion: 5, Intellectual Curiosity: 5'}"
Christina,Perkins,36484136,Peru,Cobol Developer,sr1,"{'hard': 'CICS: 1, Data Migration: 3, Application Development: 1, Agile: 3, Reporting: 1, Unit Testing: 3, SoftTech: 3, Legacy Systems: 3, Version Control (Git): 1, Documentation: 1', 'soft': 'Facilitation Skills: 1, Research Skills: 1, Networking Skills: 3, Delegation: 3, Inclusivity: 3, Data Interpretation: 1, Self-Regulation: 1, Negotiation Tactics: 1, Visionary Leadership: 3, Humility: 1, Intellectual Curiosity: 3, Entrepreneurial Mindset: 1'}"
Joanna,Rodgers,49861225,Mexico,RPA Developer,ssr,"{'hard': 'UiPath: 1, Data Manipulation: 1, Python: 2, User Training: 1, Business Process Mapping: 2', 'soft': 'Social Intelligence: 2, Work-Life Balance: 2, Resource Allocation: 1, Strategic Communication: 1, Time Management: 1'}"
Stephen,Williams,96727845,Venezuela,PHP Developer,jr,"{'hard': 'Composer: 1, Performance Optimization: 1, PHP: 1, JavaScript: 1, Git: 1', 'soft': 'Time Optimization: 1, Performance Management: 1, Critical Observation: 1, Social Skills: 1, Civic Responsibility: 1'}"
Darryl,Fields,89904103,Peru,RPA Developer,ssr,"{'hard': 'Blue Prism: 2, Documentation: 2, Integration with Third-party Applications: 1, Task Automation: 1, User Training: 2', 'soft': 'Intuition: 1, Feedback Acceptance: 2, Public Speaking: 1, Stress Resilience: 2, Situational Awareness: 1'}"
William,Hamilton,16394109,Venezuela,Cloud Engineer,sr3,"{'hard': 'Application Networking: 5, Virtualization: 2, Cloud Security: 2, Resource Allocation: 5, Service Mesh: 2, Scripting (Python, Bash): 5, Event-Driven Architecture: 5, Networking: 2, Cloud Migration: 5, Cost Optimization: 5, CI/CD: 5, Load Balancing: 5, Configuration Management: 2, Monitoring and Logging: 5', 'soft': 'Work Ethic: 2, Active Listening: 2, Interpersonal Skills: 5, Stress Management: 5, Stress Resilience: 5, Social Intelligence: 5, Responsibility: 5, Negotiation Tactics: 5, Workplace Culture Awareness: 2, Delegation: 2, Civic Engagement: 5, Creativity: 5, Self-Regulation: 2, Attention to Detail: 5, Mentoring Skills: 2'}"
James,Goodwin,54067966,Venezuela,DevOps Engineer,sr1,"{'hard': 'Infrastructure as Code (IaC): 3, Azure: 1, Agile: 3, Scripting (Bash, Python): 3, Release Management: 1, User Access Control: 1, Version Control (Git): 1, Continuous Integration/Continuous Deployment (CI/CD): 3, Change Management: 3, Cloud Services: 1', 'soft': 'Resilience: 1, Public Speaking: 3, Mentoring: 3, Conflict Resolution: 1, Critical Observation: 3, Decision Making: 1, Facilitation Skills: 1, Risk Management: 1, Motivational Skills: 3, Writing Skills: 1, Work-Life Balance: 3, Intellectual Curiosity: 3'}"
Natasha,Allen,26943851,Bolivia,Cobol Developer,sr3,"{'hard': 'System Integration: 5, Data Mapping: 5, COBOL: 5, Client Interaction: 2, Agile: 2, Change Management: 5, SQL: 2, Version Control (Git): 5, Debugging: 2, Business Logic: 5, File Handling: 2, Legacy Systems: 2, IBM z/OS: 2, DB2: 2', 'soft': 'Trust Building: 2, Attention to Detail: 5, Communication: 2, Ethical Judgment: 2, Inclusivity: 2, Intuition: 5, Trustworthiness: 2, Technology Savvy: 5, Cultural Awareness: 5, Teamwork: 2, Positivity: 2, Public Speaking: 5, Delegation: 2, Leadership: 2, Creativity: 5'}"
Emily,Bartlett,12573492,Bolivia,Android Mobile Developer,sr1,"{'hard': 'RxJava: 1, Android NDK: 1, Agile: 1, ProGuard: 3, Material Design: 3, Test-Driven Development: 3, Android SDK: 3, SQLite: 1, Dependency Injection: 1, MVVM: 3', 'soft': 'Ethical Judgment: 1, Motivational Skills: 3, Open-mindedness: 1, Time Management: 3, Global Awareness: 3, Trustworthiness: 1, Quality Assurance: 3, Presentation Skills: 1, Facilitation Skills: 1, Civic Responsibility: 1, Inclusivity: 1, Risk Management: 1'}"
Ashley,Martinez,71000624,Chile,Test Automation Engineer,sr2,"{'hard': 'Mocking Frameworks: 4, Test Management Tools: 4, Selenium: 4, Debugging: 1, TestNG: 4, Framework Development: 4, JavaScript: 1, API Testing: 4, CI/CD: 1, Test Environment Setup: 4', 'soft': 'Motivation: 1, Feedback Delivery: 1, Teamwork: 1, Process Improvement: 1, Communication: 1, Self-Regulation: 1, Goal Setting: 1, Performance Management: 1, Change Management: 1, Change Facilitation: 4, Mentoring: 1, Networking Skills: 1'}"
Scott,Johnson,99442294,Mexico,IOT Platform Engineer,jr,"{'hard': 'IoT Protocols (MQTT, CoAP): 1, User Interface Design: 1, Telemetry: 1, Analytics Integration: 1, User Authentication: 1', 'soft': 'Positivity: 1, Facilitation Skills: 1, Humility: 1, Time Management: 1, Civic Engagement: 1'}"
Melody,Woodward,98027208,Argentina,Android Mobile Developer,ssr,"{'hard': 'Constraint Layout: 1, JUnit: 2, REST APIs: 2, Test-Driven Development: 2, Kotlin Coroutines: 1', 'soft': 'Performance Management: 1, Motivational Skills: 2, Cultural Awareness: 1, Diversity Awareness: 1, Risk Management: 1'}"
Edward,Romero,95538151,Colombia,Data Engineer,sr2,"{'hard': 'Data Quality Management: 4, Agile: 1, Apache Spark: 4, Data Transformation: 4, Apache Kafka: 4, Performance Tuning: 1, Data Lakes: 4, SQL: 4, Data Cataloging: 1, Data Integration Tools: 4', 'soft': 'Change Management: 4, Work-Life Balance: 1, Self-Discipline: 4, Workplace Culture Awareness: 1, Personality Awareness: 1, Global Awareness: 1, Motivational Skills: 4, Cultural Awareness: 4, Task Prioritization: 1, Social Intelligence: 1, Motivation: 1, Empathy: 1'}"
Brian,Little,97072351,Bolivia,Web UI Developer,ssr,"{'hard': 'CSS Preprocessors (Sass, LESS): 1, Progressive Enhancement: 1, Git: 1, CSS: 1, Web Standards: 2', 'soft': 'Workplace Culture Awareness: 2, Crisis Communication: 2, Decision Making: 1, Intellectual Curiosity: 1, Authenticity: 2'}"
Jamie,Rodgers,62903355,Ecuador,SQL Developer,sr1,"{'hard': 'Agile: 3, Version Control: 1, Data Structures: 1, Performance Tuning: 1, Query Optimization: 1, Reporting Tools: 3, Business Intelligence Tools: 3, Debugging: 1, Data Migration: 3, Data Quality Management: 3', 'soft': 'Problem Analysis: 1, Learning Agility: 3, Goal Setting: 1, Professionalism: 3, Creativity: 3, Responsibility: 3, Resourcefulness: 1, Performance Management: 3, Integrity: 3, Positivity: 3, Task Prioritization: 3, Resource Allocation: 1'}"
Mary,Hamilton,95942770,Paraguay,NodeJs Developer,ssr,"{'hard': 'Postman: 1, AWS: 2, Socket.io: 1, WebSockets: 2, REST APIs: 2', 'soft': 'Change Management: 2, Performance Management: 2, Empathy: 2, Risk Management: 2, Collaboration: 1'}"
Mark,Washington,55482019,Venezuela,Cybersecurity Engineer,jr,"{'hard': 'Firewalls: 1, Application Security: 1, Incident Response: 1, Intrusion Detection Systems (IDS): 1, Encryption Techniques: 1', 'soft': 'Persuasion: 1, Global Awareness: 1, Workplace Culture Awareness: 1, Humility: 1, Intuition: 1'}"
John,Ortega,42267603,Uruguay,DevOps Engineer,sr2,"{'hard': 'Agile: 4, AWS: 4, Automation Tools: 4, Performance Tuning: 4, Application Performance Monitoring (APM): 4, Disaster Recovery: 1, Scripting (Bash, Python): 1, Error Tracking: 4, Collaboration Tools: 1, Security Best Practices: 4', 'soft': 'Task Prioritization: 1, Facilitation Skills: 4, Inclusivity: 4, Negotiation Tactics: 1, Conflict Management: 4, Empathy: 4, Trustworthiness: 4, Cognitive Flexibility: 4, Decision Making: 1, Self-Motivation: 1, Work Ethic: 1, Initiative: 1'}"
Alexis,Delgado,20812617,Mexico,NodeJs Developer,sr1,"{'hard': 'Node.js: 3, MongoDB: 1, Error Handling: 1, JWT: 1, JavaScript: 3, Event-Driven Architecture: 1, Mocha: 1, Asynchronous Programming: 1, Middleware: 3, Kubernetes: 3', 'soft': 'Global Awareness: 3, Situational Awareness: 1, Public Relations: 1, Self-Discipline: 1, Interpersonal Communication: 1, Learning Agility: 3, Goal Setting: 3, Strategic Thinking: 3, Problem Analysis: 1, Self-Confidence: 1, Creativity: 1, Problem Solving: 3'}"
Ryan,Evans,90001583,Uruguay,Game Developer,sr3,"{'hard': 'Gameplay Programming: 2, AI Programming: 2, Physics Simulation: 5, Game Design: 5, Game Optimization: 2, Agile: 5, Unreal Engine: 2, Cross-platform Development: 2, Physics Engines: 2, Performance Optimization: 2, Game Analytics: 2, Level Design: 5, Game Testing: 2, Graphics Programming: 2', 'soft': 'Relationship Building: 5, Situational Awareness: 2, Influencing: 2, Cultural Competence: 2, Change Facilitation: 5, Problem Solving: 5, Team Building: 5, Personality Awareness: 5, Presentation Skills: 2, Self-Confidence: 2, Self-Motivation: 2, Resource Allocation: 2, Responsibility: 5, Crisis Communication: 5, Workplace Culture Awareness: 2'}"
Steven,Scott,86108785,Peru,Python Developer,sr1,"{'hard': 'TensorFlow: 3, Machine Learning: 1, REST APIs: 1, Concurrency: 3, Docker: 3, Jupyter Notebooks: 3, Selenium: 1, Django: 3, Unit Testing: 1, Natural Language Processing (NLP): 1', 'soft': 'Visionary Leadership: 1, Persuasion: 3, Task Prioritization: 3, Virtual Collaboration: 1, Feedback Acceptance: 3, Self-Motivation: 3, Crisis Management: 1, Active Listening: 1, Intuition: 3, Resource Allocation: 1, Stress Management: 3, Emotional Intelligence: 3'}"
Andrew,Shelton,44347602,Bolivia,DevOps Engineer,sr1,"{'hard': 'Testing Automation: 1, Automation Tools: 1, Continuous Integration/Continuous Deployment (CI/CD): 1, Networking: 1, Disaster Recovery: 1, Monitoring and Logging: 1, Performance Tuning: 3, Version Control (Git): 3, Incident Management: 3, Scripting (Bash, Python): 3', 'soft': 'Positivity: 3, Self-Confidence: 3, Creativity: 3, Data Interpretation: 1, Problem Analysis: 1, Flexibility: 1, Work-Life Balance: 1, Change Management: 3, Negotiation Tactics: 3, Creativity: 3, Writing Skills: 1, Emotional Intelligence: 1'}"
Ethan,Cox,33600480,Bolivia,IOT Platform Engineer,sr1,"{'hard': 'Data Analytics: 3, Remote Device Monitoring: 1, Big Data Technologies: 1, Device Management: 3, Network Security: 3, Data Visualization: 3, Lifecycle Management: 3, Cloud Platforms (AWS IoT, Azure IoT): 1, Security Best Practices: 1, User Interface Design: 3', 'soft': 'Analytical Thinking: 1, Research Skills: 1, Attention to Detail: 3, Technology Savvy: 1, Adaptability: 1, Social Intelligence: 3, Conflict Resolution: 1, Resilience: 3, Open-mindedness: 3, Teamwork: 3, Cultural Competence: 3, Humility: 3'}"
Nicole,Brown,14392797,Colombia,Cobol Developer,sr1,"{'hard': 'Debugging: 3, Unit Testing: 3, File Handling: 3, Business Logic: 1, Data Structures: 3, DB2: 1, Data Migration: 1, Software Maintenance: 1, Documentation: 3, JCL: 3', 'soft': 'Mentoring Skills: 3, Visionary Thinking: 1, Flexibility: 3, Emotional Intelligence: 3, Coaching: 1, Relationship Building: 1, Process Improvement: 1, Risk Management: 3, Resource Allocation: 1, Customer Service: 1, Task Prioritization: 1, Team Building: 1'}"
Terri,Anderson,88903221,Argentina,Game Developer,sr1,"{'hard': 'Networking: 3, Sound Design: 3, C#: 1, Asset Management: 1, Visual Scripting: 1, AI Programming: 3, Gameplay Programming: 3, Graphics Programming: 1, Procedural Generation: 1, Level Design: 3', 'soft': 'Adaptability: 1, Interpersonal Communication: 3, Creativity: 3, Mentoring: 3, Strategic Thinking: 1, Change Facilitation: 1, Team Building: 1, Visionary Thinking: 1, Self-Regulation: 1, Networking: 1, Collaboration: 1, Critical Thinking: 3'}"
Brad,Pratt,87425750,Colombia,IOT Platform Engineer,jr,"{'hard': 'Interoperability Standards: 1, Data Analytics: 1, IoT Protocols (MQTT, CoAP): 1, Big Data Technologies: 1, Cloud Computing: 1', 'soft': 'Creativity: 1, Learning Agility: 1, Stress Management: 1, Crisis Management: 1, Emotional Resilience: 1'}"
Melissa,Murphy,32156251,Bolivia,SQL Developer,sr2,"{'hard': 'Reporting Tools: 1, Data Visualization: 4, MySQL: 1, Data Migration: 1, SQL: 4, Data Governance: 4, Backup and Recovery: 1, T-SQL: 4, Data Quality Management: 4, Data Modeling: 1', 'soft': 'Intellectual Curiosity: 1, Motivation: 4, Innovation: 4, Technology Savvy: 4, Visionary Thinking: 4, Social Intelligence: 1, Leadership: 4, Visionary Leadership: 1, Quality Assurance: 4, Negotiation: 1, Work-Life Balance: 1, Adaptability: 4'}"
Christopher,Brown,74288314,Ecuador,Web UI Developer,jr,"{'hard': 'Web Standards: 1, SEO Best Practices: 1, Typography: 1, User Interaction Design: 1, Image Optimization: 1', 'soft': 'Technology Savvy: 1, Cognitive Flexibility: 1, Personality Awareness: 1, Coaching: 1, Teamwork: 1'}"
Robert,Cooper,55978469,Argentina,IOT Platform Engineer,jr,"{'hard': 'Security Best Practices: 1, Edge Computing: 1, User Interface Design: 1, Cloud Platforms (AWS IoT, Azure IoT): 1, Database Management: 1', 'soft': 'Self-Confidence: 1, Writing Skills: 1, Change Facilitation: 1, Positivity: 1, Inclusivity: 1'}"
Seth,Velazquez,19339647,Chile,RPA Developer,sr1,"{'hard': 'Scripting: 3, Reporting: 1, Integration with Third-party Applications: 3, Data Quality Management: 1, Robotic Process Automation Frameworks: 3, Testing Automation: 1, Data Extraction: 1, Agile: 1, Workflow Design: 1, Java: 1', 'soft': 'Task Prioritization: 3, Trust Building: 1, Collaboration: 1, Empathy: 1, Learning Agility: 3, Creativity: 1, Adaptability to Change: 1, Strategic Thinking: 3, Risk Management: 3, Authenticity: 3, Attention to Detail: 1, Creativity: 3'}"
Gwendolyn,Carlson,11983451,Bolivia,DevOps Engineer,ssr,"{'hard': 'Kubernetes: 2, Error Tracking: 1, Automation Tools: 1, Infrastructure as Code (IaC): 2, Load Balancing: 1', 'soft': 'Critical Thinking: 1, Cultural Competence: 2, Delegation: 2, Creativity: 1, Diversity Awareness: 1'}"
Denise,Cole,22928886,Paraguay,NodeJs Developer,sr1,"{'hard': 'Node.js: 1, Version Control: 1, NPM: 3, Middleware: 1, MongoDB: 1, JavaScript: 1, Redis: 1, Logging Frameworks: 3, AWS: 1, Microservices: 1', 'soft': 'Change Facilitation: 3, Facilitation Skills: 1, Data Interpretation: 1, Persuasion: 3, Resourcefulness: 1, Active Listening: 1, Empathy: 1, Crisis Management: 1, Work-Life Balance: 3, Conflict Resolution: 1, Customer Service: 1, Civic Engagement: 1'}"
Chad,Buckley,47198938,Peru,SQL Developer,sr1,"{'hard': 'Data Modeling: 1, Data Governance: 1, Data Analysis: 1, Reporting Tools: 3, Version Control: 3, Data Migration: 1, Data Warehousing: 3, Oracle Database: 1, Debugging: 1, PostgreSQL: 1', 'soft': 'Networking Skills: 3, Self-Motivation: 1, Public Speaking: 1, Professionalism: 3, Critical Thinking: 1, Civic Engagement: 1, Communication: 3, Risk Management: 3, Time Awareness: 1, Change Facilitation: 3, Negotiation Tactics: 1, Stress Management: 1'}"
William,Sharp,56667493,Bolivia,Game Developer,ssr,"{'hard': 'Game Optimization: 2, Graphics Programming: 1, Unreal Engine: 1, Game Design: 1, Unity: 2', 'soft': 'Positivity: 1, Process Improvement: 2, Humility: 2, Emotional Resilience: 2, Resourcefulness: 1'}"
Holly,Lucas,33738234,Argentina,C++ Developer,sr3,"{'hard': 'Windows API: 2, Templates: 2, Standard Template Library (STL): 5, Cross-Platform Development: 2, Algorithms: 5, Profiling: 5, Data Structures: 2, Debugging: 5, Automated Testing: 2, Game Development: 2, Linux Development: 2, System Programming: 2, Multithreading: 2, DirectX: 5', 'soft': 'Flexibility: 5, Intellectual Curiosity: 5, Visionary Leadership: 2, Communication: 5, Change Facilitation: 5, Resourcefulness: 2, Authenticity: 5, Attention to Detail: 2, Stress Management: 5, Networking Skills: 5, Trust Building: 5, Time Optimization: 2, Networking: 5, Interpersonal Communication: 2, Adaptability to Change: 5'}"
Katherine,Contreras,22389477,Paraguay,Cybersecurity Engineer,ssr,"{'hard': 'Threat Modeling: 1, Data Loss Prevention (DLP): 1, Scripting (Python, PowerShell): 1, Vulnerability Assessment: 2, Identity and Access Management (IAM): 2', 'soft': 'Work-Life Balance: 1, Public Relations: 1, Risk Management: 1, Self-Discipline: 1, Inclusivity: 1'}"
Angel,Durham,90832380,Argentina,Ruby Developer,jr,"{'hard': 'Security Best Practices: 1, CSS: 1, HTML: 1, Git: 1, SQL: 1', 'soft': 'Personality Awareness: 1, Leadership: 1, Cultural Competence: 1, Client Management: 1, Crisis Communication: 1'}"
Christopher,Watkins,81922336,Uruguay,Cobol Developer,sr1,"{'hard': 'Client Interaction: 1, Performance Tuning: 3, Debugging: 1, VSAM: 3, DB2: 3, COBOL: 1, Reporting: 3, System Analysis: 3, SoftTech: 1, Batch Processing: 1', 'soft': 'Networking Skills: 1, Service Orientation: 1, Presentation Skills: 3, Facilitation Skills: 3, Cultural Competence: 3, Creativity: 3, Relationship Building: 1, Intuition: 3, Ethical Judgment: 1, Process Improvement: 3, Civic Engagement: 3, Resilience: 1'}"
Allison,Flores,65130496,Bolivia,Cybersecurity Engineer,ssr,"{'hard': 'Forensics: 1, Identity and Access Management (IAM): 1, Data Protection: 2, Incident Response: 1, Firewalls: 1', 'soft': 'Crisis Communication: 1, Global Awareness: 1, Integrity: 2, Resource Allocation: 2, Leadership: 1'}"
Bradley,Simmons,29908203,Paraguay,iOS Mobile Developer,sr3,"{'hard': 'Core Location: 5, Push Notifications: 5, Objective-C: 2, User Interface Design: 2, Xcode: 2, iOS SDK: 5, Network Connectivity: 5, iCloud: 5, In-App Purchases: 2, Auto Layout: 2, Swift: 5, Accessibility Features: 2, Core Data: 5, SiriKit: 5', 'soft': 'Scientific Thinking: 2, Creativity: 2, Resilience: 5, Entrepreneurial Mindset: 2, Facilitation Skills: 2, Writing Skills: 2, Feedback Acceptance: 5, Strategic Communication: 5, Initiative: 2, Self-Motivation: 2, Work-Life Balance: 5, Delegation: 2, Strategic Thinking: 5, Stress Management: 2, Emotional Resilience: 2'}"
Samantha,Hernandez,73160490,Paraguay,Android Mobile Developer,sr1,"{'hard': 'Material Design: 3, Kotlin: 1, Test-Driven Development: 3, LiveData: 3, Android NDK: 3, Flutter: 1, Kotlin Coroutines: 3, Android Jetpack: 1, ProGuard: 3, Constraint Layout: 3', 'soft': 'Social Intelligence: 3, Visionary Thinking: 1, Presentation Skills: 1, Flexibility: 3, Global Awareness: 3, Authenticity: 3, Goal Setting: 3, Active Listening: 1, Team Building: 3, Negotiation Tactics: 3, Civic Responsibility: 1, Strategic Communication: 3'}"
John,Miller,22434555,Uruguay,Cobol Developer,sr3,"{'hard': 'Mainframe: 5, Debugging: 5, VSAM: 5, Batch Processing: 2, Application Development: 2, System Integration: 5, Data Migration: 2, Data Mapping: 2, DB2: 2, Documentation: 5, Unit Testing: 5, Business Logic: 2, Legacy Systems: 2, System Analysis: 2', 'soft': 'Relationship Building: 5, Stress Management: 2, Intellectual Curiosity: 2, Writing Skills: 5, Resilience: 2, Global Awareness: 5, Problem Solving: 2, Public Speaking: 2, Social Skills: 2, Initiative: 5, Analytical Thinking: 5, Attention to Detail: 5, Emotional Resilience: 2, Feedback Delivery: 2, Negotiation Tactics: 5'}"
Alicia,Hebert,33221297,Ecuador,.Net Developer,jr,"{'hard': 'Performance Optimization: 1, MVC: 1, Dependency Injection: 1, ASP.NET: 1, Unit Testing: 1', 'soft': 'Strategic Communication: 1, Relationship Building: 1, Work-Life Balance: 1, Learning Agility: 1, Authenticity: 1'}"
Carol,Green,55616344,Argentina,Data Engineer,jr,"{'hard': 'Apache Spark: 1, Business Intelligence: 1, Data Transformation: 1, Python: 1, Data Security: 1', 'soft': 'Conflict Management: 1, Time Management: 1, Authenticity: 1, Social Skills: 1, Time Optimization: 1'}"
Kevin,Gray,73869746,Colombia,Java Developer,sr1,"{'hard': 'Algorithms: 1, Git: 1, Agile: 1, Thread Management: 3, Continuous Integration: 1, Cloud Services: 3, Java EE: 1, Microservices: 3, Security: 1, JUnit: 1', 'soft': 'Intellectual Curiosity: 1, Resourcefulness: 1, Coaching: 1, Technology Savvy: 1, Persuasion: 3, Analytical Thinking: 3, Data Interpretation: 3, Civic Engagement: 1, Scientific Thinking: 1, Active Listening: 1, Social Intelligence: 1, Adaptability: 3'}"
Breanna,Hunt,83379374,Chile,DevOps Engineer,sr1,"{'hard': 'Infrastructure as Code (IaC): 3, Testing Automation: 1, Site Reliability Engineering (SRE): 1, Release Management: 1, Version Control (Git): 3, Networking: 3, Performance Tuning: 1, User Access Control: 3, Agile: 3, Disaster Recovery: 3', 'soft': 'Problem Analysis: 3, Situational Awareness: 1, Collaboration: 1, Risk Management: 1, Stress Management: 1, Diversity Awareness: 3, Research Skills: 3, Persuasion: 1, Feedback Acceptance: 1, Strategic Communication: 1, Networking Skills: 3, Civic Responsibility: 3'}"
Sara,Gutierrez,72644323,Uruguay,NodeJs Developer,ssr,"{'hard': 'Git: 2, NPM: 1, Security Best Practices: 2, Debugging: 1, Unit Testing: 2', 'soft': 'Crisis Communication: 2, Critical Observation: 2, Visionary Leadership: 1, Facilitation Skills: 1, Responsibility: 2'}"
Luke,Lindsey,51447115,Ecuador,Cybersecurity Engineer,sr1,"{'hard': 'Security Frameworks (CIS, OWASP): 3, Security Awareness Training: 1, Firewalls: 3, Incident Response: 3, Intrusion Detection Systems (IDS): 3, Threat Modeling: 3, Data Protection: 3, Security Policies: 1, Incident Management: 1, DevSecOps: 3', 'soft': 'Strategic Communication: 1, Resource Allocation: 1, Analytical Thinking: 3, Work Ethic: 1, Open-mindedness: 1, Civic Responsibility: 3, Self-Discipline: 3, Feedback Acceptance: 1, Change Facilitation: 1, Time Awareness: 3, Visionary Leadership: 1, Trustworthiness: 3'}"
Matthew,Stone,45806540,Peru,Web Mobile Developer,ssr,"{'hard': 'JavaScript: 1, Progressive Web Apps (PWAs): 1, Third-party Libraries: 2, Responsive Design: 2, WebSockets: 2', 'soft': 'Creativity: 1, Strategic Communication: 1, Motivational Skills: 2, Humility: 2, Delegation: 1'}"
Lindsay,Duncan,90530411,Mexico,Cloud Engineer,sr3,"{'hard': 'Security Best Practices: 5, API Management: 2, Agile: 2, Docker: 2, Load Balancing: 2, Event-Driven Architecture: 5, DevOps: 2, Application Networking: 5, Disaster Recovery Planning: 2, Infrastructure as Code (IaC): 5, Backup and Recovery: 5, Cost Optimization: 5, Resource Allocation: 5, AWS: 2', 'soft': 'Social Intelligence: 2, Strategic Communication: 5, Analytical Thinking: 2, Innovation: 5, Client Management: 2, Facilitation Skills: 5, Positivity: 5, Networking: 5, Critical Thinking: 5, Problem Analysis: 2, Feedback Acceptance: 2, Attention to Detail: 5, Team Building: 2, Entrepreneurial Mindset: 2, Delegation: 2'}"
Nancy,Butler,41738403,Argentina,Data Engineer,sr3,"{'hard': 'Data Warehousing: 2, SQL: 5, ETL Processes: 5, Data Modeling: 2, Hadoop: 5, Version Control (Git): 2, Business Intelligence: 2, Scripting (Bash, Python): 2, Data Cataloging: 2, Data Quality Management: 2, Data Security: 5, Data Governance: 5, Metadata Management: 2, Data Architecture: 2', 'soft': 'Creativity: 2, Inclusivity: 2, Work-Life Balance: 5, Service Orientation: 2, Goal Setting: 5, Leadership: 5, Quality Assurance: 2, Innovation: 2, Diversity Awareness: 5, Empathy: 5, Communication: 5, Visionary Leadership: 2, Feedback Delivery: 2, Delegation: 5, Self-Discipline: 2'}"
Mitchell,Holland,36879735,Colombia,Ruby Developer,sr1,"{'hard': 'Front-end Frameworks: 1, Caching Techniques: 1, Data Structures: 3, HTML: 1, Debugging: 3, Agile: 1, User Authentication: 3, MVC Architecture: 1, Ruby: 3, Gem Management: 3', 'soft': 'Feedback Acceptance: 3, Quality Assurance: 3, Strategic Thinking: 3, Active Listening: 3, Goal Setting: 1, Crisis Communication: 3, Creativity: 1, Ethical Judgment: 3, Technology Savvy: 1, Change Facilitation: 3, Writing Skills: 3, Global Awareness: 3'}"
Cheryl,Smith,34677013,Bolivia,RPA Developer,jr,"{'hard': 'Documentation: 1, Client Interaction: 1, Exception Handling: 1, Data Quality Management: 1, Business Intelligence Tools: 1', 'soft': 'Interpersonal Skills: 1, Quality Assurance: 1, Empathy: 1, Leadership: 1, Service Orientation: 1'}"
Jessica,Robertson,40171404,Bolivia,Sharepoint Developer,sr3,"{'hard': 'Custom Web Parts: 2, Testing Automation: 5, C#: 5, PowerShell: 5, Microsoft Flow: 5, Content Management: 2, SQL Server: 5, JavaScript: 5, SharePoint Online: 2, CSS: 5, Integration with Third-party Services: 2, ASP.NET: 2, Team Sites: 5, Database Design: 2', 'soft': 'Adaptability: 2, Interpersonal Communication: 2, Open-mindedness: 5, Mentoring: 2, Empathy: 2, Collaboration: 5, Public Speaking: 2, Analytical Thinking: 5, Time Management: 2, Global Awareness: 2, Social Intelligence: 5, Resourcefulness: 2, Teamwork: 5, Social Skills: 2, Self-Discipline: 2'}"
April,Poole,43654228,Paraguay,Web UI Developer,sr3,"{'hard': 'JavaScript: 2, Cross-Browser Compatibility: 5, Typography: 2, Design Systems: 5, Web Design Principles: 2, Microinteractions: 5, SEO Best Practices: 5, State Management: 5, Vue.js: 5, Angular: 2, CSS Preprocessors (Sass, LESS): 2, Figma/Adobe XD: 2, Testing Frameworks (Jest, Mocha): 5, HTML: 5', 'soft': 'Creativity: 5, Persuasion: 2, Diversity Awareness: 5, Coaching: 2, Initiative: 5, Performance Management: 2, Motivational Skills: 2, Cultural Awareness: 5, Active Listening: 5, Communication: 2, Civic Engagement: 5, Negotiation: 5, Decision Making: 5, Leadership: 2, Goal Setting: 2'}"
Melissa,Bentley,11640419,Venezuela,Python Developer,sr2,"{'hard': 'Data Engineering: 1, Web Scraping: 4, APIs: 4, Security Best Practices: 1, Matplotlib: 4, Jupyter Notebooks: 1, Agile: 4, Data Mining: 4, Pandas: 1, Data Visualization: 1', 'soft': 'Intellectual Curiosity: 1, Team Building: 4, Leadership: 1, Service Orientation: 1, Ethical Judgment: 1, Problem Solving: 4, Mentoring Skills: 4, Cultural Awareness: 4, Customer Service: 4, Networking: 4, Crisis Communication: 1, Stress Resilience: 1'}"
Christopher,Davis,13617668,Paraguay,SQL Developer,sr1,"{'hard': 'Data Modeling: 3, Database Administration: 1, SQL Server: 1, Agile: 1, Data Structures: 3, Indexing: 3, PL/SQL: 1, Data Quality Management: 1, SQL: 1, Stored Procedures: 3', 'soft': 'Change Facilitation: 1, Workplace Culture Awareness: 1, Humility: 3, Self-Discipline: 3, Communication: 1, Positivity: 3, Attention to Detail: 1, Creativity: 1, Cultural Awareness: 1, Mentoring Skills: 3, Crisis Management: 3, Data Interpretation: 1'}"
Maria,Boyd,44997111,Bolivia,Web Mobile Developer,sr2,"{'hard': 'Cross-Browser Compatibility: 4, Agile: 4, Local Storage: 1, Continuous Integration/Continuous Deployment (CI/CD): 4, State Management: 1, WebSockets: 1, Performance Optimization: 1, Progressive Web Apps (PWAs): 4, Third-party Libraries: 1, GraphQL: 4', 'soft': 'Personality Awareness: 4, Responsibility: 4, Visionary Leadership: 4, Open-mindedness: 1, Social Skills: 4, Resourcefulness: 1, Flexibility: 4, Work Ethic: 1, Creativity: 4, Intellectual Curiosity: 4, Networking: 1, Research Skills: 4'}"
April,Bernard,53956415,Mexico,PHP Developer,sr3,"{'hard': 'MVC Architecture: 5, User Authentication: 2, JSON: 2, REST APIs: 5, Database Design: 5, Command Line Interface (CLI): 2, Symfony: 2, CSS: 5, Composer: 5, XML: 5, PHP: 5, Frameworks (CodeIgniter): 5, Caching Techniques: 2, Version Control: 5', 'soft': 'Presentation Skills: 5, Initiative: 5, Social Skills: 5, Integrity: 5, Mentoring Skills: 5, Negotiation: 5, Resourcefulness: 5, Self-Regulation: 5, Adaptability to Change: 5, Adaptability: 5, Responsibility: 5, Crisis Management: 2, Task Prioritization: 2, Facilitation Skills: 5, Creativity: 5'}"
Timothy,Flynn,46509052,Venezuela,Flutter Developer,jr,"{'hard': 'Native Modules: 1, UI/UX Design: 1, Cross-Platform Development: 1, Asynchronous Programming: 1, Internationalization: 1', 'soft': 'Time Optimization: 1, Decision Making: 1, Situational Awareness: 1, Emotional Intelligence: 1, Resilience: 1'}"
Thomas,Jones,68144166,Argentina,Cybersecurity Engineer,sr1,"{'hard': 'Application Hardening: 3, Malware Analysis: 1, Security Awareness Training: 1, Forensics: 3, Encryption Techniques: 3, Agile: 3, Firewalls: 1, Endpoint Protection: 1, Compliance Standards (ISO, NIST): 3, Authentication Mechanisms: 3', 'soft': 'Goal Setting: 3, Interpersonal Communication: 3, Interpersonal Skills: 1, Creativity: 3, Analytical Thinking: 3, Initiative: 3, Social Intelligence: 3, Change Management: 1, Leadership: 3, Feedback Acceptance: 1, Decision Making: 3, Relationship Building: 1'}"
Stephen,Sandoval,30197685,Uruguay,Flutter Developer,sr3,"{'hard': 'RESTful APIs: 2, App Deployment: 5, Debugging: 5, Dart: 5, State Management: 5, Continuous Integration: 2, Security Best Practices: 5, UI/UX Design: 5, Error Handling: 2, Flutter: 2, Version Control (Git): 5, Versioning: 5, Agile: 5, Accessibility Features: 5', 'soft': 'Facilitation Skills: 5, Communication: 2, Public Relations: 2, Motivation: 5, Mentoring: 5, Self-Discipline: 5, Time Management: 2, Technology Savvy: 2, Team Building: 5, Persuasion: 5, Self-Confidence: 2, Interpersonal Communication: 5, Adaptability: 2, Change Facilitation: 5, Cultural Competence: 2'}"
Michele,Daniels,21924742,Ecuador,Web Mobile Developer,sr3,"{'hard': 'Continuous Integration/Continuous Deployment (CI/CD): 2, Authentication Mechanisms: 2, Analytics Integration: 5, User Interface Testing: 2, React Native: 2, Responsive Design: 2, Agile: 2, Accessibility Standards: 2, WebSockets: 2, Local Storage: 5, Performance Optimization: 2, Debugging: 2, Data Structures: 2, State Management: 5', 'soft': 'Team Building: 2, Professionalism: 2, Conflict Resolution: 2, Emotional Intelligence: 5, Resilience: 2, Crisis Communication: 2, Entrepreneurial Mindset: 5, Persuasion: 2, Virtual Collaboration: 2, Feedback Delivery: 2, Quality Assurance: 2, Motivational Skills: 2, Humility: 5, Problem Analysis: 5, Creativity: 2'}"
Katherine,Holt,26095858,Argentina,Cobol Developer,ssr,"{'hard': 'Business Logic: 1, Performance Tuning: 2, Legacy Systems: 1, SoftTech: 1, File Handling: 2', 'soft': 'Presentation Skills: 1, Empathy: 2, Cultural Awareness: 2, Collaboration: 2, Emotional Intelligence: 1'}"
Samantha,Mendez,24752906,Mexico,.Net Developer,sr3,"{'hard': 'Web Services: 2, Version Control (Git): 2, DevOps: 5, Design Patterns: 5, Visual Studio: 2, Data Structures: 2, Entity Framework Core: 5, Debugging: 5, SignalR: 5, Web API: 5, Unit Testing: 5, User Authentication: 2, Entity Framework: 2, .NET Core: 2', 'soft': 'Team Building: 2, Self-Regulation: 5, Adaptability to Change: 2, Quality Assurance: 5, Motivation: 2, Resource Allocation: 5, Positivity: 5, Visionary Thinking: 2, Cultural Competence: 5, Task Prioritization: 5, Change Facilitation: 5, Influencing: 2, Customer Service: 5, Emotional Resilience: 5, Situational Awareness: 2'}"
Gina,Conrad,37453110,Paraguay,RPA Developer,sr3,"{'hard': 'UiPath: 5, Automation Anywhere: 5, Version Control: 2, Python: 2, Data Extraction: 2, Java: 2, SQL: 5, Exception Handling: 5, Workflow Design: 5, Reporting: 2, Business Process Mapping: 2, Continuous Improvement: 5, Change Management: 2, Documentation: 2', 'soft': 'Public Speaking: 2, Attention to Detail: 5, Conflict Resolution: 2, Mentoring Skills: 5, Risk Management: 5, Interpersonal Communication: 5, Interpersonal Skills: 2, Open-mindedness: 2, Positivity: 2, Critical Observation: 5, Innovation: 2, Diversity Awareness: 2, Personality Awareness: 2, Process Improvement: 2, Data Interpretation: 5'}"
Patrick,Robertson,57768646,Ecuador,Ruby Developer,sr1,"{'hard': 'User Authentication: 1, Web Services: 3, API Development: 1, Active Record: 3, Middleware: 1, Task Scheduling: 3, Agile: 1, MVC Architecture: 1, Responsive Design: 1, Ruby: 3', 'soft': 'Emotional Resilience: 3, Negotiation Tactics: 1, Change Management: 1, Crisis Management: 3, Resilience: 3, Stress Management: 3, Stress Resilience: 1, Critical Observation: 1, Communication: 1, Mentoring Skills: 3, Ethical Judgment: 1, Interpersonal Communication: 1'}"
Tony,Jones,88776456,Chile,SQL Developer,ssr,"{'hard': 'SQL: 2, Triggers: 1, Database Design: 2, Backup and Recovery: 1, Business Intelligence Tools: 1', 'soft': 'Negotiation: 2, Intellectual Curiosity: 1, Critical Thinking: 2, Motivation: 1, Service Orientation: 2'}"
Christina,Carter,18316136,Paraguay,PHP Developer,sr1,"{'hard': 'JSON: 1, Laravel: 3, Command Line Interface (CLI): 3, Symfony: 1, Composer: 3, XML: 3, Security Best Practices: 3, CSS: 1, Session Management: 1, PHP: 1', 'soft': 'Negotiation Tactics: 3, Time Management: 3, Interpersonal Communication: 3, Leadership: 1, Mentoring: 1, Writing Skills: 1, Emotional Resilience: 3, Trust Building: 1, Stress Resilience: 1, Change Facilitation: 3, Intuition: 3, Professionalism: 3'}"
Samuel,Sutton,88017125,Chile,.Net Developer,sr2,"{'hard': 'Cloud Services (Azure): 1, Unit Testing: 1, SQL Server: 4, Agile: 4, Entity Framework: 1, REST APIs: 4, .NET Core: 1, LINQ: 1, Dependency Injection: 4, Debugging: 1', 'soft': 'Performance Management: 4, Strategic Communication: 1, Crisis Management: 4, Task Prioritization: 1, Mentoring Skills: 1, Delegation: 1, Conflict Management: 4, Empathy: 1, Intellectual Curiosity: 4, Mentoring: 1, Customer Service: 1, Coaching: 4'}"
James,Mcdaniel,65472257,Ecuador,Cybersecurity Engineer,sr2,"{'hard': 'Application Security: 1, Incident Management: 4, Scripting (Python, PowerShell): 4, Security Policies: 1, Authentication Mechanisms: 4, Data Protection: 4, Intrusion Detection Systems (IDS): 4, Risk Assessment: 4, Application Hardening: 1, Vulnerability Assessment: 4', 'soft': 'Relationship Building: 4, Service Orientation: 1, Networking: 1, Social Skills: 1, Client Management: 4, Communication: 4, Humility: 1, Time Awareness: 1, Adaptability: 4, Initiative: 1, Emotional Resilience: 1, Writing Skills: 1'}"
Christopher,Olson,87300553,Argentina,Salesforce Developer,sr1,"{'hard': 'User Authentication: 3, Debugging: 3, Version Control: 1, Reports and Dashboards: 1, Testing Frameworks: 1, Data Modeling: 3, Business Process Automation: 3, Process Builder: 1, Custom Objects: 1, Security Best Practices: 1', 'soft': 'Risk Management: 1, Resourcefulness: 3, Crisis Management: 1, Strategic Thinking: 3, Initiative: 1, Professionalism: 1, Collaboration: 1, Strategic Communication: 1, Motivation: 3, Self-Motivation: 3, Adaptability: 1, Social Intelligence: 3'}"
Jennifer,James,91842719,Mexico,Ruby Developer,sr2,"{'hard': 'Security Best Practices: 4, Data Migration: 4, CSS: 1, Deployment Techniques: 4, Web Services: 1, Integration with Third-party APIs: 4, Object-Oriented Programming: 4, API Development: 1, Agile: 1, Ruby: 4', 'soft': 'Strategic Thinking: 4, Self-Discipline: 4, Humility: 1, Public Speaking: 4, Networking Skills: 1, Scientific Thinking: 4, Research Skills: 4, Creativity: 1, Resourcefulness: 4, Interpersonal Skills: 4, Change Facilitation: 1, Inclusivity: 4'}"
Michelle,Cunningham,61270462,Colombia,Web Mobile Developer,sr1,"{'hard': 'State Management: 1, Agile: 1, Frontend Frameworks: 1, User Interface Testing: 3, Analytics Integration: 1, Application Security: 1, Testing Frameworks: 3, Responsive Design: 1, Code Review: 3, Progressive Web Apps (PWAs): 3', 'soft': 'Adaptability: 1, Resource Allocation: 1, Risk Management: 3, Trustworthiness: 3, Data Interpretation: 1, Task Prioritization: 1, Crisis Management: 3, Crisis Communication: 3, Social Skills: 3, Problem Solving: 1, Networking Skills: 1, Strategic Communication: 1'}"
Linda,Miller,13688577,Argentina,iOS Mobile Developer,sr3,"{'hard': 'Firebase: 2, Swift: 5, User Interface Design: 2, Animation: 2, User Experience (UX): 5, Xcode: 2, Third-party Libraries: 2, App Store Submission: 2, SiriKit: 5, RESTful APIs: 2, iCloud: 2, Push Notifications: 2, Auto Layout: 5, In-App Purchases: 2', 'soft': 'Delegation: 2, Mentoring Skills: 5, Influencing: 2, Entrepreneurial Mindset: 5, Customer Service: 5, Adaptability: 5, Time Awareness: 2, Motivation: 5, Time Optimization: 5, Critical Thinking: 2, Emotional Resilience: 5, Resourcefulness: 2, Conflict Resolution: 2, Decision Making: 2, Facilitation Skills: 5'}"
Janet,Levine,60713705,Bolivia,Data Engineer,sr2,"{'hard': 'Version Control (Git): 1, Analytics Integration: 1, Python: 1, Machine Learning Basics: 4, Scripting (Bash, Python): 4, Testing and Validation: 4, Apache Spark: 4, Data Transformation: 1, Data Visualization Tools (Tableau, Power BI): 1, Data Quality Management: 1', 'soft': 'Coaching: 1, Global Awareness: 4, Performance Management: 4, Public Relations: 1, Time Optimization: 1, Feedback Acceptance: 1, Positivity: 1, Intellectual Curiosity: 1, Resilience: 1, Team Building: 1, Problem Analysis: 4, Interpersonal Communication: 1'}"
William,Stanton,42313495,Chile,Ruby Developer,ssr,"{'hard': 'SQL: 2, Database Design: 2, API Development: 2, Security Best Practices: 1, Integration with Third-party APIs: 1', 'soft': 'Negotiation: 1, Team Building: 2, Social Intelligence: 1, Humility: 1, Learning Agility: 1'}"
Kathleen,Dean,42804315,Mexico,C++ Developer,ssr,"{'hard': 'Embedded Systems: 2, OpenGL: 2, Graphics Programming: 2, Debugging: 1, Unit Testing: 1', 'soft': 'Time Optimization: 1, Work Ethic: 1, Leadership: 1, Process Improvement: 2, Problem Solving: 1'}"
Jason,Keller,43244958,Mexico,Sharepoint Developer,sr2,"{'hard': 'REST APIs: 4, User Interface Design: 1, C#: 4, Office 365: 1, Workflow Automation: 1, Testing Automation: 1, Security Best Practices: 4, Team Sites: 4, CSS: 1, User Authentication: 1', 'soft': 'Scientific Thinking: 1, Self-Motivation: 4, Trust Building: 1, Visionary Thinking: 4, Innovation: 4, Social Skills: 1, Creativity: 1, Facilitation Skills: 1, Technology Savvy: 4, Influencing: 1, Change Management: 1, Situational Awareness: 4'}"
Michelle,Bennett,71542698,Paraguay,Cloud Engineer,sr3,"{'hard': 'Disaster Recovery Planning: 5, Infrastructure as Code (IaC): 2, Performance Tuning: 2, Docker: 2, Cloud Migration: 2, Security Best Practices: 5, DevOps: 2, Kubernetes: 2, Cloud Security: 5, Data Storage Solutions: 2, Virtualization: 5, Scripting (Python, Bash): 2, Event-Driven Architecture: 5, Azure: 2', 'soft': 'Presentation Skills: 5, Creativity: 5, Trust Building: 2, Responsibility: 2, Decision Making: 2, Motivational Skills: 2, Customer Service: 5, Conflict Resolution: 2, Change Facilitation: 5, Cognitive Flexibility: 2, Integrity: 2, Emotional Intelligence: 2, Attention to Detail: 5, Humility: 5, Work Ethic: 2'}"
Samantha,Wyatt,42261410,Venezuela,Sharepoint Developer,sr1,"{'hard': 'Version Control: 3, Database Design: 1, User Authentication: 3, Data Migration: 3, SharePoint Online: 1, Debugging: 3, Agile: 3, Custom Web Parts: 1, Document Libraries: 1, SQL Server: 3', 'soft': 'Visionary Thinking: 3, Stress Management: 3, Workplace Culture Awareness: 3, Social Intelligence: 1, Professionalism: 1, Strategic Thinking: 1, Cognitive Flexibility: 3, Mentoring: 1, Customer Service: 1, Networking: 3, Global Awareness: 3, Public Relations: 1'}"
William,Green,42541138,Paraguay,Salesforce Developer,sr2,"{'hard': 'Salesforce DX: 4, User Interface Design: 4, Testing Frameworks: 1, Sales Cloud: 4, Salesforce CRM: 1, Agile: 1, Visualforce: 4, REST APIs: 1, API Development: 4, Service Cloud: 4', 'soft': 'Service Orientation: 1, Critical Thinking: 1, Emotional Resilience: 4, Facilitation Skills: 4, Risk Management: 1, Motivational Skills: 4, Mentoring Skills: 1, Data Interpretation: 4, Networking Skills: 4, Cultural Competence: 4, Collaboration: 4, Team Building: 4'}"
Pamela,Thomas,68245097,Chile,C++ Developer,sr3,"{'hard': 'Linux Development: 5, Compiler Optimization: 5, Static and Dynamic Libraries: 5, Code Review: 5, OpenGL: 2, System Programming: 5, Cross-Platform Development: 5, DirectX: 5, Automated Testing: 2, Windows API: 5, Templates: 5, Unit Testing: 2, Data Structures: 5, Design Patterns: 5', 'soft': 'Leadership: 2, Adaptability to Change: 2, Time Awareness: 5, Resourcefulness: 5, Quality Assurance: 2, Task Prioritization: 5, Civic Engagement: 2, Self-Discipline: 2, Flexibility: 5, Presentation Skills: 5, Conflict Resolution: 5, Delegation: 5, Technology Savvy: 5, Strategic Communication: 2, Change Facilitation: 5'}"
Joseph,Duran,48628752,Paraguay,C++ Developer,ssr,"{'hard': 'File I/O: 1, DirectX: 2, Data Structures: 2, Code Review: 1, CMake: 2', 'soft': 'Motivation: 1, Adaptability to Change: 2, Technology Savvy: 2, Client Management: 2, Cultural Competence: 1'}"
James,Schwartz,30687040,Mexico,RPA Developer,sr3,"{'hard': 'Automation Anywhere: 5, Change Management: 2, Java: 5, Scripting: 5, UiPath: 2, User Training: 2, Testing Automation: 5, Data Extraction: 2, Data Manipulation: 2, Reporting: 2, Workflow Design: 5, SQL: 5, Debugging: 2, Business Process Mapping: 5', 'soft': 'Risk Management: 2, Crisis Communication: 2, Feedback Acceptance: 2, Critical Observation: 5, Stress Resilience: 2, Collaboration: 5, Stress Management: 5, Mentoring Skills: 5, Mentoring: 5, Attention to Detail: 5, Leadership: 2, Research Skills: 2, Humility: 2, Customer Service: 2, Coaching: 5'}"
Martha,Waters,52537685,Peru,Python Developer,ssr,"{'hard': 'Docker: 2, Algorithms: 1, Selenium: 1, Data Quality Assessment: 2, Web Scraping: 1', 'soft': 'Emotional Intelligence: 1, Resourcefulness: 1, Negotiation: 2, Visionary Thinking: 1, Emotional Resilience: 1'}"
Frances,Petersen,81234893,Bolivia,Game Developer,sr2,"{'hard': 'AI Programming: 1, Version Control (Git): 4, Shader Programming: 1, VR/AR Development: 4, Unreal Engine: 1, User Interface Design: 1, Game Monetization: 4, Procedural Generation: 1, Agile: 4, Graphics Programming: 4', 'soft': 'Cultural Competence: 1, Cultural Awareness: 4, Data Interpretation: 1, Workplace Culture Awareness: 4, Adaptability to Change: 1, Trustworthiness: 4, Cognitive Flexibility: 4, Global Awareness: 1, Resourcefulness: 1, Crisis Communication: 1, Motivation: 1, Diversity Awareness: 4'}"
Melissa,Russell,10849357,Colombia,.Net Developer,jr,"{'hard': 'Code Review: 1, Web API: 1, Unit Testing: 1, MVC: 1, ASP.NET: 1', 'soft': 'Relationship Building: 1, Active Listening: 1, Attention to Detail: 1, Conflict Management: 1, Motivation: 1'}"
Edwin,Howell,39320237,Paraguay,DevOps Engineer,sr2,"{'hard': 'User Access Control: 4, Version Control (Git): 4, Custom Scripts: 1, API Management: 4, Testing Automation: 4, Backup Strategies: 4, Security Best Practices: 1, Azure: 1, Performance Tuning: 1, Error Tracking: 1', 'soft': 'Adaptability: 4, Leadership: 1, Mentoring: 4, Technology Savvy: 4, Self-Regulation: 1, Self-Discipline: 1, Initiative: 4, Feedback Acceptance: 1, Time Awareness: 1, Goal Setting: 1, Quality Assurance: 4, Relationship Building: 1'}"
Jay,Casey,95039219,Mexico,SQL Developer,sr1,"{'hard': 'Backup and Recovery: 1, Database Administration: 3, Triggers: 3, Indexing: 1, Data Warehousing: 3, Security Best Practices: 1, Data Governance: 1, Integration with Third-party Tools: 1, Stored Procedures: 1, ETL: 1', 'soft': 'Time Management: 1, Open-mindedness: 3, Data Interpretation: 1, Civic Engagement: 3, Networking Skills: 1, Trust Building: 3, Intellectual Curiosity: 1, Resourcefulness: 3, Self-Motivation: 1, Strategic Communication: 3, Humility: 3, Team Building: 3'}"
Dillon,Dalton,23320908,Paraguay,SQL Developer,sr1,"{'hard': 'Security Best Practices: 1, Query Optimization: 1, Data Governance: 1, PostgreSQL: 3, SQL: 1, T-SQL: 3, Version Control: 1, Stored Procedures: 3, Data Modeling: 1, Data Structures: 3', 'soft': 'Virtual Collaboration: 1, Delegation: 1, Resource Allocation: 3, Self-Confidence: 3, Active Listening: 3, Negotiation Tactics: 1, Public Relations: 3, Change Facilitation: 3, Resourcefulness: 1, Feedback Delivery: 3, Workplace Culture Awareness: 3, Crisis Communication: 3'}"
Ryan,Kennedy,85589898,Colombia,Ruby Developer,jr,"{'hard': 'Object-Oriented Programming: 1, CSS: 1, Debugging: 1, Gem Management: 1, Deployment Techniques: 1', 'soft': 'Presentation Skills: 1, Risk Management: 1, Relationship Building: 1, Attention to Detail: 1, Influencing: 1'}"
Wanda,Neal,30765130,Venezuela,Sharepoint Developer,ssr,"{'hard': 'PowerShell: 2, HTML: 2, Custom Web Parts: 2, Database Design: 1, Team Sites: 2', 'soft': 'Flexibility: 2, Mentoring: 2, Motivational Skills: 2, Scientific Thinking: 2, Facilitation Skills: 2'}"
Jason,Lara,81470475,Mexico,Flutter Developer,sr2,"{'hard': 'Agile: 4, Animations: 1, Version Control (Git): 4, Third-party Libraries: 1, Continuous Integration: 1, Security Best Practices: 1, Performance Optimization: 4, Asynchronous Programming: 1, App Deployment: 1, Localization: 4', 'soft': 'Integrity: 1, Stress Resilience: 4, Social Skills: 1, Empathy: 4, Strategic Communication: 1, Facilitation Skills: 4, Emotional Intelligence: 1, Resilience: 1, Attention to Detail: 4, Cognitive Flexibility: 1, Relationship Building: 1, Civic Engagement: 4'}"
Samuel,Larsen,89883899,Bolivia,Ruby Developer,sr3,"{'hard': 'Data Migration: 2, User Authentication: 2, Caching Techniques: 5, Version Control: 2, Active Record: 5, Ruby: 2, Deployment Techniques: 2, Performance Optimization: 2, Data Structures: 2, Error Handling: 5, Agile: 5, API Development: 5, Gem Management: 5, Continuous Integration: 2', 'soft': 'Social Skills: 2, Integrity: 2, Coaching: 5, Initiative: 2, Conflict Resolution: 5, Humility: 5, Persuasion: 5, Motivation: 2, Strategic Communication: 2, Ethical Judgment: 5, Delegation: 2, Crisis Communication: 5, Cultural Awareness: 2, Analytical Thinking: 5, Virtual Collaboration: 2'}"
Melissa,Oliver,12164481,Venezuela,Game Developer,sr2,"{'hard': '3D Modeling: 4, Sound Design: 4, Performance Optimization: 1, Game Monetization: 4, C#: 4, Game Analytics: 4, Live Ops: 1, Multiplayer Networking: 4, Shader Programming: 1, Version Control (Git): 4', 'soft': 'Presentation Skills: 4, Civic Responsibility: 1, Initiative: 1, Integrity: 4, Strategic Thinking: 1, Work Ethic: 1, Active Listening: 4, Intuition: 4, Visionary Leadership: 4, Motivational Skills: 1, Responsibility: 4, Feedback Acceptance: 4'}"
Joshua,Bell,28015627,Venezuela,NodeJs Developer,jr,"{'hard': 'Node.js: 1, Asynchronous Programming: 1, Socket.io: 1, Redis: 1, Express.js: 1', 'soft': 'Performance Management: 1, Presentation Skills: 1, Integrity: 1, Decision Making: 1, Networking: 1'}"
Robert,Strickland,95323336,Venezuela,RPA Developer,ssr,"{'hard': 'Process Analysis: 2, Data Manipulation: 2, Version Control: 2, Client Interaction: 1, Continuous Improvement: 1', 'soft': 'Coaching: 1, Responsibility: 2, Self-Discipline: 2, Time Management: 2, Strategic Thinking: 1'}"
Jamie,Reynolds,97362884,Argentina,Salesforce Developer,jr,"{'hard': 'Lightning Components: 1, Business Process Automation: 1, Version Control: 1, Salesforce Apex: 1, Security Best Practices: 1', 'soft': 'Feedback Delivery: 1, Resilience: 1, Adaptability: 1, Resource Allocation: 1, Strategic Communication: 1'}"
Timothy,Wilson,61508613,Ecuador,NodeJs Developer,sr2,"{'hard': 'Socket.io: 4, Performance Optimization: 1, Kubernetes: 4, JavaScript: 4, Asynchronous Programming: 1, Chai: 4, Version Control: 1, Mocha: 1, Git: 4, Frontend Frameworks (React/Vue): 1', 'soft': 'Technology Savvy: 1, Creativity: 4, Flexibility: 4, Presentation Skills: 1, Interpersonal Skills: 4, Humility: 1, Active Listening: 1, Change Management: 4, Communication: 4, Workplace Culture Awareness: 4, Resilience: 4, Quality Assurance: 1'}"
Todd,Chang,43813732,Bolivia,RPA Developer,sr2,"{'hard': 'Excel VBA: 4, UiPath: 1, Python: 1, Documentation: 1, Data Manipulation: 1, Client Interaction: 1, Workflow Design: 1, Business Process Mapping: 1, Data Extraction: 1, Change Management: 4', 'soft': 'Relationship Building: 1, Emotional Intelligence: 1, Negotiation Tactics: 4, Facilitation Skills: 4, Intuition: 4, Problem Analysis: 1, Resourcefulness: 1, Delegation: 4, Coaching: 1, Integrity: 4, Stress Management: 1, Change Facilitation: 4'}"
Kenneth,Richard,33465172,Bolivia,Python Developer,ssr,"{'hard': 'Selenium: 1, Spark: 1, SQL: 2, Concurrency: 1, Algorithms: 1', 'soft': 'Risk Management: 1, Work Ethic: 2, Strategic Thinking: 2, Creativity: 1, Personality Awareness: 1'}"
John,Clark,73990063,Mexico,Ruby Developer,sr2,"{'hard': 'Error Handling: 4, SQL: 1, Caching Techniques: 4, REST APIs: 4, Gem Management: 4, Version Control: 1, HTML: 1, Git: 1, Integration with Third-party APIs: 1, Middleware: 1', 'soft': 'Service Orientation: 1, Influencing: 4, Critical Thinking: 4, Analytical Thinking: 4, Problem Solving: 4, Writing Skills: 1, Visionary Thinking: 4, Client Management: 1, Quality Assurance: 1, Communication: 4, Crisis Communication: 1, Performance Management: 4'}"
Michael,Mejia,51481131,Chile,DevOps Engineer,sr2,"{'hard': 'Load Balancing: 4, Backup Strategies: 4, Error Tracking: 4, Cloud Services: 4, Infrastructure as Code (IaC): 4, Docker: 1, Release Management: 4, Disaster Recovery: 1, Testing Automation: 1, Networking: 1', 'soft': 'Customer Service: 4, Cognitive Flexibility: 1, Cultural Competence: 1, Delegation: 4, Writing Skills: 1, Initiative: 4, Problem Solving: 1, Communication: 4, Public Relations: 4, Mentoring Skills: 4, Emotional Resilience: 1, Flexibility: 1'}"
Jacob,Clarke,95986814,Ecuador,Cobol Developer,jr,"{'hard': 'Mainframe: 1, Batch Processing: 1, DB2: 1, CICS: 1, System Integration: 1', 'soft': 'Self-Confidence: 1, Visionary Thinking: 1, Ethical Judgment: 1, Strategic Communication: 1, Resource Allocation: 1'}"
Matthew,Young,91701309,Ecuador,Test Automation Engineer,ssr,"{'hard': 'Test Case Design: 1, API Testing: 2, Appium: 2, Test Management Tools: 2, Mocking Frameworks: 1', 'soft': 'Self-Discipline: 1, Public Speaking: 1, Time Awareness: 1, Public Relations: 1, Facilitation Skills: 1'}"
Courtney,Walker,37056979,Venezuela,iOS Mobile Developer,sr3,"{'hard': 'Swift: 2, Third-party Libraries: 5, Reactive Programming: 5, Auto Layout: 5, Core Location: 2, iCloud: 5, Security Best Practices: 5, Firebase: 5, Objective-C: 2, Accessibility Features: 2, Agile: 5, Core Data: 5, UIKit: 2, RESTful APIs: 2', 'soft': 'Time Management: 2, Work Ethic: 5, Creativity: 5, Risk Management: 2, Resource Allocation: 5, Resourcefulness: 5, Quality Assurance: 5, Relationship Building: 2, Cultural Awareness: 2, Positivity: 5, Critical Thinking: 2, Crisis Management: 5, Adaptability to Change: 5, Emotional Resilience: 2, Critical Observation: 5'}"
Susan,Young,73788271,Mexico,Salesforce Developer,sr2,"{'hard': 'Salesforce CRM: 4, Service Cloud: 1, Agile: 1, Lightning Web Components: 1, Custom Objects: 4, Testing Frameworks: 4, Debugging: 4, Community Cloud: 1, Business Process Automation: 4, Sales Cloud: 1', 'soft': 'Goal Setting: 1, Trustworthiness: 1, Civic Engagement: 1, Personality Awareness: 4, Stress Management: 1, Strategic Communication: 1, Interpersonal Skills: 1, Self-Confidence: 4, Data Interpretation: 4, Positivity: 4, Coaching: 4, Creativity: 1'}"
Michael,Parker,40486678,Peru,DevOps Engineer,ssr,"{'hard': 'Testing Automation: 1, AWS: 2, Site Reliability Engineering (SRE): 2, Microservices Architecture: 1, Release Management: 2', 'soft': 'Resourcefulness: 1, Change Facilitation: 1, Social Skills: 2, Negotiation Tactics: 1, Relationship Building: 1'}"
Michelle,Dawson,85174572,Argentina,PHP Developer,sr2,"{'hard': 'XML: 4, API Development: 1, Object-Oriented Programming: 4, Composer: 4, Session Management: 4, CSS: 1, JSON: 1, REST APIs: 1, MVC Architecture: 4, User Authentication: 1', 'soft': 'Positivity: 4, Self-Discipline: 1, Public Speaking: 1, Motivation: 1, Analytical Thinking: 1, Self-Motivation: 1, Crisis Management: 1, Change Management: 4, Interpersonal Skills: 1, Client Management: 1, Trust Building: 1, Communication: 1'}"
Meghan,Reyes,93163362,Ecuador,SQL Developer,jr,"{'hard': 'Data Modeling: 1, Backup and Recovery: 1, T-SQL: 1, Triggers: 1, Data Structures: 1', 'soft': 'Open-mindedness: 1, Team Building: 1, Empathy: 1, Mentoring Skills: 1, Stress Resilience: 1'}"
Stacy,Tate,32239221,Peru,DevOps Engineer,jr,"{'hard': 'Monitoring and Logging: 1, Incident Management: 1, Error Tracking: 1, Infrastructure as Code (IaC): 1, Cloud Services: 1', 'soft': 'Research Skills: 1, Performance Management: 1, Trustworthiness: 1, Teamwork: 1, Time Optimization: 1'}"
Sarah,Kent,81187275,Mexico,RPA Developer,ssr,"{'hard': 'Change Management: 2, Automation Anywhere: 2, Data Manipulation: 1, Reporting: 1, Data Quality Management: 1', 'soft': 'Crisis Management: 2, Problem Analysis: 1, Negotiation: 2, Decision Making: 1, Time Awareness: 1'}"
Nicholas,Hughes,11616454,Colombia,Game Developer,sr3,"{'hard': 'Game Optimization: 2, Gameplay Programming: 5, Procedural Generation: 5, Graphics Programming: 5, Unreal Engine: 2, Visual Scripting: 5, AI Programming: 5, Sound Design: 5, User Interface Design: 2, Networking: 5, Debugging: 2, Physics Simulation: 2, Version Control (Git): 5, Live Ops: 5', 'soft': 'Creativity: 2, Civic Responsibility: 5, Trustworthiness: 5, Adaptability: 5, Attention to Detail: 2, Change Management: 5, Performance Management: 5, Self-Motivation: 2, Authenticity: 5, Data Interpretation: 2, Visionary Thinking: 2, Motivation: 5, Communication: 2, Creativity: 2, Integrity: 2'}"
Rebecca,Hawkins,14725106,Chile,C++ Developer,sr1,"{'hard': 'DirectX: 1, Debugging: 3, Version Control (Git): 3, Game Development: 1, Standard Template Library (STL): 1, Templates: 1, Static and Dynamic Libraries: 3, System Programming: 1, Windows API: 3, Unit Testing: 1', 'soft': 'Task Prioritization: 1, Feedback Acceptance: 1, Team Building: 1, Virtual Collaboration: 3, Networking Skills: 1, Change Facilitation: 3, Writing Skills: 1, Learning Agility: 1, Communication: 1, Collaboration: 1, Emotional Intelligence: 1, Crisis Management: 3'}"
Tamara,Cooper,62671833,Colombia,Test Automation Engineer,sr3,"{'hard': 'Cross-Browser Testing: 2, Python: 2, JavaScript: 2, Framework Development: 2, Data-Driven Testing: 2, Version Control (Git): 2, Behavior-Driven Development (BDD): 5, Defect Tracking: 5, Selenium: 5, Version Control: 5, Java: 5, Security Testing: 2, JUnit: 2, Performance Testing: 2', 'soft': 'Stress Resilience: 5, Cultural Awareness: 5, Active Listening: 5, Crisis Communication: 5, Motivation: 2, Quality Assurance: 2, Social Intelligence: 5, Situational Awareness: 2, Networking Skills: 5, Team Building: 2, Client Management: 5, Relationship Building: 5, Creativity: 5, Empathy: 2, Stress Management: 2'}"
Kim,Washington,88550179,Colombia,Web Mobile Developer,sr2,"{'hard': 'React Native: 4, Git: 4, Accessibility Standards: 4, Service Workers: 1, WebSockets: 1, Local Storage: 1, Cross-Browser Compatibility: 4, Agile: 4, Continuous Integration/Continuous Deployment (CI/CD): 4, Testing Frameworks: 4', 'soft': 'Social Intelligence: 1, Mentoring: 1, Crisis Communication: 4, Team Building: 4, Emotional Resilience: 1, Task Prioritization: 4, Empathy: 4, Resilience: 4, Personality Awareness: 4, Service Orientation: 1, Leadership: 1, Trust Building: 4'}"
Paige,Rodriguez,31507929,Venezuela,Web UI Developer,sr2,"{'hard': 'Vue.js: 4, Animations: 4, REST APIs: 4, Figma/Adobe XD: 1, Color Theory: 4, Performance Optimization: 4, Web Design Principles: 1, Design Systems: 4, Responsive Design: 1, User Interaction Design: 1', 'soft': 'Teamwork: 4, Open-mindedness: 1, Problem Solving: 1, Trust Building: 1, Mentoring Skills: 1, Persuasion: 1, Virtual Collaboration: 4, Time Awareness: 1, Relationship Building: 4, Public Relations: 4, Personality Awareness: 1, Technology Savvy: 1'}"
Aaron,Lam,87876200,Peru,Web UI Developer,sr1,"{'hard': 'Cross-Browser Compatibility: 3, CSS: 1, Color Theory: 3, Performance Optimization: 3, JavaScript: 1, Typography: 1, Front-End Frameworks: 1, REST APIs: 1, UI/UX Design: 3, CSS Preprocessors (Sass, LESS): 3', 'soft': 'Ethical Judgment: 3, Communication: 3, Performance Management: 1, Empathy: 3, Innovation: 3, Interpersonal Skills: 3, Time Awareness: 3, Emotional Resilience: 1, Civic Engagement: 3, Personality Awareness: 3, Active Listening: 3, Feedback Delivery: 3'}"
Nicole,Romero,41036452,Colombia,SQL Developer,jr,"{'hard': 'SQL Server: 1, Data Governance: 1, Integration with Third-party Tools: 1, Business Intelligence Tools: 1, Version Control: 1', 'soft': 'Work-Life Balance: 1, Motivation: 1, Integrity: 1, Work Ethic: 1, Active Listening: 1'}"
Barry,Gilbert,37765521,Uruguay,Ruby Developer,sr3,"{'hard': 'User Authentication: 2, Middleware: 5, Web Services: 2, Caching Techniques: 2, Continuous Integration: 5, Database Design: 5, API Development: 2, SQL: 5, Version Control: 2, Security Best Practices: 2, Integration with Third-party APIs: 2, Front-end Frameworks: 5, Active Record: 2, Gem Management: 2', 'soft': 'Time Awareness: 2, Responsibility: 5, Data Interpretation: 2, Cognitive Flexibility: 5, Process Improvement: 2, Cultural Awareness: 2, Interpersonal Communication: 5, Networking: 2, Integrity: 2, Ethical Judgment: 5, Performance Management: 5, Positivity: 5, Quality Assurance: 5, Analytical Thinking: 2, Collaboration: 2'}"
Barry,Chambers,64617566,Argentina,Game Developer,ssr,"{'hard': '3D Modeling: 1, Procedural Generation: 1, Visual Scripting: 1, Storyboarding: 1, Graphics Programming: 2', 'soft': 'Authenticity: 2, Goal Setting: 1, Self-Regulation: 2, Communication: 1, Social Intelligence: 2'}"
Melissa,Kramer,59045561,Bolivia,Test Automation Engineer,jr,"{'hard': 'Regression Testing: 1, CI/CD: 1, Integration Testing: 1, Python: 1, Continuous Testing: 1', 'soft': 'Diversity Awareness: 1, Decision Making: 1, Strategic Communication: 1, Entrepreneurial Mindset: 1, Adaptability: 1'}"
Emily,Mason,47229529,Bolivia,Flutter Developer,jr,"{'hard': 'Third-party Libraries: 1, Security Best Practices: 1, Testing: 1, Integration Testing: 1, App Deployment: 1', 'soft': 'Entrepreneurial Mindset: 1, Resource Allocation: 1, Time Awareness: 1, Problem Analysis: 1, Intellectual Curiosity: 1'}"
Robin,Avila,47136557,Uruguay,PHP Developer,sr1,"{'hard': 'Composer: 1, Caching Techniques: 3, Agile: 1, MVC Architecture: 1, Object-Oriented Programming: 1, MySQL: 3, Web Services: 1, CSS: 1, Continuous Integration: 1, Version Control: 3', 'soft': 'Active Listening: 3, Cultural Awareness: 1, Work-Life Balance: 1, Visionary Thinking: 3, Persuasion: 1, Collaboration: 3, Innovation: 3, Problem Solving: 3, Adaptability to Change: 1, Entrepreneurial Mindset: 1, Adaptability: 1, Decision Making: 1'}"
Charlene,Powers,91736710,Venezuela,Salesforce Developer,sr1,"{'hard': 'Workflows: 1, REST APIs: 3, Deployment Techniques: 1, Custom Objects: 3, Service Cloud: 3, Community Cloud: 3, Data Migration: 3, Lightning Web Components: 3, Testing Frameworks: 1, Sales Cloud: 3', 'soft': 'Creativity: 3, Professionalism: 1, Innovation: 1, Visionary Thinking: 1, Workplace Culture Awareness: 1, Initiative: 3, Client Management: 3, Conflict Management: 1, Emotional Intelligence: 1, Presentation Skills: 3, Self-Confidence: 3, Leadership: 1'}"
Cynthia,Shaw,44054186,Peru,PHP Developer,sr3,"{'hard': 'Performance Optimization: 2, Laravel: 5, Debugging: 5, Command Line Interface (CLI): 2, Object-Oriented Programming: 5, Database Design: 2, Symfony: 2, CSS: 2, Integration with Third-party Services: 5, Agile: 5, Caching Techniques: 5, User Authentication: 5, Git: 5, JSON: 5', 'soft': 'Adaptability: 5, Entrepreneurial Mindset: 2, Cognitive Flexibility: 2, Presentation Skills: 2, Relationship Building: 2, Analytical Thinking: 2, Public Relations: 5, Time Optimization: 2, Self-Confidence: 2, Workplace Culture Awareness: 2, Leadership: 2, Communication: 2, Open-mindedness: 2, Change Facilitation: 2, Collaboration: 2'}"
Calvin,Jackson,72813557,Mexico,Cybersecurity Engineer,sr2,"{'hard': 'Encryption Techniques: 4, Application Hardening: 4, DevSecOps: 1, Agile: 1, Cloud Security: 1, Threat Intelligence: 1, Security Policies: 1, Authentication Mechanisms: 4, Security Awareness Training: 4, Threat Modeling: 1', 'soft': 'Conflict Management: 4, Empathy: 1, Self-Confidence: 4, Change Management: 1, Feedback Acceptance: 1, Scientific Thinking: 1, Visionary Thinking: 4, Attention to Detail: 1, Creativity: 4, Work Ethic: 4, Integrity: 4, Problem Analysis: 4'}"
Jennifer,Jordan,11450663,Mexico,IOT Platform Engineer,sr1,"{'hard': 'Version Control: 3, Microservices Architecture: 3, IoT Protocols (MQTT, CoAP): 3, Scripting (Python, JavaScript): 1, API Development: 1, Security Best Practices: 3, Cloud Computing: 3, Device Management: 1, Lifecycle Management: 3, Testing and Validation: 1', 'soft': 'Creativity: 1, Cognitive Flexibility: 1, Diversity Awareness: 3, Client Management: 3, Trustworthiness: 1, Self-Confidence: 3, Team Building: 3, Time Awareness: 1, Negotiation: 3, Intellectual Curiosity: 1, Resilience: 1, Adaptability: 1'}"
Amy,Shah,14394627,Bolivia,IOT Platform Engineer,ssr,"{'hard': 'Deployment Techniques: 2, Data Processing: 1, Microservices Architecture: 1, Embedded Systems: 1, Remote Device Monitoring: 1', 'soft': 'Change Management: 1, Interpersonal Communication: 2, Performance Management: 2, Persuasion: 1, Professionalism: 1'}"
Eric,Cunningham,41490844,Chile,Web UI Developer,sr2,"{'hard': 'Version Control: 4, UI/UX Design: 4, SEO Best Practices: 1, CSS: 4, Front-End Frameworks: 4, Animations: 4, CSS Preprocessors (Sass, LESS): 1, REST APIs: 1, Cross-Browser Compatibility: 4, Vue.js: 4', 'soft': 'Situational Awareness: 4, Authenticity: 4, Decision Making: 4, Customer Service: 4, Workplace Culture Awareness: 1, Feedback Delivery: 1, Active Listening: 1, Mentoring Skills: 4, Problem Solving: 4, Persuasion: 1, Self-Regulation: 1, Stress Management: 1'}"
John,Hicks,41974612,Chile,iOS Mobile Developer,jr,"{'hard': 'Third-party Libraries: 1, In-App Purchases: 1, Unit Testing: 1, Agile: 1, Network Connectivity: 1', 'soft': 'Self-Confidence: 1, Resilience: 1, Trust Building: 1, Self-Discipline: 1, Strategic Communication: 1'}"
Angel,Dean,99949964,Argentina,Android Mobile Developer,sr2,"{'hard': 'Coroutines: 4, XML: 1, ProGuard: 1, Kotlin: 1, Retrofit: 4, Android Architecture Components: 1, REST APIs: 1, Constraint Layout: 1, MVVM: 1, SQLite: 1', 'soft': 'Customer Service: 1, Writing Skills: 1, Interpersonal Communication: 1, Scientific Thinking: 4, Stress Resilience: 4, Critical Thinking: 4, Mentoring Skills: 1, Time Optimization: 4, Communication: 4, Active Listening: 1, Virtual Collaboration: 1, Situational Awareness: 1'}"
Barbara,Hicks,53938075,Bolivia,PHP Developer,ssr,"{'hard': 'MVC Architecture: 1, Composer: 2, Agile: 1, Version Control: 2, Session Management: 1', 'soft': 'Conflict Management: 1, Task Prioritization: 1, Adaptability to Change: 1, Facilitation Skills: 1, Cultural Competence: 1'}"
Carolyn,Johnson,58520652,Ecuador,NodeJs Developer,sr3,"{'hard': 'Redis: 2, Postman: 2, Debugging: 2, TypeScript: 2, Event-Driven Architecture: 5, Agile: 2, API Development: 2, Kubernetes: 5, Error Handling: 2, Microservices: 5, Middleware: 2, Logging Frameworks: 2, Git: 2, Mocha: 5', 'soft': 'Leadership: 5, Cultural Awareness: 2, Time Optimization: 2, Feedback Acceptance: 2, Networking Skills: 2, Integrity: 5, Social Skills: 2, Performance Management: 2, Critical Observation: 2, Networking: 2, Coaching: 2, Risk Management: 2, Resourcefulness: 5, Process Improvement: 2, Conflict Management: 2'}"
David,Clarke,60249606,Uruguay,Cobol Developer,sr3,"{'hard': 'Software Maintenance: 2, COBOL: 5, User Acceptance Testing (UAT): 5, Legacy Systems: 5, CICS: 5, VSAM: 5, Agile: 5, Client Interaction: 2, File Handling: 5, Version Control (Git): 5, Documentation: 2, Change Management: 2, Business Logic: 2, Data Structures: 2', 'soft': 'Work Ethic: 2, Data Interpretation: 5, Visionary Thinking: 5, Self-Regulation: 2, Communication: 5, Problem Analysis: 2, Crisis Communication: 2, Networking Skills: 2, Teamwork: 2, Negotiation Tactics: 2, Customer Service: 5, Stress Management: 2, Situational Awareness: 5, Entrepreneurial Mindset: 2, Interpersonal Communication: 2'}"
Samuel,Sanders,87266610,Argentina,Cobol Developer,jr,"{'hard': 'Data Processing: 1, Legacy Systems: 1, System Integration: 1, IBM z/OS: 1, DB2: 1', 'soft': 'Delegation: 1, Coaching: 1, Global Awareness: 1, Professionalism: 1, Learning Agility: 1'}"
Melissa,Burton,46280659,Bolivia,IOT Platform Engineer,jr,"{'hard': 'Cloud Computing: 1, Microservices Architecture: 1, Cloud Platforms (AWS IoT, Azure IoT): 1, Data Processing: 1, Testing and Validation: 1', 'soft': 'Time Management: 1, Teamwork: 1, Critical Observation: 1, Virtual Collaboration: 1, Time Awareness: 1'}"
Mark,Small,45685384,Mexico,Test Automation Engineer,ssr,"{'hard': 'Automation Strategy: 2, TestNG: 1, Integration Testing: 2, CI/CD: 1, API Testing: 1', 'soft': 'Creativity: 1, Goal Setting: 1, Creativity: 2, Presentation Skills: 1, Initiative: 2'}"
Heather,Garcia,61246676,Peru,C++ Developer,sr1,"{'hard': 'Memory Management: 1, Standard Template Library (STL): 3, Linux Development: 3, DirectX: 3, Templates: 1, Design Patterns: 1, Data Structures: 1, System Programming: 3, Version Control (Git): 3, C++: 1', 'soft': 'Persuasion: 3, Critical Observation: 3, Social Intelligence: 3, Change Facilitation: 1, Stress Resilience: 1, Critical Thinking: 1, Civic Engagement: 1, Cultural Awareness: 1, Feedback Delivery: 1, Strategic Communication: 1, Creativity: 3, Networking Skills: 1'}"
Derek,Schneider,11954303,Venezuela,Test Automation Engineer,jr,"{'hard': 'Cloud Testing: 1, Regression Testing: 1, Continuous Testing: 1, JavaScript: 1, Framework Development: 1', 'soft': 'Critical Thinking: 1, Stress Management: 1, Adaptability: 1, Professionalism: 1, Goal Setting: 1'}"
Laura,Ray,88118235,Bolivia,IOT Platform Engineer,sr1,"{'hard': 'Agile: 1, Database Management: 1, Sensor Technologies: 1, Device Management: 3, Microservices Architecture: 3, API Development: 1, Lifecycle Management: 3, Remote Device Monitoring: 3, Telemetry: 3, Embedded Systems: 3', 'soft': 'Goal Setting: 1, Team Building: 1, Visionary Leadership: 3, Work-Life Balance: 3, Conflict Resolution: 1, Research Skills: 1, Stress Management: 3, Mentoring: 3, Time Management: 1, Intuition: 3, Process Improvement: 1, Data Interpretation: 3'}"
Todd,Johnson,42645720,Bolivia,Salesforce Developer,ssr,"{'hard': 'Security Best Practices: 2, Deployment Techniques: 1, Integration with Third-party Services: 1, API Development: 2, Agile: 1', 'soft': 'Social Skills: 1, Problem Analysis: 2, Stress Resilience: 2, Writing Skills: 1, Creativity: 2'}"
Laura,Ramos,67789667,Argentina,Cybersecurity Engineer,sr2,"{'hard': 'Compliance Standards (ISO, NIST): 1, Firewalls: 1, Intrusion Detection Systems (IDS): 4, Authentication Mechanisms: 4, Mobile Security: 1, Data Protection: 1, Security Policies: 4, Malware Analysis: 1, Cloud Security: 1, Vulnerability Assessment: 4', 'soft': 'Social Intelligence: 1, Visionary Leadership: 1, Data Interpretation: 1, Time Awareness: 4, Risk Management: 1, Time Optimization: 1, Teamwork: 4, Self-Discipline: 4, Intellectual Curiosity: 4, Process Improvement: 4, Client Management: 1, Civic Engagement: 1'}"
Lisa,Lawson,84843069,Uruguay,Data Engineer,sr3,"{'hard': 'Hadoop: 5, Metadata Management: 2, Python: 2, Data Integration Tools: 2, Data Visualization Tools (Tableau, Power BI): 2, Data Modeling: 2, Data Security: 5, Cloud Data Solutions (AWS, Azure, GCP): 2, Apache Kafka: 2, Data Quality Management: 2, Data Architecture: 2, ETL Processes: 5, Business Intelligence: 5, Data Transformation: 5', 'soft': 'Creativity: 5, Stress Resilience: 2, Empathy: 5, Networking: 5, Responsibility: 2, Team Building: 5, Personality Awareness: 5, Customer Service: 5, Interpersonal Skills: 2, Self-Regulation: 2, Self-Confidence: 2, Adaptability to Change: 5, Crisis Communication: 2, Technology Savvy: 5, Feedback Acceptance: 2'}"
Joy,Sexton,46104391,Uruguay,Java Developer,ssr,"{'hard': 'Kubernetes: 2, Thread Management: 1, REST APIs: 2, JavaFX: 2, Git: 1', 'soft': 'Learning Agility: 2, Initiative: 2, Cultural Awareness: 1, Empathy: 1, Inclusivity: 2'}"
Dan,Hunt,67778921,Peru,Game Developer,sr2,"{'hard': 'Performance Optimization: 4, Shader Programming: 1, AI Programming: 1, Storyboarding: 1, Asset Management: 4, Game Design: 4, 3D Modeling: 1, Game Analytics: 1, Level Design: 4, Visual Scripting: 1', 'soft': 'Conflict Management: 1, Emotional Resilience: 1, Teamwork: 4, Intuition: 4, Adaptability to Change: 4, Research Skills: 4, Virtual Collaboration: 4, Innovation: 4, Global Awareness: 1, Cultural Competence: 4, Learning Agility: 1, Empathy: 4'}"
Eric,Moran,28736094,Paraguay,Java Developer,ssr,"{'hard': 'Performance Tuning: 1, JDBC: 2, Hibernate: 2, Java EE: 1, Unit Testing: 1', 'soft': 'Flexibility: 2, Motivation: 1, Time Awareness: 1, Emotional Resilience: 1, Resourcefulness: 2'}"
Tanya,Brown,18902735,Bolivia,IOT Platform Engineer,jr,"{'hard': 'Cloud Computing: 1, Analytics Integration: 1, Database Management: 1, Deployment Techniques: 1, Cloud Platforms (AWS IoT, Azure IoT): 1', 'soft': 'Risk Management: 1, Social Intelligence: 1, Time Optimization: 1, Negotiation Tactics: 1, Influencing: 1'}"
Micheal,Meyer,70675809,Uruguay,Cloud Engineer,ssr,"{'hard': 'Load Balancing: 2, DevOps: 2, Backup and Recovery: 2, Google Cloud Platform: 1, Cloud Architecture: 1', 'soft': 'Mentoring Skills: 1, Analytical Thinking: 2, Networking Skills: 2, Resourcefulness: 2, Attention to Detail: 1'}"
Rachel,Martin,37455722,Chile,Web Mobile Developer,sr2,"{'hard': 'Debugging: 4, Accessibility Standards: 1, Mobile First Design: 4, Git: 4, State Management: 4, Testing Frameworks: 1, Performance Optimization: 4, Deployment Techniques: 4, Data Structures: 1, WebSockets: 4', 'soft': 'Civic Responsibility: 1, Active Listening: 4, Feedback Acceptance: 4, Service Orientation: 4, Self-Regulation: 1, Professionalism: 4, Conflict Resolution: 4, Visionary Leadership: 1, Persuasion: 1, Problem Analysis: 1, Process Improvement: 4, Teamwork: 4'}"
Savannah,Gay,26901505,Argentina,.Net Developer,sr3,"{'hard': 'Web API: 2, SQL Server: 5, Data Structures: 5, Dependency Injection: 2, Visual Studio: 5, Entity Framework: 2, Version Control (Git): 2, ASP.NET: 5, User Authentication: 2, Microservices: 5, Entity Framework Core: 5, REST APIs: 2, LINQ: 2, Performance Optimization: 5', 'soft': 'Situational Awareness: 2, Motivation: 5, Humility: 2, Intuition: 5, Quality Assurance: 2, Empathy: 5, Adaptability to Change: 5, Work-Life Balance: 5, Ethical Judgment: 5, Negotiation: 5, Delegation: 2, Innovation: 5, Teamwork: 2, Scientific Thinking: 5, Data Interpretation: 5'}"
Brent,Spencer,33623548,Mexico,.Net Developer,sr3,"{'hard': '.NET Core: 2, Agile: 5, Web Services: 2, MVC: 5, LINQ: 5, Microservices: 5, .NET Framework: 5, WCF: 5, Performance Optimization: 2, Code Review: 5, REST APIs: 2, HTML/CSS: 2, Unit Testing: 2, Entity Framework Core: 5', 'soft': 'Visionary Thinking: 2, Self-Regulation: 2, Creativity: 5, Innovation: 2, Conflict Resolution: 5, Negotiation Tactics: 2, Flexibility: 5, Strategic Thinking: 5, Communication: 2, Interpersonal Communication: 2, Civic Engagement: 5, Diversity Awareness: 2, Global Awareness: 2, Writing Skills: 5, Risk Management: 2'}"
Kelsey,Sims,31569865,Venezuela,Flutter Developer,ssr,"{'hard': 'Continuous Integration: 1, Integration Testing: 1, Native Modules: 2, Version Control (Git): 2, Localization: 1', 'soft': 'Interpersonal Communication: 1, Service Orientation: 1, Decision Making: 1, Time Awareness: 2, Facilitation Skills: 1'}"
Timothy,Valdez,96081139,Mexico,Cybersecurity Engineer,sr1,"{'hard': 'Security Policies: 1, Threat Intelligence: 3, Network Protocols: 3, Security Information and Event Management (SIEM): 3, Vulnerability Assessment: 3, Agile: 1, Data Loss Prevention (DLP): 3, Forensics: 3, Application Security: 1, Compliance Standards (ISO, NIST): 1', 'soft': 'Work Ethic: 1, Responsibility: 3, Workplace Culture Awareness: 1, Interpersonal Skills: 3, Initiative: 3, Feedback Delivery: 3, Writing Skills: 1, Customer Service: 3, Networking: 3, Conflict Resolution: 1, Strategic Thinking: 1, Process Improvement: 1'}"
Hayden,Watson,38905380,Venezuela,Ruby Developer,sr1,"{'hard': 'CSS: 1, Middleware: 1, Caching Techniques: 1, Responsive Design: 3, Ruby: 3, Continuous Integration: 1, Gem Management: 1, User Authentication: 1, Data Migration: 1, Testing Frameworks (RSpec): 3', 'soft': 'Crisis Communication: 1, Motivational Skills: 3, Civic Responsibility: 1, Initiative: 3, Decision Making: 1, Critical Observation: 1, Visionary Thinking: 3, Stress Management: 1, Cultural Awareness: 1, Feedback Acceptance: 1, Performance Management: 1, Self-Discipline: 3'}"
Ashley,Johnson,85146559,Venezuela,Flutter Developer,ssr,"{'hard': 'Third-party Libraries: 1, Material Design: 2, Animations: 1, Cross-Platform Development: 1, Security Best Practices: 1', 'soft': 'Situational Awareness: 1, Crisis Management: 2, Open-mindedness: 2, Research Skills: 1, Integrity: 1'}"
Mary,Jackson,74700281,Mexico,Test Automation Engineer,jr,"{'hard': 'TestNG: 1, Performance Testing: 1, Reporting Tools: 1, User Interface Testing: 1, CI/CD: 1', 'soft': 'Public Relations: 1, Innovation: 1, Critical Observation: 1, Task Prioritization: 1, Negotiation Tactics: 1'}"
Catherine,Hernandez,40143991,Venezuela,DevOps Engineer,sr3,"{'hard': 'Error Tracking: 5, Site Reliability Engineering (SRE): 5, Database Management: 5, Automation Tools: 2, Configuration Management: 2, Application Performance Monitoring (APM): 2, Continuous Integration/Continuous Deployment (CI/CD): 2, AWS: 2, Load Balancing: 2, Networking: 2, Release Management: 5, Custom Scripts: 2, Testing Automation: 2, Scripting (Bash, Python): 5', 'soft': 'Risk Management: 5, Communication: 2, Team Building: 2, Client Management: 5, Flexibility: 2, Responsibility: 5, Data Interpretation: 2, Facilitation Skills: 2, Self-Discipline: 2, Motivational Skills: 2, Decision Making: 5, Problem Analysis: 2, Strategic Thinking: 2, Analytical Thinking: 2, Change Facilitation: 2'}"
Micheal,Jones,36335060,Ecuador,Web UI Developer,sr2,"{'hard': 'Content Management Systems (CMS): 1, Responsive Design: 1, Debugging: 4, CSS Preprocessors (Sass, LESS): 4, Accessibility Standards: 4, Animations: 1, Color Theory: 4, Image Optimization: 1, Angular: 4, CSS: 1', 'soft': 'Influencing: 1, Critical Thinking: 1, Problem Analysis: 4, Empathy: 1, Conflict Management: 4, Creativity: 1, Social Intelligence: 1, Global Awareness: 1, Workplace Culture Awareness: 1, Motivation: 1, Visionary Thinking: 1, Trustworthiness: 1'}"
Raymond,Kirby,80402275,Peru,Web UI Developer,ssr,"{'hard': 'UI/UX Design: 2, Performance Optimization: 2, Typography: 2, REST APIs: 1, Web Design Principles: 1', 'soft': 'Performance Management: 2, Motivation: 1, Responsibility: 1, Quality Assurance: 2, Negotiation Tactics: 2'}"
Chelsea,Orozco,35437367,Argentina,Java Developer,jr,"{'hard': 'Microservices: 1, Spring Boot: 1, SOAP: 1, Internationalization: 1, Security: 1', 'soft': 'Networking Skills: 1, Initiative: 1, Social Skills: 1, Change Facilitation: 1, Teamwork: 1'}"
Adam,Fisher,23297695,Argentina,Ruby Developer,ssr,"{'hard': 'Deployment Techniques: 1, Object-Oriented Programming: 1, CSS: 2, Active Record: 2, Debugging: 2', 'soft': 'Motivation: 1, Conflict Management: 1, Responsibility: 2, Innovation: 2, Work Ethic: 2'}"
David,Wilson,25594430,Venezuela,Web Mobile Developer,sr1,"{'hard': 'HTML: 1, Progressive Web Apps (PWAs): 1, Mobile First Design: 3, Agile: 1, Service Workers: 1, Flutter: 1, React Native: 1, Cross-Browser Compatibility: 1, Accessibility Standards: 3, WebSockets: 3', 'soft': 'Work-Life Balance: 3, Crisis Communication: 3, Feedback Delivery: 1, Emotional Intelligence: 1, Interpersonal Skills: 1, Change Management: 3, Strategic Thinking: 1, Presentation Skills: 1, Change Facilitation: 1, Initiative: 3, Ethical Judgment: 3, Stress Resilience: 1'}"
Elaine,Bell,18247027,Mexico,Data Engineer,jr,"{'hard': 'Data Visualization Tools (Tableau, Power BI): 1, Data Quality Management: 1, Performance Tuning: 1, Data Modeling: 1, Data Pipeline Development: 1', 'soft': 'Scientific Thinking: 1, Responsibility: 1, Conflict Management: 1, Time Optimization: 1, Conflict Resolution: 1'}"
William,Ellis,60351458,Paraguay,Cobol Developer,sr2,"{'hard': 'Business Logic: 1, Documentation: 4, System Integration: 4, JCL: 1, Batch Processing: 1, CICS: 4, Unit Testing: 4, COBOL: 1, Data Migration: 1, Software Maintenance: 1', 'soft': 'Facilitation Skills: 1, Workplace Culture Awareness: 1, Innovation: 4, Self-Regulation: 1, Cognitive Flexibility: 4, Delegation: 4, Stress Management: 1, Strategic Thinking: 1, Influencing: 1, Interpersonal Communication: 1, Critical Thinking: 1, Visionary Leadership: 1'}"
Rebecca,Garcia,86696818,Chile,Test Automation Engineer,sr1,"{'hard': 'Load Testing: 1, Version Control: 3, Mocking Frameworks: 1, API Testing: 1, Framework Development: 3, Test Case Design: 1, Reporting Tools: 3, JUnit: 1, Test Management Tools: 1, Python: 3', 'soft': 'Strategic Thinking: 3, Adaptability: 3, Leadership: 1, Crisis Management: 1, Interpersonal Skills: 3, Cognitive Flexibility: 1, Task Prioritization: 1, Creativity: 3, Delegation: 3, Innovation: 3, Problem Solving: 3, Goal Setting: 1'}"
Alison,Rodriguez,31683557,Peru,Web Mobile Developer,jr,"{'hard': 'Mobile First Design: 1, Service Workers: 1, Accessibility Standards: 1, State Management: 1, Git: 1', 'soft': 'Relationship Building: 1, Creativity: 1, Stress Management: 1, Conflict Management: 1, Trust Building: 1'}"
Erik,Mendez,36838939,Paraguay,C++ Developer,jr,"{'hard': 'Profiling: 1, Boost Library: 1, Graphics Programming: 1, Unit Testing: 1, Design Patterns: 1', 'soft': 'Stress Resilience: 1, Innovation: 1, Emotional Intelligence: 1, Self-Confidence: 1, Self-Regulation: 1'}"
Danny,Le,82767898,Peru,Android Mobile Developer,sr1,"{'hard': 'JUnit: 1, Gradle: 1, Java: 1, Dagger: 3, Dependency Injection: 3, Firebase: 1, XML: 3, Data Binding: 1, Material Design: 3, SQLite: 3', 'soft': 'Cognitive Flexibility: 3, Creativity: 1, Facilitation Skills: 3, Active Listening: 1, Self-Discipline: 3, Goal Setting: 3, Networking: 1, Crisis Communication: 1, Process Improvement: 1, Interpersonal Skills: 3, Technology Savvy: 1, Influencing: 3'}"
John,Palmer,75731692,Chile,PHP Developer,sr3,"{'hard': 'Caching Techniques: 5, Security Best Practices: 2, Error Handling: 2, XML: 2, User Authentication: 5, Session Management: 2, Data Structures: 5, API Development: 2, Symfony: 2, Agile: 2, Composer: 2, REST APIs: 5, MVC Architecture: 2, Continuous Integration: 5', 'soft': 'Goal Setting: 2, Change Management: 5, Positivity: 2, Conflict Resolution: 2, Teamwork: 5, Collaboration: 5, Creativity: 5, Attention to Detail: 5, Resource Allocation: 2, Analytical Thinking: 2, Visionary Thinking: 2, Interpersonal Communication: 2, Time Optimization: 2, Situational Awareness: 5, Intellectual Curiosity: 5'}"
Vanessa,Richardson,43171669,Ecuador,Android Mobile Developer,sr2,"{'hard': 'Flutter: 4, Data Binding: 4, XML: 4, Kotlin: 1, Security Best Practices: 4, Gradle: 1, Material Design: 1, Test-Driven Development: 4, Dependency Injection: 4, MVP: 1', 'soft': 'Service Orientation: 4, Delegation: 4, Change Management: 4, Analytical Thinking: 1, Goal Setting: 1, Strategic Thinking: 1, Decision Making: 1, Open-mindedness: 1, Scientific Thinking: 4, Initiative: 1, Intuition: 4, Humility: 4'}"
Kimberly,Dyer,75987641,Colombia,Sharepoint Developer,sr3,"{'hard': 'SQL Server: 2, Microsoft Flow: 2, Information Architecture: 5, Integration with Third-party Services: 2, REST APIs: 5, Workflow Automation: 5, JavaScript: 5, SharePoint Framework (SPFx): 5, Debugging: 5, Version Control: 5, Database Design: 2, User Authentication: 2, SharePoint Designer: 5, Performance Optimization: 5', 'soft': 'Problem Analysis: 5, Problem Solving: 2, Coaching: 2, Critical Thinking: 5, Crisis Communication: 2, Visionary Thinking: 5, Global Awareness: 2, Persuasion: 5, Interpersonal Skills: 2, Writing Skills: 5, Adaptability: 5, Social Intelligence: 2, Influencing: 5, Social Skills: 5, Mentoring: 5'}"
Gavin,Downs,50804919,Peru,Web UI Developer,jr,"{'hard': 'React: 1, CSS: 1, Web Standards: 1, CSS Preprocessors (Sass, LESS): 1, UI/UX Design: 1', 'soft': 'Professionalism: 1, Client Management: 1, Collaboration: 1, Integrity: 1, Motivational Skills: 1'}"
Michelle,Robbins,52772794,Peru,Flutter Developer,sr2,"{'hard': 'Localization: 1, Material Design: 4, Performance Optimization: 4, Security Best Practices: 1, Testing: 1, Integration Testing: 4, Flutter: 1, Native Modules: 4, Internationalization: 4, App Deployment: 4', 'soft': 'Ethical Judgment: 1, Performance Management: 4, Motivation: 1, Resource Allocation: 4, Networking: 4, Positivity: 1, Time Optimization: 4, Technology Savvy: 1, Team Building: 1, Integrity: 1, Adaptability to Change: 1, Facilitation Skills: 4'}"
Sarah,Rodriguez,98726586,Mexico,Android Mobile Developer,sr3,"{'hard': 'Data Binding: 5, UI/UX Design: 5, Motion Layout: 2, Kotlin: 5, Android Jetpack: 5, Performance Tuning: 5, Git: 2, Security Best Practices: 5, RxJava: 2, Dagger: 5, Dependency Injection: 5, LiveData: 2, Material Design: 5, XML: 2', 'soft': 'Negotiation: 5, Motivational Skills: 2, Self-Motivation: 5, Critical Thinking: 5, Active Listening: 2, Change Management: 5, Interpersonal Communication: 5, Visionary Thinking: 2, Integrity: 2, Situational Awareness: 2, Emotional Intelligence: 2, Civic Responsibility: 5, Influencing: 5, Resilience: 5, Critical Observation: 5'}"
John,Garza,68153365,Colombia,Test Automation Engineer,sr2,"{'hard': 'Performance Testing: 4, Test Case Design: 1, Integration Testing: 4, Scripting: 4, Continuous Testing: 4, Behavior-Driven Development (BDD): 4, Security Testing: 4, Java: 4, Selenium: 4, Cloud Testing: 1', 'soft': 'Team Building: 1, Empathy: 1, Inclusivity: 4, Civic Engagement: 1, Intuition: 1, Process Improvement: 1, Motivational Skills: 1, Motivation: 4, Negotiation: 4, Leadership: 1, Performance Management: 4, Coaching: 4'}"
Brian,Bridges,70971874,Uruguay,Web Mobile Developer,sr2,"{'hard': 'HTML: 1, WebSockets: 1, Analytics Integration: 1, UI/UX Design: 1, Agile: 4, React Native: 4, Mobile First Design: 1, Data Structures: 4, Deployment Techniques: 4, State Management: 4', 'soft': 'Adaptability to Change: 4, Trust Building: 1, Quality Assurance: 1, Strategic Thinking: 4, Change Facilitation: 4, Inclusivity: 1, Crisis Communication: 4, Client Management: 4, Risk Management: 4, Visionary Thinking: 1, Social Skills: 1, Social Intelligence: 1'}"
Taylor,Dennis,61016840,Uruguay,Java Developer,jr,"{'hard': 'XML: 1, Git: 1, Spring: 1, JavaFX: 1, Microservices: 1', 'soft': 'Networking Skills: 1, Civic Engagement: 1, Negotiation Tactics: 1, Analytical Thinking: 1, Crisis Communication: 1'}"
Charles,Williams,29123213,Argentina,Test Automation Engineer,sr1,"{'hard': 'Python: 3, Scripting: 1, Version Control (Git): 1, Framework Development: 3, Test Environment Setup: 1, Behavior-Driven Development (BDD): 3, Security Testing: 3, Reporting Tools: 3, CI/CD: 1, Defect Tracking: 1', 'soft': 'Analytical Thinking: 1, Feedback Acceptance: 1, Work-Life Balance: 3, Positivity: 1, Intuition: 3, Situational Awareness: 1, Crisis Communication: 1, Self-Motivation: 1, Self-Regulation: 3, Attention to Detail: 3, Facilitation Skills: 3, Entrepreneurial Mindset: 1'}"
Cynthia,Morales,88124398,Paraguay,SQL Developer,jr,"{'hard': 'Indexing: 1, Business Intelligence Tools: 1, PL/SQL: 1, Integration with Third-party Tools: 1, PostgreSQL: 1', 'soft': 'Self-Discipline: 1, Time Awareness: 1, Resilience: 1, Situational Awareness: 1, Motivation: 1'}"
Amy,Jenkins,50889765,Venezuela,Flutter Developer,sr3,"{'hard': 'Debugging: 5, Version Control (Git): 2, UI/UX Design: 2, Continuous Integration: 2, Localization: 2, Animations: 2, Agile: 5, Dart: 5, Asynchronous Programming: 2, Material Design: 2, Security Best Practices: 2, Third-party Libraries: 5, Error Handling: 2, Network Connectivity: 2', 'soft': 'Crisis Communication: 5, Strategic Communication: 2, Public Speaking: 2, Public Relations: 2, Entrepreneurial Mindset: 2, Workplace Culture Awareness: 5, Teamwork: 2, Work-Life Balance: 5, Open-mindedness: 2, Motivational Skills: 5, Intuition: 5, Resource Allocation: 2, Authenticity: 5, Creativity: 2, Inclusivity: 5'}"
Rhonda,Haas,10552802,Colombia,.Net Developer,jr,"{'hard': 'Performance Optimization: 1, JavaScript: 1, Unit Testing: 1, Version Control (Git): 1, Agile: 1', 'soft': 'Technology Savvy: 1, Cultural Awareness: 1, Integrity: 1, Personality Awareness: 1, Self-Discipline: 1'}"
Natasha,Odonnell,53196020,Ecuador,SQL Developer,sr3,"{'hard': 'Data Quality Management: 5, SQL: 5, Stored Procedures: 5, Backup and Recovery: 2, Query Optimization: 2, MySQL: 5, Reporting Tools: 2, PostgreSQL: 5, Data Migration: 2, Data Modeling: 5, T-SQL: 5, Indexing: 2, Triggers: 5, Security Best Practices: 2', 'soft': 'Feedback Acceptance: 2, Attention to Detail: 2, Time Optimization: 5, Cognitive Flexibility: 2, Relationship Building: 5, Situational Awareness: 2, Entrepreneurial Mindset: 2, Conflict Resolution: 2, Process Improvement: 2, Responsibility: 2, Trust Building: 5, Self-Regulation: 2, Quality Assurance: 2, Visionary Leadership: 5, Flexibility: 5'}"
Jason,Good,37122081,Uruguay,NodeJs Developer,sr2,"{'hard': 'Version Control: 1, Event-Driven Architecture: 1, NPM: 4, JavaScript: 4, WebSockets: 1, CI/CD: 1, Security Best Practices: 4, GraphQL: 4, Logging Frameworks: 4, MongoDB: 4', 'soft': 'Relationship Building: 1, Visionary Thinking: 1, Work Ethic: 4, Social Intelligence: 4, Visionary Leadership: 4, Cultural Awareness: 1, Empathy: 4, Integrity: 4, Analytical Thinking: 1, Self-Confidence: 1, Problem Solving: 1, Quality Assurance: 1'}"
Thomas,Mclean,93355766,Colombia,Java Developer,sr1,"{'hard': 'Java EE: 1, Algorithms: 3, Dependency Injection: 1, Performance Tuning: 3, REST APIs: 1, Multi-threading: 3, Data Access Layer: 3, Thread Management: 1, Web Services: 1, Logging Frameworks: 3', 'soft': 'Empathy: 1, Presentation Skills: 3, Negotiation: 1, Decision Making: 1, Critical Thinking: 1, Resource Allocation: 3, Trust Building: 1, Influencing: 1, Team Building: 1, Service Orientation: 1, Client Management: 1, Mentoring Skills: 1'}"
Teresa,Dougherty,60436738,Bolivia,Android Mobile Developer,sr1,"{'hard': 'Gradle: 1, MVP: 1, Android Architecture Components: 1, REST APIs: 1, Security Best Practices: 3, RxJava: 3, Constraint Layout: 3, Data Binding: 1, UI/UX Design: 1, Retrofit: 3', 'soft': 'Humility: 1, Adaptability to Change: 1, Process Improvement: 1, Negotiation: 1, Time Management: 1, Integrity: 3, Persuasion: 3, Visionary Leadership: 1, Public Relations: 1, Ethical Judgment: 3, Motivation: 3, Self-Confidence: 1'}"
Tina,Webb,14030558,Paraguay,DevOps Engineer,jr,"{'hard': 'Security Best Practices: 1, Release Management: 1, Continuous Integration/Continuous Deployment (CI/CD): 1, Backup Strategies: 1, Disaster Recovery: 1', 'soft': 'Delegation: 1, Initiative: 1, Leadership: 1, Conflict Resolution: 1, Client Management: 1'}"
Frances,Gonzales,49760828,Chile,Cloud Engineer,sr3,"{'hard': 'Agile: 5, Cloud Migration: 2, Performance Tuning: 5, Monitoring and Logging: 2, Security Best Practices: 5, Application Networking: 2, Service Mesh: 2, Data Storage Solutions: 5, Virtualization: 5, Serverless Computing: 2, AWS: 2, DevOps: 5, Cloud Security: 5, Docker: 2', 'soft': 'Intuition: 5, Inclusivity: 2, Empathy: 5, Ethical Judgment: 5, Conflict Management: 5, Time Management: 2, Risk Management: 2, Initiative: 5, Motivational Skills: 5, Diversity Awareness: 2, Conflict Resolution: 5, Negotiation: 2, Self-Discipline: 5, Performance Management: 5, Feedback Acceptance: 2'}"
Ethan,Hernandez,63468474,Uruguay,NodeJs Developer,sr2,"{'hard': 'Security Best Practices: 4, Event-Driven Architecture: 4, Asynchronous Programming: 4, Error Handling: 1, Redis: 4, JavaScript: 4, Socket.io: 4, Unit Testing: 1, Middleware: 1, Kubernetes: 1', 'soft': 'Presentation Skills: 4, Personality Awareness: 1, Self-Motivation: 4, Visionary Leadership: 1, Data Interpretation: 4, Delegation: 1, Critical Thinking: 1, Analytical Thinking: 4, Mentoring: 1, Service Orientation: 1, Quality Assurance: 4, Positivity: 4'}"
Adrian,Rodriguez,86913427,Bolivia,Cobol Developer,jr,"{'hard': 'User Acceptance Testing (UAT): 1, COBOL: 1, Data Migration: 1, Mainframe: 1, Change Management: 1', 'soft': 'Active Listening: 1, Goal Setting: 1, Self-Discipline: 1, Innovation: 1, Creativity: 1'}"
Audrey,Johnson,25217167,Uruguay,NodeJs Developer,sr1,"{'hard': 'Unit Testing: 1, HTML/CSS: 3, Debugging: 1, Mocha: 3, GraphQL: 1, Performance Optimization: 1, Kubernetes: 3, SQL: 1, Git: 3, JavaScript: 3', 'soft': 'Customer Service: 3, Motivation: 1, Social Skills: 1, Communication: 1, Self-Regulation: 3, Influencing: 3, Self-Confidence: 3, Resilience: 3, Professionalism: 1, Strategic Thinking: 3, Decision Making: 3, Responsibility: 3'}"
Luis,Cordova,49395343,Uruguay,iOS Mobile Developer,jr,"{'hard': 'iOS SDK: 1, Auto Layout: 1, Unit Testing: 1, SiriKit: 1, User Interface Design: 1', 'soft': 'Entrepreneurial Mindset: 1, Adaptability to Change: 1, Negotiation: 1, Visionary Thinking: 1, Intuition: 1'}"
Cathy,Martinez,76443495,Ecuador,C++ Developer,ssr,"{'hard': 'Graphics Programming: 2, Templates: 1, System Programming: 2, C++: 2, DirectX: 2', 'soft': 'Resource Allocation: 2, Communication: 1, Creativity: 1, Conflict Management: 2, Writing Skills: 2'}"
Jennifer,Lewis,83522700,Colombia,Android Mobile Developer,sr1,"{'hard': 'Dagger: 1, Flutter: 3, SQLite: 1, Android NDK: 3, UI/UX Design: 1, Security Best Practices: 1, MVP: 3, Coroutines: 3, MVVM: 1, JUnit: 1', 'soft': 'Adaptability to Change: 3, Public Speaking: 3, Networking: 3, Authenticity: 1, Resource Allocation: 3, Time Awareness: 1, Decision Making: 1, Visionary Leadership: 3, Positivity: 3, Work-Life Balance: 1, Quality Assurance: 1, Empathy: 3'}"
Katie,Simmons,97478040,Paraguay,Flutter Developer,sr3,"{'hard': 'App Deployment: 2, Versioning: 2, Internationalization: 2, State Management: 5, UI/UX Design: 2, Native Modules: 5, Asynchronous Programming: 5, Error Handling: 2, Accessibility Features: 2, Continuous Integration: 2, Debugging: 5, Network Connectivity: 5, Localization: 2, Dependency Management: 5', 'soft': 'Intuition: 2, Integrity: 2, Crisis Management: 2, Ethical Judgment: 5, Writing Skills: 5, Decision Making: 5, Strategic Thinking: 5, Visionary Leadership: 5, Cultural Competence: 5, Critical Observation: 2, Presentation Skills: 5, Coaching: 2, Cultural Awareness: 5, Self-Regulation: 2, Networking: 2'}"
Kimberly,Collins,69021901,Mexico,Android Mobile Developer,jr,"{'hard': 'Git: 1, RxJava: 1, UI/UX Design: 1, Gradle: 1, SQLite: 1', 'soft': 'Feedback Delivery: 1, Performance Management: 1, Data Interpretation: 1, Collaboration: 1, Critical Observation: 1'}"
Karen,Barron,98060953,Ecuador,Cloud Engineer,sr3,"{'hard': 'Networking: 5, Application Networking: 5, Agile: 5, Kubernetes: 2, API Management: 2, Backup and Recovery: 2, Disaster Recovery Planning: 5, Data Storage Solutions: 5, Event-Driven Architecture: 5, CI/CD: 5, Cloud Security: 2, Azure: 2, Version Control (Git): 5, Load Balancing: 2', 'soft': 'Resourcefulness: 5, Service Orientation: 5, Intuition: 2, Communication: 5, Problem Solving: 2, Attention to Detail: 5, Work-Life Balance: 5, Analytical Thinking: 5, Teamwork: 2, Emotional Intelligence: 2, Conflict Resolution: 2, Public Relations: 2, Quality Assurance: 5, Ethical Judgment: 2, Data Interpretation: 5'}"
Bonnie,Hicks,27518300,Bolivia,Web UI Developer,sr3,"{'hard': 'Front-End Frameworks: 5, UI/UX Design: 5, Version Control: 2, Figma/Adobe XD: 2, REST APIs: 5, Color Theory: 2, Git: 2, Microinteractions: 5, JavaScript: 5, Agile: 2, Performance Optimization: 5, Web Design Principles: 2, SEO Best Practices: 2, CSS: 2', 'soft': 'Self-Motivation: 5, Influencing: 5, Public Speaking: 5, Entrepreneurial Mindset: 5, Personality Awareness: 5, Delegation: 5, Self-Discipline: 2, Visionary Leadership: 5, Coaching: 2, Resource Allocation: 2, Risk Management: 2, Writing Skills: 5, Diversity Awareness: 2, Social Intelligence: 2, Self-Regulation: 2'}"
Sara,Steele,43830969,Venezuela,Cloud Engineer,jr,"{'hard': 'Cloud Security: 1, Load Balancing: 1, AWS: 1, Disaster Recovery Planning: 1, Service Mesh: 1', 'soft': 'Trust Building: 1, Self-Regulation: 1, Networking Skills: 1, Learning Agility: 1, Conflict Resolution: 1'}"
Lisa,Livingston,74877444,Colombia,IOT Platform Engineer,sr3,"{'hard': 'Analytics Integration: 2, Firmware Development: 2, Network Security: 5, Device Connectivity: 5, API Development: 5, Remote Device Monitoring: 2, Sensor Technologies: 5, Data Processing: 2, Real-time Data Processing: 2, Edge Computing: 5, Data Analytics: 5, Interoperability Standards: 2, Agile: 2, Version Control: 2', 'soft': 'Analytical Thinking: 2, Networking Skills: 5, Networking: 5, Professionalism: 2, Intellectual Curiosity: 2, Self-Motivation: 2, Critical Observation: 5, Time Awareness: 2, Intuition: 2, Client Management: 2, Delegation: 2, Situational Awareness: 5, Interpersonal Communication: 2, Global Awareness: 2, Change Facilitation: 5'}"
Randy,Cowan,92377324,Argentina,DevOps Engineer,jr,"{'hard': 'Networking: 1, Server Management: 1, Custom Scripts: 1, Incident Management: 1, API Management: 1', 'soft': 'Data Interpretation: 1, Cultural Awareness: 1, Mentoring: 1, Stress Management: 1, Cultural Competence: 1'}"
James,Hoover,32321098,Peru,C++ Developer,jr,"{'hard': 'Algorithms: 1, Compiler Optimization: 1, Static and Dynamic Libraries: 1, Multithreading: 1, Standard Template Library (STL): 1', 'soft': 'Stress Management: 1, Time Awareness: 1, Negotiation: 1, Open-mindedness: 1, Professionalism: 1'}"
Stephanie,Dickson,99629522,Venezuela,Cloud Engineer,sr1,"{'hard': 'Cloud Architecture: 1, Load Balancing: 3, Database Management: 1, Application Networking: 1, Cloud Security: 1, Backup and Recovery: 1, CI/CD: 3, Data Storage Solutions: 3, Docker: 1, Configuration Management: 3', 'soft': 'Resilience: 3, Delegation: 1, Active Listening: 1, Performance Management: 3, Cultural Awareness: 1, Self-Discipline: 1, Innovation: 3, Inclusivity: 1, Civic Responsibility: 3, Time Management: 3, Process Improvement: 3, Public Speaking: 3'}"
Tiffany,Hodge,76396933,Colombia,Cybersecurity Engineer,ssr,"{'hard': 'Cloud Security: 2, Firewalls: 1, Network Security: 1, Security Policies: 2, Security Frameworks (CIS, OWASP): 2', 'soft': 'Networking Skills: 2, Mentoring: 1, Interpersonal Communication: 2, Self-Regulation: 2, Attention to Detail: 1'}"
Shannon,Parker,85264384,Chile,Web Mobile Developer,sr2,"{'hard': 'GraphQL: 4, WebSockets: 1, Testing Frameworks: 4, Agile: 1, Flutter: 4, Performance Optimization: 1, Accessibility Standards: 1, UI/UX Design: 4, CSS: 1, HTML: 4', 'soft': 'Motivational Skills: 4, Visionary Thinking: 4, Mentoring: 4, Creativity: 4, Empathy: 1, Open-mindedness: 4, Critical Observation: 4, Data Interpretation: 4, Crisis Management: 4, Work-Life Balance: 1, Social Intelligence: 1, Social Skills: 4'}"
Laura,Robles,89181866,Paraguay,Salesforce Developer,sr2,"{'hard': 'SOQL: 1, Workflows: 1, Testing Frameworks: 4, User Authentication: 1, User Interface Design: 1, Change Sets: 4, Data Modeling: 1, Lightning Components: 1, Debugging: 4, Custom Objects: 4', 'soft': 'Teamwork: 1, Learning Agility: 1, Global Awareness: 1, Self-Discipline: 1, Facilitation Skills: 4, Stress Management: 4, Coaching: 4, Entrepreneurial Mindset: 1, Decision Making: 4, Trustworthiness: 4, Team Building: 4, Self-Regulation: 4'}"
Debbie,Patrick,68600876,Ecuador,DevOps Engineer,sr3,"{'hard': 'Version Control (Git): 5, AWS: 5, Custom Scripts: 2, Load Balancing: 5, Server Management: 2, Scripting (Bash, Python): 2, Error Tracking: 2, Monitoring and Logging: 5, Release Management: 2, Kubernetes: 5, Disaster Recovery: 5, Backup Strategies: 5, User Access Control: 2, Performance Tuning: 2', 'soft': 'Research Skills: 5, Influencing: 5, Stress Resilience: 2, Innovation: 5, Goal Setting: 5, Self-Discipline: 2, Personality Awareness: 2, Networking: 5, Resourcefulness: 5, Change Management: 2, Social Skills: 2, Facilitation Skills: 5, Scientific Thinking: 2, Interpersonal Communication: 2, Integrity: 5'}"
Tina,Edwards,19907101,Ecuador,PHP Developer,sr1,"{'hard': 'HTML: 1, Version Control: 1, Continuous Integration: 1, Debugging: 3, JSON: 1, CSS: 1, Web Services: 3, User Authentication: 1, Integration with Third-party Services: 1, PHP: 1', 'soft': 'Analytical Thinking: 3, Mentoring: 3, Performance Management: 3, Self-Motivation: 1, Attention to Detail: 3, Self-Confidence: 3, Initiative: 1, Public Relations: 3, Positivity: 3, Crisis Communication: 1, Diversity Awareness: 1, Change Management: 1'}"
Kayla,Lloyd,88353983,Uruguay,Java Developer,sr2,"{'hard': 'Unit Testing: 4, JDBC: 1, JPA: 4, API Development: 4, XML: 4, Kubernetes: 1, JSON: 4, Logging Frameworks: 1, Internationalization: 1, Cloud Services: 4', 'soft': 'Visionary Thinking: 1, Data Interpretation: 4, Customer Service: 4, Interpersonal Skills: 4, Mentoring Skills: 1, Strategic Communication: 4, Social Skills: 1, Resource Allocation: 4, Conflict Resolution: 4, Problem Solving: 1, Integrity: 1, Entrepreneurial Mindset: 4'}"
Rodney,Cruz,73393357,Chile,PHP Developer,sr1,"{'hard': 'User Authentication: 1, XML: 3, Composer: 1, Database Design: 1, Debugging: 1, Frameworks (CodeIgniter): 3, Data Structures: 3, Symfony: 3, Caching Techniques: 1, REST APIs: 1', 'soft': 'Process Improvement: 3, Conflict Management: 3, Mentoring Skills: 1, Flexibility: 1, Open-mindedness: 3, Presentation Skills: 1, Networking Skills: 1, Resource Allocation: 1, Problem Solving: 1, Networking: 1, Cultural Competence: 3, Research Skills: 3'}"
Stephanie,Moore,12301652,Colombia,Python Developer,sr2,"{'hard': 'Data Engineering: 1, Pandas: 1, Agile: 4, Django: 4, Matplotlib: 4, Spark: 1, Jupyter Notebooks: 1, SQL: 1, Concurrency: 1, Git: 1', 'soft': 'Attention to Detail: 1, Ethical Judgment: 1, Analytical Thinking: 1, Emotional Intelligence: 1, Visionary Leadership: 1, Active Listening: 1, Feedback Delivery: 4, Self-Confidence: 1, Collaboration: 4, Virtual Collaboration: 4, Civic Engagement: 4, Integrity: 4'}"
Nathan,Young,82249028,Venezuela,RPA Developer,sr2,"{'hard': 'User Training: 4, Python: 1, Automation Anywhere: 1, Scripting: 1, UiPath: 1, Business Intelligence Tools: 1, Process Analysis: 4, Blue Prism: 1, Data Manipulation: 4, Data Quality Management: 1', 'soft': 'Task Prioritization: 1, Resource Allocation: 1, Personality Awareness: 4, Relationship Building: 4, Public Relations: 1, Team Building: 4, Client Management: 1, Initiative: 4, Change Management: 4, Creativity: 4, Emotional Intelligence: 1, Technology Savvy: 4'}"
Kristine,Mason,87325566,Chile,SQL Developer,sr2,"{'hard': 'Data Analysis: 4, SQL Server: 4, Stored Procedures: 1, T-SQL: 4, Version Control: 4, Data Structures: 1, Indexing: 1, Agile: 4, Debugging: 1, Reporting Tools: 1', 'soft': 'Intuition: 1, Civic Engagement: 4, Flexibility: 1, Global Awareness: 4, Adaptability: 1, Self-Confidence: 4, Influencing: 1, Change Facilitation: 1, Ethical Judgment: 1, Open-mindedness: 4, Integrity: 1, Decision Making: 4'}"
Kristina,Harris,59147073,Paraguay,Game Developer,sr2,"{'hard': 'C#: 4, Unity: 4, AI Programming: 4, Game Optimization: 4, Version Control (Git): 1, Asset Management: 4, Visual Scripting: 1, Graphics Programming: 4, Debugging: 1, Live Ops: 1', 'soft': 'Adaptability to Change: 1, Resourcefulness: 4, Diversity Awareness: 1, Public Relations: 1, Authenticity: 1, Teamwork: 4, Customer Service: 4, Emotional Intelligence: 4, Mentoring Skills: 1, Learning Agility: 4, Ethical Judgment: 1, Positivity: 4'}"
Lawrence,Ortega,72710560,Ecuador,Ruby Developer,sr3,"{'hard': 'Active Record: 2, Object-Oriented Programming: 5, Ruby: 5, REST APIs: 5, User Authentication: 2, Security Best Practices: 2, HTML: 5, MVC Architecture: 2, Version Control: 5, Debugging: 5, Caching Techniques: 5, Web Services: 5, API Development: 2, Gem Management: 2', 'soft': 'Time Management: 2, Motivational Skills: 2, Process Improvement: 5, Client Management: 2, Conflict Resolution: 2, Problem Solving: 2, Risk Management: 5, Resourcefulness: 2, Critical Observation: 5, Research Skills: 2, Mentoring: 5, Responsibility: 2, Performance Management: 5, Ethical Judgment: 2, Networking: 2'}"
Jeffery,Smith,59878298,Mexico,Android Mobile Developer,sr1,"{'hard': 'Retrofit: 3, REST APIs: 3, Firebase: 1, RxJava: 3, MVVM: 1, Flutter: 3, SQLite: 3, Agile: 1, MVP: 1, Coroutines: 1', 'soft': 'Stress Management: 1, Relationship Building: 1, Scientific Thinking: 1, Self-Motivation: 1, Goal Setting: 1, Responsibility: 1, Open-mindedness: 3, Inclusivity: 3, Trust Building: 1, Time Awareness: 1, Leadership: 3, Empathy: 1'}"
Scott,Reyes,81142339,Colombia,Cybersecurity Engineer,jr,"{'hard': 'Network Security: 1, Security Information and Event Management (SIEM): 1, Security Policies: 1, Penetration Testing: 1, Security Auditing: 1', 'soft': 'Creativity: 1, Motivation: 1, Adaptability to Change: 1, Civic Responsibility: 1, Client Management: 1'}"
Joseph,Turner,45105182,Bolivia,PHP Developer,sr1,"{'hard': 'Unit Testing: 3, HTML: 3, MySQL: 3, Caching Techniques: 1, Data Structures: 1, PHP: 1, REST APIs: 1, Session Management: 1, Composer: 3, Error Handling: 3', 'soft': 'Cognitive Flexibility: 3, Stress Resilience: 3, Civic Responsibility: 1, Collaboration: 3, Service Orientation: 1, Mentoring Skills: 3, Resilience: 1, Networking: 1, Time Optimization: 3, Team Building: 3, Research Skills: 3, Feedback Delivery: 1'}"
Jason,Valentine,88366764,Argentina,Game Developer,jr,"{'hard': 'Visual Scripting: 1, Physics Simulation: 1, User Interface Design: 1, C#: 1, Graphics Programming: 1', 'soft': 'Presentation Skills: 1, Social Intelligence: 1, Critical Thinking: 1, Conflict Resolution: 1, Emotional Intelligence: 1'}"
Jose,Johnson,31335720,Bolivia,Web UI Developer,sr3,"{'hard': 'Accessibility Standards: 2, Typography: 5, Version Control: 2, Web Standards: 5, Design Systems: 5, REST APIs: 2, Color Theory: 2, Angular: 2, HTML: 2, Git: 5, Testing Frameworks (Jest, Mocha): 5, Cross-Browser Compatibility: 5, Microinteractions: 2, Web Design Principles: 2', 'soft': 'Communication: 2, Public Speaking: 2, Process Improvement: 5, Innovation: 5, Entrepreneurial Mindset: 5, Visionary Thinking: 5, Time Management: 2, Client Management: 5, Intellectual Curiosity: 5, Flexibility: 2, Initiative: 2, Decision Making: 2, Self-Motivation: 2, Risk Management: 5, Adaptability to Change: 2'}"
Michelle,Collins,69854562,Peru,Python Developer,ssr,"{'hard': 'Jupyter Notebooks: 2, Data Engineering: 1, NumPy: 1, REST APIs: 1, Pandas: 1', 'soft': 'Creativity: 2, Mentoring Skills: 2, Diversity Awareness: 2, Situational Awareness: 2, Civic Responsibility: 2'}"
Tyrone,Dillon,82566156,Paraguay,DevOps Engineer,jr,"{'hard': 'Site Reliability Engineering (SRE): 1, Azure: 1, API Management: 1, Docker: 1, Collaboration Tools: 1', 'soft': 'Critical Thinking: 1, Innovation: 1, Goal Setting: 1, Visionary Leadership: 1, Adaptability: 1'}"
Randy,Henson,50648566,Argentina,Data Engineer,sr1,"{'hard': 'Testing and Validation: 3, Data Warehousing: 1, Metadata Management: 1, Hadoop: 1, NoSQL Databases: 3, Machine Learning Basics: 3, Data Quality Management: 3, Data Cataloging: 1, Data Modeling: 1, Data Architecture: 1', 'soft': 'Emotional Resilience: 1, Research Skills: 1, Cultural Competence: 3, Inclusivity: 1, Leadership: 3, Creativity: 3, Negotiation: 1, Critical Thinking: 1, Resource Allocation: 1, Responsibility: 3, Problem Analysis: 3, Integrity: 1'}"
Ricky,Smith,82948397,Argentina,Web Mobile Developer,sr1,"{'hard': 'Performance Optimization: 1, User Interface Testing: 3, Frontend Frameworks: 1, Responsive Design: 3, React Native: 1, Continuous Integration/Continuous Deployment (CI/CD): 1, REST APIs: 3, Accessibility Standards: 3, Local Storage: 1, Network Communication: 3', 'soft': 'Time Management: 3, Performance Management: 1, Learning Agility: 1, Global Awareness: 1, Technology Savvy: 3, Crisis Communication: 1, Resilience: 3, Scientific Thinking: 3, Change Facilitation: 3, Problem Analysis: 3, Presentation Skills: 1, Analytical Thinking: 1'}"
John,Wilson,86404589,Argentina,SQL Developer,jr,"{'hard': 'SQL: 1, Agile: 1, Business Intelligence Tools: 1, Data Migration: 1, Data Structures: 1', 'soft': 'Integrity: 1, Performance Management: 1, Conflict Management: 1, Change Facilitation: 1, Emotional Resilience: 1'}"
Alfred,Davis,65309273,Mexico,Test Automation Engineer,sr1,"{'hard': 'JUnit: 1, Integration Testing: 1, Continuous Testing: 3, Regression Testing: 1, Data-Driven Testing: 3, CI/CD: 3, Debugging: 3, Version Control (Git): 1, Load Testing: 3, Scripting: 3', 'soft': 'Creativity: 1, Team Building: 3, Entrepreneurial Mindset: 3, Conflict Management: 3, Workplace Culture Awareness: 3, Adaptability: 3, Scientific Thinking: 1, Resource Allocation: 1, Stress Resilience: 3, Motivation: 3, Analytical Thinking: 1, Intellectual Curiosity: 1'}"
Bryce,Graham,91102353,Bolivia,Web UI Developer,jr,"{'hard': 'Performance Optimization: 1, CSS Preprocessors (Sass, LESS): 1, Animations: 1, SEO Best Practices: 1, Design Systems: 1', 'soft': 'Problem Solving: 1, Resilience: 1, Work-Life Balance: 1, Relationship Building: 1, Humility: 1'}"
Seth,Dunn,14347266,Argentina,PHP Developer,sr2,"{'hard': 'Debugging: 4, REST APIs: 4, Agile: 4, Command Line Interface (CLI): 4, Continuous Integration: 1, Composer: 4, User Authentication: 4, Database Design: 4, PHP: 4, Frameworks (CodeIgniter): 1', 'soft': 'Performance Management: 4, Cultural Awareness: 1, Work-Life Balance: 1, Positivity: 4, Humility: 4, Interpersonal Communication: 4, Adaptability to Change: 4, Strategic Communication: 1, Feedback Delivery: 1, Social Intelligence: 4, Resilience: 4, Trust Building: 1'}"
Laura,Freeman,15987497,Argentina,Cybersecurity Engineer,ssr,"{'hard': 'Threat Modeling: 1, Firewalls: 2, Security Awareness Training: 2, Security Frameworks (CIS, OWASP): 1, Penetration Testing: 1', 'soft': 'Active Listening: 1, Diversity Awareness: 1, Trust Building: 2, Crisis Management: 2, Professionalism: 1'}"
Richard,Cobb,38922000,Paraguay,Java Developer,ssr,"{'hard': 'Agile: 2, JUnit: 1, REST APIs: 1, Web Services: 2, SOAP: 2', 'soft': 'Social Intelligence: 1, Research Skills: 2, Learning Agility: 2, Work Ethic: 1, Crisis Communication: 2'}"
Anthony,Duarte,87525082,Chile,Sharepoint Developer,sr2,"{'hard': 'Workflow Automation: 1, Database Design: 1, REST APIs: 4, HTML: 4, Testing Automation: 4, Version Control: 4, Performance Optimization: 4, Team Sites: 1, SharePoint Framework (SPFx): 1, Business Intelligence: 1', 'soft': 'Public Speaking: 4, Adaptability to Change: 4, Crisis Communication: 4, Change Management: 4, Authenticity: 1, Performance Management: 4, Feedback Delivery: 1, Open-mindedness: 4, Negotiation Tactics: 1, Time Management: 1, Virtual Collaboration: 4, Creativity: 4'}"
Steven,Hawkins,76220037,Peru,PHP Developer,jr,"{'hard': 'Data Structures: 1, Session Management: 1, Unit Testing: 1, Composer: 1, Laravel: 1', 'soft': 'Work-Life Balance: 1, Communication: 1, Emotional Intelligence: 1, Entrepreneurial Mindset: 1, Trust Building: 1'}"
Maureen,Hendrix,58959757,Colombia,Android Mobile Developer,sr2,"{'hard': 'Kotlin: 1, MVVM: 1, Android SDK: 4, MVP: 1, XML: 1, Gradle: 4, REST APIs: 1, Material Design: 4, Test-Driven Development: 1, RxJava: 1', 'soft': 'Cognitive Flexibility: 4, Emotional Resilience: 1, Collaboration: 4, Intellectual Curiosity: 1, Service Orientation: 4, Visionary Thinking: 4, Authenticity: 1, Public Relations: 4, Quality Assurance: 4, Visionary Leadership: 4, Change Facilitation: 1, Time Management: 1'}"
Christopher,Young,53666049,Uruguay,Flutter Developer,sr1,"{'hard': 'Localization: 1, Third-party Libraries: 1, Dependency Management: 3, Custom Widgets: 3, Integration Testing: 1, Animations: 3, Network Connectivity: 1, Security Best Practices: 1, Cross-Platform Development: 3, Version Control (Git): 3', 'soft': 'Empathy: 3, Mentoring Skills: 3, Flexibility: 1, Work-Life Balance: 1, Time Awareness: 1, Innovation: 1, Conflict Resolution: 1, Strategic Communication: 3, Self-Motivation: 1, Resilience: 3, Networking Skills: 3, Interpersonal Skills: 3'}"
Linda,Jacobson,88184243,Colombia,NodeJs Developer,sr3,"{'hard': 'Debugging: 2, HTML/CSS: 2, Postman: 5, Unit Testing: 5, Redis: 5, Middleware: 2, Error Handling: 5, Node.js: 2, Microservices: 5, Performance Optimization: 2, Kubernetes: 2, Frontend Frameworks (React/Vue): 5, Data Structures: 2, JWT: 2', 'soft': 'Coaching: 2, Networking: 5, Research Skills: 2, Strategic Communication: 5, Cultural Competence: 5, Situational Awareness: 5, Data Interpretation: 5, Work-Life Balance: 5, Leadership: 5, Analytical Thinking: 5, Mentoring: 5, Time Awareness: 5, Attention to Detail: 2, Technology Savvy: 2, Work Ethic: 5'}"
Allison,Hernandez,74702717,Uruguay,Flutter Developer,sr1,"{'hard': 'Debugging: 1, Animations: 1, Agile: 3, Custom Widgets: 1, Flutter: 3, Cross-Platform Development: 1, Firebase: 1, Security Best Practices: 3, Material Design: 3, State Management: 3', 'soft': 'Performance Management: 3, Public Speaking: 3, Process Improvement: 3, Flexibility: 1, Motivation: 1, Technology Savvy: 1, Influencing: 1, Resilience: 3, Work-Life Balance: 1, Empathy: 1, Intellectual Curiosity: 3, Conflict Resolution: 3'}"
Michelle,Miller,93677361,Paraguay,Cobol Developer,jr,"{'hard': 'Reporting: 1, Data Warehousing: 1, Software Maintenance: 1, Data Structures: 1, Business Logic: 1', 'soft': 'Goal Setting: 1, Creativity: 1, Presentation Skills: 1, Emotional Resilience: 1, Creativity: 1'}"
Dawn,Beard,22009851,Ecuador,Android Mobile Developer,ssr,"{'hard': 'Data Binding: 2, SQLite: 1, LiveData: 1, Android Jetpack: 2, Flutter: 1', 'soft': 'Quality Assurance: 2, Strategic Thinking: 2, Authenticity: 1, Strategic Communication: 2, Workplace Culture Awareness: 2'}"
Kyle,Parker,65937480,Uruguay,Web UI Developer,jr,"{'hard': 'Debugging: 1, Progressive Enhancement: 1, SEO Best Practices: 1, Color Theory: 1, Animations: 1', 'soft': 'Creativity: 1, Teamwork: 1, Trust Building: 1, Scientific Thinking: 1, Interpersonal Skills: 1'}"
John,Young,51482551,Bolivia,Data Engineer,sr2,"{'hard': 'Data Architecture: 4, Performance Tuning: 1, Data Modeling: 1, Data Cataloging: 1, Scripting (Bash, Python): 1, Analytics Integration: 4, Business Intelligence: 4, Testing and Validation: 1, Version Control (Git): 4, Apache Spark: 4', 'soft': 'Open-mindedness: 4, Social Intelligence: 4, Integrity: 4, Emotional Intelligence: 4, Feedback Acceptance: 4, Personality Awareness: 1, Resource Allocation: 1, Active Listening: 1, Networking Skills: 1, Adaptability: 1, Analytical Thinking: 1, Self-Confidence: 1'}"
Richard,Marquez,58880614,Bolivia,NodeJs Developer,jr,"{'hard': 'SQL: 1, API Development: 1, HTML/CSS: 1, Kubernetes: 1, Chai: 1', 'soft': 'Resource Allocation: 1, Global Awareness: 1, Team Building: 1, Open-mindedness: 1, Adaptability: 1'}"
Carla,Burton,26671868,Chile,Python Developer,ssr,"{'hard': 'Pandas: 1, Data Mining: 1, Spark: 2, Git: 1, Pytorch: 2', 'soft': 'Decision Making: 1, Resilience: 1, Intuition: 2, Critical Thinking: 2, Team Building: 2'}"
Kimberly,Larson,22898878,Chile,RPA Developer,sr1,"{'hard': 'Business Intelligence Tools: 3, Client Interaction: 1, Data Quality Management: 3, UiPath: 1, Workflow Design: 3, Java: 1, Excel VBA: 3, REST APIs: 1, Integration with Third-party Applications: 3, Blue Prism: 3', 'soft': 'Visionary Leadership: 1, Collaboration: 1, Facilitation Skills: 1, Time Management: 3, Customer Service: 3, Critical Thinking: 1, Feedback Acceptance: 1, Public Relations: 3, Self-Confidence: 1, Feedback Delivery: 1, Trustworthiness: 1, Client Management: 3'}"
Savannah,Perry,32090584,Colombia,Java Developer,ssr,"{'hard': 'Design Patterns: 1, Java: 1, SOAP: 1, Java EE: 1, Maven: 2', 'soft': 'Process Improvement: 1, Goal Setting: 1, Scientific Thinking: 2, Civic Engagement: 2, Flexibility: 1'}"
Alicia,Simpson,38320127,Colombia,iOS Mobile Developer,sr3,"{'hard': 'In-App Purchases: 2, Security Best Practices: 5, Debugging: 2, Core Animation: 2, Xcode: 2, App Store Submission: 5, Core Data: 2, Firebase: 2, Multithreading: 2, SiriKit: 2, Unit Testing: 5, User Interface Design: 5, Performance Optimization: 2, Agile: 5', 'soft': 'Crisis Communication: 5, Self-Discipline: 2, Civic Engagement: 5, Persuasion: 2, Civic Responsibility: 5, Networking Skills: 2, Negotiation Tactics: 5, Social Skills: 2, Initiative: 2, Flexibility: 2, Ethical Judgment: 2, Scientific Thinking: 5, Facilitation Skills: 5, Stress Management: 5, Conflict Resolution: 2'}"
Stacie,King,82907469,Mexico,Android Mobile Developer,sr2,"{'hard': 'Data Binding: 4, Kotlin Coroutines: 4, Dagger: 4, RxJava: 1, Coroutines: 4, Retrofit: 4, Test-Driven Development: 4, Performance Tuning: 4, UI/UX Design: 1, Git: 4', 'soft': 'Persuasion: 4, Resourcefulness: 4, Virtual Collaboration: 1, Integrity: 4, Coaching: 4, Cultural Competence: 1, Visionary Thinking: 1, Active Listening: 4, Self-Discipline: 4, Feedback Acceptance: 4, Problem Solving: 1, Trustworthiness: 1'}"
Jasmine,Reed,88889814,Venezuela,Python Developer,jr,"{'hard': 'Flask: 1, Data Mining: 1, NumPy: 1, TensorFlow: 1, Agile: 1', 'soft': 'Service Orientation: 1, Social Intelligence: 1, Collaboration: 1, Empathy: 1, Open-mindedness: 1'}"
Sherri,Bell,52514435,Chile,IOT Platform Engineer,sr3,"{'hard': 'Firmware Development: 2, Big Data Technologies: 2, Security Best Practices: 2, Device Management: 5, Agile: 2, Device Connectivity: 2, Scripting (Python, JavaScript): 2, IoT Protocols (MQTT, CoAP): 2, Testing and Validation: 2, Deployment Techniques: 5, API Development: 2, Network Security: 2, Lifecycle Management: 2, Telemetry: 5', 'soft': 'Coaching: 2, Facilitation Skills: 5, Civic Engagement: 2, Relationship Building: 5, Visionary Thinking: 5, Critical Observation: 5, Risk Management: 5, Problem Solving: 2, Crisis Management: 2, Time Management: 2, Self-Confidence: 5, Self-Discipline: 2, Analytical Thinking: 5, Feedback Acceptance: 5, Negotiation Tactics: 5'}"
Margaret,Perry,14210259,Bolivia,Data Engineer,jr,"{'hard': 'Data Modeling: 1, Data Transformation: 1, Data Architecture: 1, Apache Kafka: 1, Performance Tuning: 1', 'soft': 'Entrepreneurial Mindset: 1, Communication: 1, Visionary Thinking: 1, Scientific Thinking: 1, Resource Allocation: 1'}"
William,Murphy,29001672,Chile,DevOps Engineer,ssr,"{'hard': 'AWS: 1, Automation Tools: 2, Security Best Practices: 1, Infrastructure as Code (IaC): 2, Docker: 1', 'soft': 'Creativity: 1, Emotional Resilience: 2, Task Prioritization: 2, Time Management: 1, Leadership: 1'}"
Jill,Davis,23399406,Venezuela,SQL Developer,sr2,"{'hard': 'PostgreSQL: 1, T-SQL: 1, Agile: 1, Triggers: 4, SQL: 4, Stored Procedures: 1, Database Administration: 1, Backup and Recovery: 1, NoSQL Databases: 4, SQL Server: 4', 'soft': 'Stress Management: 4, Leadership: 1, Data Interpretation: 1, Coaching: 1, Critical Observation: 1, Flexibility: 4, Crisis Communication: 1, Intuition: 4, Service Orientation: 4, Facilitation Skills: 1, Problem Solving: 4, Personality Awareness: 1'}"
Eric,Daniel,43398017,Venezuela,NodeJs Developer,ssr,"{'hard': 'Performance Optimization: 1, API Development: 2, Data Structures: 1, SQL: 1, Redis: 2', 'soft': 'Coaching: 1, Goal Setting: 1, Emotional Intelligence: 2, Flexibility: 1, Collaboration: 2'}"
Evan,Austin,83608387,Colombia,Test Automation Engineer,jr,"{'hard': 'JUnit: 1, Performance Testing: 1, Test Case Design: 1, Test Management Tools: 1, Java: 1', 'soft': 'Client Management: 1, Social Intelligence: 1, Collaboration: 1, Responsibility: 1, Customer Service: 1'}"
Ashley,Simon,15346586,Paraguay,C++ Developer,sr3,"{'hard': 'Game Development: 2, Qt Framework: 2, Debugging: 2, Multithreading: 2, Memory Management: 2, OOP: 5, CMake: 2, Data Structures: 5, Profiling: 5, Templates: 2, OpenGL: 5, Unit Testing: 5, Design Patterns: 2, Windows API: 2', 'soft': 'Feedback Acceptance: 2, Motivation: 5, Communication: 2, Time Awareness: 2, Quality Assurance: 5, Interpersonal Skills: 5, Personality Awareness: 2, Social Intelligence: 5, Global Awareness: 5, Professionalism: 5, Coaching: 5, Self-Discipline: 2, Risk Management: 2, Trustworthiness: 2, Technology Savvy: 5'}"
Christopher,Poole,59051751,Peru,Cybersecurity Engineer,jr,"{'hard': 'Data Protection: 1, Incident Response: 1, Security Awareness Training: 1, Vulnerability Assessment: 1, Mobile Security: 1', 'soft': 'Work-Life Balance: 1, Scientific Thinking: 1, Creativity: 1, Inclusivity: 1, Mentoring Skills: 1'}"
Richard,Brewer,94521473,Uruguay,RPA Developer,sr2,"{'hard': 'Data Extraction: 1, Robotic Process Automation Frameworks: 1, Integration with Third-party Applications: 4, UiPath: 1, Continuous Improvement: 1, Reporting: 1, Security Best Practices: 4, Java: 4, Testing Automation: 1, Exception Handling: 4', 'soft': 'Feedback Acceptance: 1, Virtual Collaboration: 1, Intuition: 4, Trustworthiness: 4, Inclusivity: 4, Interpersonal Communication: 4, Personality Awareness: 4, Humility: 1, Process Improvement: 1, Task Prioritization: 4, Strategic Thinking: 4, Networking Skills: 4'}"
George,Perez,83373996,Colombia,Salesforce Developer,sr2,"{'hard': 'Custom Objects: 1, Workflows: 4, Salesforce Apex: 4, Process Builder: 1, REST APIs: 1, Reports and Dashboards: 1, Change Sets: 1, Service Cloud: 4, Testing Frameworks: 4, Deployment Techniques: 1', 'soft': 'Integrity: 4, Crisis Management: 1, Technology Savvy: 4, Intellectual Curiosity: 4, Workplace Culture Awareness: 1, Problem Solving: 4, Self-Regulation: 1, Crisis Communication: 4, Quality Assurance: 4, Creativity: 4, Self-Confidence: 1, Conflict Management: 4'}"
Angela,Richardson,46655342,Argentina,DevOps Engineer,sr3,"{'hard': 'Scripting (Bash, Python): 5, Disaster Recovery: 5, Collaboration Tools: 2, Testing Automation: 2, Incident Management: 5, AWS: 5, API Management: 2, Infrastructure as Code (IaC): 5, Performance Tuning: 5, Custom Scripts: 2, Load Balancing: 2, Kubernetes: 5, Security Best Practices: 2, Error Tracking: 2', 'soft': 'Customer Service: 2, Networking: 5, Time Optimization: 2, Service Orientation: 5, Teamwork: 2, Empathy: 2, Communication: 2, Mentoring: 5, Analytical Thinking: 5, Interpersonal Communication: 5, Authenticity: 5, Self-Regulation: 2, Change Management: 5, Influencing: 2, Writing Skills: 5'}"
Donald,Jimenez,25015323,Uruguay,Cybersecurity Engineer,sr1,"{'hard': 'Endpoint Protection: 3, Penetration Testing: 1, Forensics: 3, Data Protection: 1, Vulnerability Assessment: 1, Scripting (Python, PowerShell): 3, Security Frameworks (CIS, OWASP): 1, Firewalls: 1, Application Hardening: 1, Threat Modeling: 1', 'soft': 'Critical Thinking: 1, Intuition: 3, Research Skills: 3, Quality Assurance: 3, Adaptability: 1, Cultural Awareness: 1, Negotiation: 1, Workplace Culture Awareness: 3, Innovation: 1, Self-Regulation: 3, Mentoring: 1, Visionary Leadership: 3'}"
Nicole,Huff,21037897,Mexico,.Net Developer,jr,"{'hard': 'Microservices: 1, Design Patterns: 1, LINQ: 1, Entity Framework: 1, .NET Framework: 1', 'soft': 'Situational Awareness: 1, Feedback Acceptance: 1, Analytical Thinking: 1, Interpersonal Communication: 1, Persuasion: 1'}"
Aaron,King,26431924,Paraguay,PHP Developer,sr3,"{'hard': 'Composer: 2, Session Management: 5, Security Best Practices: 5, Database Design: 5, HTML: 2, Git: 5, Composer: 5, MVC Architecture: 5, XML: 2, Error Handling: 2, Data Structures: 2, Command Line Interface (CLI): 2, CSS: 2, Unit Testing: 2', 'soft': 'Task Prioritization: 5, Change Facilitation: 5, Cultural Awareness: 2, Inclusivity: 2, Civic Responsibility: 2, Mentoring Skills: 2, Creativity: 2, Intuition: 5, Authenticity: 5, Time Awareness: 5, Creativity: 2, Cultural Competence: 5, Self-Regulation: 5, Interpersonal Communication: 5, Writing Skills: 5'}"
Michele,Ramirez,33261574,Venezuela,PHP Developer,sr1,"{'hard': 'User Authentication: 3, Performance Optimization: 1, PHP: 1, HTML: 3, Error Handling: 3, Frameworks (CodeIgniter): 1, Version Control: 1, Debugging: 1, CSS: 3, Security Best Practices: 3', 'soft': 'Trust Building: 3, Goal Setting: 1, Workplace Culture Awareness: 1, Public Speaking: 1, Self-Motivation: 3, Initiative: 3, Positivity: 3, Client Management: 3, Risk Management: 1, Visionary Thinking: 1, Global Awareness: 1, Intuition: 3'}"
David,Garcia,58244927,Paraguay,Ruby Developer,ssr,"{'hard': 'Version Control: 2, Agile: 2, REST APIs: 2, Responsive Design: 1, Data Structures: 1', 'soft': 'Risk Management: 1, Time Management: 2, Problem Solving: 1, Coaching: 2, Civic Engagement: 1'}"
Gary,Burke,45748240,Colombia,SQL Developer,sr3,"{'hard': 'Agile: 2, Oracle Database: 2, Data Quality Management: 5, Data Analysis: 5, Backup and Recovery: 2, Data Migration: 2, Debugging: 2, PL/SQL: 2, Data Governance: 5, SQL Server: 2, Business Intelligence Tools: 2, PostgreSQL: 5, Version Control: 2, Integration with Third-party Tools: 5', 'soft': 'Adaptability: 5, Cultural Competence: 5, Time Management: 2, Client Management: 2, Team Building: 2, Leadership: 2, Virtual Collaboration: 5, Civic Responsibility: 2, Communication: 2, Humility: 2, Professionalism: 5, Coaching: 5, Attention to Detail: 2, Mentoring Skills: 5, Self-Discipline: 5'}"
Trevor,Medina,70510770,Peru,Python Developer,sr3,"{'hard': 'Spark: 2, REST APIs: 2, SQL: 2, Algorithms: 5, Jupyter Notebooks: 2, Python: 5, Pandas: 2, Flask: 2, APIs: 2, TensorFlow: 2, Data Structures: 2, Git: 2, Unit Testing: 5, Concurrency: 5', 'soft': 'Entrepreneurial Mindset: 5, Resilience: 2, Inclusivity: 2, Emotional Resilience: 2, Data Interpretation: 2, Virtual Collaboration: 2, Delegation: 2, Intellectual Curiosity: 2, Cognitive Flexibility: 5, Time Optimization: 2, Cultural Competence: 2, Adaptability to Change: 5, Conflict Resolution: 5, Self-Motivation: 5, Social Skills: 2'}"
Antonio,Richards,20257957,Argentina,Python Developer,sr3,"{'hard': 'Matplotlib: 2, Web Scraping: 2, Data Mining: 5, TensorFlow: 2, SQL: 2, Data Quality Assessment: 2, Data Structures: 5, Pytorch: 2, Jupyter Notebooks: 5, Spark: 2, Machine Learning: 2, Debugging: 5, Data Engineering: 2, Algorithms: 2', 'soft': 'Resource Allocation: 2, Adaptability: 5, Motivation: 2, Quality Assurance: 5, Scientific Thinking: 2, Civic Responsibility: 2, Self-Regulation: 5, Teamwork: 2, Motivational Skills: 2, Self-Confidence: 2, Strategic Communication: 5, Leadership: 5, Open-mindedness: 5, Visionary Leadership: 5, Goal Setting: 2'}"
Holly,Hale,14821977,Venezuela,Android Mobile Developer,sr3,"{'hard': 'LiveData: 2, ProGuard: 2, Performance Tuning: 2, MVVM: 5, Gradle: 5, JUnit: 5, SQLite: 2, XML: 5, Dagger: 2, Java: 2, Material Design: 2, Flutter: 2, Git: 2, Motion Layout: 2', 'soft': 'Intellectual Curiosity: 2, Time Optimization: 5, Responsibility: 5, Research Skills: 5, Analytical Thinking: 2, Diversity Awareness: 5, Strategic Thinking: 5, Entrepreneurial Mindset: 5, Networking Skills: 2, Problem Analysis: 2, Self-Confidence: 2, Service Orientation: 5, Resilience: 5, Scientific Thinking: 5, Customer Service: 5'}"
Debra,Rivas,61461800,Paraguay,Sharepoint Developer,sr2,"{'hard': 'SQL Server: 1, HTML: 1, PowerShell: 4, Database Design: 4, Testing Automation: 4, Content Management: 4, ASP.NET: 1, Integration with Third-party Services: 4, Git: 1, Microsoft Flow: 4', 'soft': 'Process Improvement: 4, Communication: 4, Global Awareness: 1, Workplace Culture Awareness: 4, Quality Assurance: 1, Intellectual Curiosity: 4, Analytical Thinking: 4, Motivational Skills: 4, Critical Thinking: 1, Cognitive Flexibility: 1, Personality Awareness: 1, Delegation: 1'}"
Joshua,Cunningham,90491091,Chile,Java Developer,sr3,"{'hard': 'Spring Boot: 2, JUnit: 2, Docker: 2, Git: 2, Security: 2, Dependency Injection: 5, Design Patterns: 2, REST APIs: 2, Multi-threading: 2, XML: 5, Data Access Layer: 2, Java: 2, Maven: 5, Microservices: 2', 'soft': 'Responsibility: 2, Civic Engagement: 2, Influencing: 2, Resourcefulness: 2, Self-Regulation: 5, Critical Thinking: 5, Attention to Detail: 2, Client Management: 5, Problem Analysis: 2, Cultural Competence: 2, Networking Skills: 2, Change Facilitation: 5, Strategic Thinking: 5, Intuition: 5, Workplace Culture Awareness: 2'}"
Jeffrey,Bailey,53266907,Ecuador,NodeJs Developer,ssr,"{'hard': 'Unit Testing: 2, Security Best Practices: 2, Express.js: 2, WebSockets: 2, NPM: 1', 'soft': 'Service Orientation: 2, Diversity Awareness: 2, Presentation Skills: 1, Creativity: 2, Facilitation Skills: 1'}"
Craig,Smith,29358614,Venezuela,Cybersecurity Engineer,sr2,"{'hard': 'Compliance Standards (ISO, NIST): 1, Network Security: 4, Scripting (Python, PowerShell): 1, Vulnerability Assessment: 4, Identity and Access Management (IAM): 4, Forensics: 4, Application Hardening: 1, Mobile Security: 4, Penetration Testing: 1, Data Protection: 1', 'soft': 'Customer Service: 1, Negotiation Tactics: 1, Flexibility: 4, Feedback Acceptance: 1, Research Skills: 1, Resilience: 1, Social Skills: 1, Civic Responsibility: 4, Initiative: 1, Interpersonal Communication: 4, Quality Assurance: 4, Task Prioritization: 4'}"
Stephen,Rodriguez,50422688,Argentina,SQL Developer,jr,"{'hard': 'PL/SQL: 1, Database Design: 1, Data Quality Management: 1, Stored Procedures: 1, SQL Server: 1', 'soft': 'Self-Confidence: 1, Teamwork: 1, Cognitive Flexibility: 1, Networking Skills: 1, Quality Assurance: 1'}"
Kristy,Robinson,78320476,Argentina,DevOps Engineer,sr3,"{'hard': 'Performance Tuning: 5, Incident Management: 2, Kubernetes: 5, Agile: 2, Collaboration Tools: 2, Continuous Integration/Continuous Deployment (CI/CD): 5, Load Balancing: 2, Azure: 5, User Access Control: 5, Custom Scripts: 2, Application Performance Monitoring (APM): 2, Change Management: 5, Error Tracking: 5, Monitoring and Logging: 5', 'soft': 'Self-Discipline: 2, Mentoring Skills: 2, Stress Management: 2, Feedback Acceptance: 2, Decision Making: 2, Entrepreneurial Mindset: 5, Coaching: 5, Social Intelligence: 2, Global Awareness: 2, Process Improvement: 2, Work Ethic: 5, Delegation: 2, Team Building: 5, Networking Skills: 2, Scientific Thinking: 2'}"
Tina,Contreras,18702422,Ecuador,Android Mobile Developer,sr3,"{'hard': 'Git: 2, RxJava: 2, Constraint Layout: 5, Performance Tuning: 2, ProGuard: 2, Coroutines: 2, Android Architecture Components: 2, SQLite: 5, Motion Layout: 5, Gradle: 5, Test-Driven Development: 5, MVVM: 2, Android NDK: 5, LiveData: 2', 'soft': 'Stress Management: 2, Technology Savvy: 5, Active Listening: 2, Feedback Acceptance: 5, Flexibility: 5, Service Orientation: 2, Time Optimization: 2, Problem Analysis: 2, Strategic Communication: 2, Cultural Competence: 2, Time Management: 5, Networking: 2, Data Interpretation: 5, Work Ethic: 5, Innovation: 5'}"
Nathan,Gay,76782732,Paraguay,iOS Mobile Developer,sr3,"{'hard': 'Accessibility Features: 5, Reactive Programming: 5, Cocoa Touch: 5, Security Best Practices: 5, Animation: 2, App Store Submission: 5, Xcode: 2, Debugging: 2, Multithreading: 5, Swift: 5, Third-party Libraries: 2, Core Data: 5, UIKit: 5, iOS SDK: 5', 'soft': 'Delegation: 2, Writing Skills: 2, Self-Confidence: 2, Situational Awareness: 5, Integrity: 5, Networking Skills: 2, Presentation Skills: 2, Cultural Awareness: 2, Public Speaking: 5, Facilitation Skills: 5, Creativity: 5, Global Awareness: 5, Civic Engagement: 2, Leadership: 2, Social Skills: 2'}"
Caitlin,Munoz,59441884,Paraguay,Cybersecurity Engineer,sr1,"{'hard': 'Application Security: 3, Threat Modeling: 3, Identity and Access Management (IAM): 1, Mobile Security: 1, Authentication Mechanisms: 3, Intrusion Detection Systems (IDS): 1, Data Protection: 1, Incident Management: 1, Vulnerability Assessment: 3, Compliance Standards (ISO, NIST): 3', 'soft': 'Performance Management: 3, Analytical Thinking: 3, Presentation Skills: 3, Attention to Detail: 1, Critical Observation: 1, Resourcefulness: 1, Creativity: 3, Ethical Judgment: 1, Active Listening: 3, Strategic Communication: 3, Initiative: 1, Technology Savvy: 3'}"
Manuel,Vargas,25757149,Uruguay,SQL Developer,sr2,"{'hard': 'Database Administration: 1, Backup and Recovery: 1, Database Design: 1, Query Optimization: 1, NoSQL Databases: 1, Data Migration: 1, PostgreSQL: 1, PL/SQL: 4, T-SQL: 4, Debugging: 4', 'soft': 'Goal Setting: 4, Time Management: 1, Relationship Building: 1, Entrepreneurial Mindset: 1, Risk Management: 1, Resourcefulness: 1, Research Skills: 1, Social Intelligence: 4, Technology Savvy: 1, Teamwork: 4, Initiative: 1, Intellectual Curiosity: 4'}"
Megan,Koch,12925529,Argentina,Ruby Developer,sr3,"{'hard': 'Responsive Design: 5, Integration with Third-party APIs: 5, CSS: 5, Ruby: 5, Ruby on Rails: 2, Testing Frameworks (RSpec): 2, Data Structures: 5, Task Scheduling: 2, User Authentication: 2, Debugging: 2, SQL: 2, Version Control: 2, REST APIs: 5, Database Design: 2', 'soft': 'Motivation: 5, Cultural Competence: 5, Emotional Intelligence: 2, Networking Skills: 5, Resilience: 2, Presentation Skills: 2, Conflict Management: 2, Diversity Awareness: 5, Performance Management: 5, Personality Awareness: 2, Negotiation Tactics: 5, Self-Regulation: 2, Quality Assurance: 2, Team Building: 5, Writing Skills: 2'}"
Charles,Brooks,61602492,Uruguay,DevOps Engineer,sr3,"{'hard': 'Load Balancing: 2, Site Reliability Engineering (SRE): 5, Microservices Architecture: 5, Change Management: 5, Docker: 5, Configuration Management: 5, Error Tracking: 5, Version Control (Git): 5, Application Performance Monitoring (APM): 2, Database Management: 2, Azure: 5, Continuous Integration/Continuous Deployment (CI/CD): 5, API Management: 5, Automation Tools: 2', 'soft': 'Time Management: 2, Interpersonal Communication: 2, Strategic Thinking: 5, Negotiation: 2, Conflict Resolution: 2, Emotional Intelligence: 5, Negotiation Tactics: 5, Self-Motivation: 2, Interpersonal Skills: 2, Social Skills: 5, Intellectual Curiosity: 2, Authenticity: 2, Motivation: 5, Professionalism: 5, Analytical Thinking: 5'}"
Ashley,Hernandez,72123567,Argentina,C++ Developer,jr,"{'hard': 'DirectX: 1, Qt Framework: 1, Automated Testing: 1, Cross-Platform Development: 1, Version Control (Git): 1', 'soft': 'Crisis Communication: 1, Public Speaking: 1, Scientific Thinking: 1, Decision Making: 1, Mentoring: 1'}"
Jeremy,Fuller,82539071,Venezuela,DevOps Engineer,sr1,"{'hard': 'Version Control (Git): 3, Azure: 1, Infrastructure as Code (IaC): 1, Configuration Management: 3, Agile: 3, Continuous Integration/Continuous Deployment (CI/CD): 3, Site Reliability Engineering (SRE): 1, Kubernetes: 3, Error Tracking: 3, Networking: 3', 'soft': 'Scientific Thinking: 3, Crisis Communication: 3, Self-Confidence: 3, Collaboration: 3, Intuition: 3, Positivity: 1, Writing Skills: 3, Change Management: 1, Emotional Intelligence: 1, Trust Building: 3, Negotiation Tactics: 3, Public Speaking: 3'}"
Becky,Baker,30615141,Mexico,Android Mobile Developer,sr2,"{'hard': 'Dagger: 1, Coroutines: 4, LiveData: 1, JUnit: 4, RxJava: 1, MVP: 4, Agile: 4, Material Design: 1, REST APIs: 1, Retrofit: 4', 'soft': 'Motivation: 4, Situational Awareness: 4, Influencing: 1, Goal Setting: 4, Negotiation Tactics: 4, Visionary Thinking: 4, Quality Assurance: 4, Civic Engagement: 1, Adaptability: 1, Trustworthiness: 1, Conflict Resolution: 4, Learning Agility: 1'}"
Thomas,Richardson,78566147,Uruguay,SQL Developer,sr3,"{'hard': 'Data Governance: 5, Data Quality Management: 2, PL/SQL: 5, ETL: 5, Data Migration: 2, T-SQL: 5, Data Visualization: 5, Reporting Tools: 5, Performance Tuning: 5, PostgreSQL: 5, Integration with Third-party Tools: 2, Data Warehousing: 5, Data Modeling: 2, Oracle Database: 5', 'soft': 'Technology Savvy: 2, Flexibility: 2, Time Optimization: 5, Stress Management: 2, Facilitation Skills: 2, Presentation Skills: 2, Crisis Communication: 5, Empathy: 2, Cultural Competence: 5, Emotional Resilience: 2, Positivity: 5, Trust Building: 2, Resilience: 2, Change Management: 5, Inclusivity: 2'}"
Brandon,Johnson,62364286,Chile,Salesforce Developer,sr3,"{'hard': 'Change Sets: 5, Salesforce Apex: 5, Custom Objects: 2, SOQL: 2, Debugging: 5, REST APIs: 5, Integration with Third-party Services: 5, Community Cloud: 2, Agile: 2, Visualforce: 2, Triggers: 5, Security Best Practices: 5, Workflows: 2, Git: 2', 'soft': 'Presentation Skills: 2, Authenticity: 5, Technology Savvy: 5, Time Awareness: 5, Entrepreneurial Mindset: 2, Civic Engagement: 2, Resource Allocation: 2, Situational Awareness: 2, Leadership: 2, Active Listening: 5, Delegation: 2, Adaptability: 2, Intuition: 2, Integrity: 2, Responsibility: 5'}"
Erica,Chen,35910460,Chile,Web UI Developer,sr1,"{'hard': 'REST APIs: 3, Cross-Browser Compatibility: 1, UI/UX Design: 1, Accessibility Standards: 1, Version Control: 3, Testing Frameworks (Jest, Mocha): 1, React: 1, Performance Optimization: 1, Web Standards: 1, Microinteractions: 1', 'soft': 'Customer Service: 3, Humility: 3, Networking: 3, Global Awareness: 1, Feedback Delivery: 1, Time Management: 1, Goal Setting: 3, Process Improvement: 3, Public Speaking: 1, Active Listening: 1, Stress Resilience: 3, Communication: 3'}"
Christina,Martinez,71326676,Venezuela,Game Developer,sr2,"{'hard': 'Physics Engines: 4, Agile: 1, Live Ops: 4, Unreal Engine: 4, Game Testing: 1, User Interface Design: 4, Animation: 1, VR/AR Development: 4, 3D Modeling: 1, Version Control (Git): 4', 'soft': 'Flexibility: 1, Persuasion: 4, Strategic Communication: 4, Problem Solving: 4, Motivational Skills: 1, Interpersonal Communication: 1, Research Skills: 4, Client Management: 1, Work Ethic: 4, Self-Confidence: 4, Customer Service: 1, Work-Life Balance: 4'}"
Ricky,Evans,24638403,Ecuador,Java Developer,ssr,"{'hard': 'Java: 1, SOAP: 2, Hibernate: 2, Design Patterns: 1, Continuous Integration: 1', 'soft': 'Integrity: 1, Teamwork: 2, Quality Assurance: 2, Critical Thinking: 2, Active Listening: 2'}"
Elizabeth,Smith,65821858,Paraguay,Data Engineer,sr1,"{'hard': 'Machine Learning Basics: 1, Scripting (Bash, Python): 1, Big Data Technologies: 1, Data Governance: 1, Data Security: 3, Python: 3, SQL: 3, Data Integration Tools: 3, Apache Kafka: 1, Data Warehousing: 3', 'soft': 'Active Listening: 1, Diversity Awareness: 3, Strategic Communication: 3, Goal Setting: 3, Delegation: 1, Entrepreneurial Mindset: 3, Workplace Culture Awareness: 3, Conflict Resolution: 3, Situational Awareness: 1, Interpersonal Skills: 1, Stress Management: 1, Responsibility: 1'}"
Thomas,Bartlett,28684164,Chile,Test Automation Engineer,ssr,"{'hard': 'TestNG: 2, Security Testing: 1, Debugging: 2, Mocking Frameworks: 1, Continuous Testing: 2', 'soft': 'Self-Regulation: 1, Open-mindedness: 1, Stress Resilience: 1, Problem Solving: 2, Goal Setting: 2'}"
Roger,Lopez,90591262,Peru,Cloud Engineer,jr,"{'hard': 'Data Storage Solutions: 1, Serverless Computing: 1, Infrastructure as Code (IaC): 1, Cloud Architecture: 1, Service Mesh: 1', 'soft': 'Problem Analysis: 1, Change Facilitation: 1, Strategic Thinking: 1, Networking Skills: 1, Cognitive Flexibility: 1'}"
Kevin,Pitts,79189821,Mexico,SQL Developer,jr,"{'hard': 'Triggers: 1, Agile: 1, Data Governance: 1, Performance Tuning: 1, Query Optimization: 1', 'soft': 'Risk Management: 1, Creativity: 1, Motivation: 1, Learning Agility: 1, Interpersonal Skills: 1'}"
Steven,Moore,90251877,Peru,C++ Developer,ssr,"{'hard': 'C++: 1, Graphics Programming: 2, Debugging: 1, CMake: 1, Code Review: 2', 'soft': 'Trust Building: 2, Mentoring: 2, Motivation: 2, Quality Assurance: 1, Creativity: 1'}"
Russell,Haney,24871078,Venezuela,Web Mobile Developer,jr,"{'hard': 'Performance Optimization: 1, Data Structures: 1, Authentication Mechanisms: 1, Third-party Libraries: 1, Service Workers: 1', 'soft': 'Customer Service: 1, Humility: 1, Leadership: 1, Technology Savvy: 1, Inclusivity: 1'}"
Amy,Hahn,33768913,Venezuela,iOS Mobile Developer,sr3,"{'hard': 'Core Data: 5, Firebase: 5, Design Patterns: 5, Accessibility Features: 5, Objective-C: 5, Core Animation: 5, Debugging: 2, Swift: 5, iOS SDK: 5, Third-party Libraries: 5, In-App Purchases: 5, Agile: 2, SiriKit: 5, Auto Layout: 2', 'soft': 'Creativity: 5, Diversity Awareness: 5, Emotional Intelligence: 5, Facilitation Skills: 5, Cognitive Flexibility: 5, Collaboration: 5, Problem Solving: 5, Resource Allocation: 5, Negotiation: 2, Persuasion: 2, Task Prioritization: 2, Responsibility: 2, Creativity: 5, Resourcefulness: 2, Authenticity: 5'}"
Craig,Dominguez,42896210,Paraguay,Sharepoint Developer,sr2,"{'hard': 'SQL Server: 1, Custom Web Parts: 1, Debugging: 1, Workflow Automation: 4, User Interface Design: 1, Microsoft Flow: 1, User Authentication: 1, REST APIs: 1, Content Management: 1, Office 365: 4', 'soft': 'Crisis Management: 4, Resilience: 4, Public Speaking: 1, Task Prioritization: 1, Self-Discipline: 1, Authenticity: 1, Analytical Thinking: 1, Intellectual Curiosity: 4, Motivation: 4, Quality Assurance: 1, Leadership: 1, Mentoring Skills: 1'}"
Amy,Patton,20249731,Peru,Python Developer,sr3,"{'hard': 'Git: 2, Matplotlib: 5, Algorithms: 2, Pytorch: 2, Flask: 5, Data Visualization: 5, Natural Language Processing (NLP): 5, Concurrency: 5, Python: 5, TensorFlow: 2, Docker: 5, Debugging: 2, APIs: 5, Machine Learning: 5', 'soft': 'Open-mindedness: 2, Humility: 2, Stress Resilience: 5, Crisis Management: 2, Integrity: 2, Self-Motivation: 2, Feedback Acceptance: 5, Decision Making: 5, Motivational Skills: 5, Adaptability to Change: 5, Team Building: 2, Feedback Delivery: 5, Creativity: 5, Initiative: 5, Interpersonal Skills: 5'}"
Lisa,Griffin,46147545,Mexico,Android Mobile Developer,jr,"{'hard': 'Agile: 1, JUnit: 1, Coroutines: 1, Dependency Injection: 1, Test-Driven Development: 1', 'soft': 'Negotiation: 1, Workplace Culture Awareness: 1, Humility: 1, Ethical Judgment: 1, Public Relations: 1'}"
Clarence,Torres,82526740,Venezuela,IOT Platform Engineer,sr2,"{'hard': 'User Authentication: 1, Telemetry: 4, Edge Computing: 1, Data Processing: 4, API Development: 4, Lifecycle Management: 1, Firmware Development: 1, Real-time Data Processing: 4, Microservices Architecture: 4, Security Best Practices: 4', 'soft': 'Crisis Management: 4, Writing Skills: 1, Public Relations: 1, Cultural Awareness: 1, Social Intelligence: 1, Civic Responsibility: 1, Negotiation Tactics: 4, Work Ethic: 4, Change Management: 4, Diversity Awareness: 1, Interpersonal Communication: 1, Decision Making: 4'}"
Sonia,Wilson,98606613,Ecuador,C++ Developer,jr,"{'hard': 'Boost Library: 1, Multithreading: 1, Windows API: 1, Debugging: 1, Design Patterns: 1', 'soft': 'Authenticity: 1, Initiative: 1, Resilience: 1, Mentoring: 1, Positivity: 1'}"
Jason,David,75599469,Uruguay,iOS Mobile Developer,sr1,"{'hard': 'Swift: 3, Design Patterns: 3, Push Notifications: 3, Xcode: 1, Performance Optimization: 1, App Store Submission: 3, Reactive Programming: 3, Agile: 1, iCloud: 3, Git: 3', 'soft': 'Professionalism: 1, Delegation: 3, Analytical Thinking: 3, Data Interpretation: 1, Self-Regulation: 1, Humility: 3, Goal Setting: 3, Motivation: 1, Change Management: 3, Virtual Collaboration: 1, Diversity Awareness: 1, Public Speaking: 3'}"
Wyatt,Dixon,36441436,Peru,RPA Developer,sr1,"{'hard': 'Java: 1, Client Interaction: 1, Data Quality Management: 1, Process Analysis: 3, SQL: 1, Excel VBA: 1, Documentation: 3, Exception Handling: 3, Integration with Third-party Applications: 1, Scripting: 1', 'soft': 'Data Interpretation: 3, Critical Thinking: 3, Interpersonal Skills: 3, Strategic Communication: 3, Strategic Thinking: 3, Integrity: 1, Time Awareness: 3, Persuasion: 1, Self-Discipline: 1, Public Relations: 3, Stress Management: 3, Resourcefulness: 3'}"
Melissa,Golden,38724730,Bolivia,Test Automation Engineer,sr1,"{'hard': 'Behavior-Driven Development (BDD): 1, API Testing: 3, Security Testing: 3, Defect Tracking: 3, Regression Testing: 3, Java: 3, JUnit: 3, Test Environment Setup: 3, Cloud Testing: 1, Automation Strategy: 3', 'soft': 'Customer Service: 3, Influencing: 1, Task Prioritization: 3, Change Management: 1, Feedback Acceptance: 1, Humility: 1, Client Management: 3, Self-Confidence: 3, Work-Life Balance: 3, Strategic Thinking: 3, Critical Thinking: 1, Stress Management: 1'}"
Katherine,Lowe,35909996,Colombia,.Net Developer,jr,"{'hard': 'JavaScript: 1, Performance Optimization: 1, Cloud Services (Azure): 1, Debugging: 1, Entity Framework: 1', 'soft': 'Social Intelligence: 1, Persuasion: 1, Empathy: 1, Leadership: 1, Critical Observation: 1'}"
Michelle,Miller,55422296,Mexico,NodeJs Developer,jr,"{'hard': 'Postman: 1, Node.js: 1, WebSockets: 1, Git: 1, NPM: 1', 'soft': 'Intuition: 1, Civic Engagement: 1, Humility: 1, Problem Solving: 1, Change Management: 1'}"
Chris,Johnson,26301874,Ecuador,Web Mobile Developer,jr,"{'hard': 'Authentication Mechanisms: 1, Continuous Integration/Continuous Deployment (CI/CD): 1, REST APIs: 1, Deployment Techniques: 1, JavaScript: 1', 'soft': 'Innovation: 1, Conflict Management: 1, Writing Skills: 1, Problem Solving: 1, Change Facilitation: 1'}"
Steven,Hunter,54562619,Bolivia,Java Developer,ssr,"{'hard': 'Java: 2, XML: 2, JavaFX: 2, Thread Management: 1, Hibernate: 1', 'soft': 'Scientific Thinking: 1, Social Intelligence: 1, Civic Engagement: 2, Writing Skills: 2, Interpersonal Skills: 1'}"
Ashley,James,14191359,Bolivia,Java Developer,sr1,"{'hard': 'Kubernetes: 1, Algorithms: 3, REST APIs: 3, XML: 1, Data Structures: 1, Unit Testing: 1, Multi-threading: 3, Microservices: 3, Hibernate: 3, SOAP: 1', 'soft': 'Personality Awareness: 1, Cognitive Flexibility: 3, Change Facilitation: 1, Mentoring Skills: 3, Quality Assurance: 3, Time Management: 3, Authenticity: 1, Integrity: 3, Goal Setting: 3, Self-Motivation: 3, Creativity: 3, Customer Service: 1'}"
Brian,Price,76662287,Peru,Cobol Developer,sr2,"{'hard': 'Version Control (Git): 4, Reporting: 4, Business Logic: 4, VSAM: 4, Performance Tuning: 1, System Analysis: 4, Data Migration: 1, Documentation: 4, DB2: 4, COBOL: 4', 'soft': 'Resilience: 1, Problem Solving: 1, Responsibility: 1, Cultural Awareness: 4, Negotiation: 4, Influencing: 4, Motivational Skills: 4, Relationship Building: 4, Motivation: 4, Emotional Resilience: 1, Analytical Thinking: 4, Crisis Management: 1'}"
Jessica,Graves,14763023,Peru,C++ Developer,jr,"{'hard': 'Design Patterns: 1, Standard Template Library (STL): 1, Unit Testing: 1, Game Development: 1, OOP: 1', 'soft': 'Negotiation: 1, Technology Savvy: 1, Humility: 1, Crisis Management: 1, Trust Building: 1'}"
Samuel,Johnson,17781359,Chile,PHP Developer,sr2,"{'hard': 'Composer: 1, Security Best Practices: 1, XML: 4, Database Design: 4, Continuous Integration: 4, API Development: 4, HTML: 1, Debugging: 1, Caching Techniques: 4, Web Services: 1', 'soft': 'Networking: 1, Influencing: 4, Ethical Judgment: 4, Service Orientation: 1, Trustworthiness: 4, Communication: 4, Inclusivity: 1, Cultural Competence: 4, Persuasion: 1, Leadership: 1, Technology Savvy: 1, Performance Management: 1'}"
Tammy,Martinez,57931545,Chile,Sharepoint Developer,sr1,"{'hard': 'Data Migration: 1, HTML: 1, User Authentication: 1, Document Libraries: 1, SharePoint Framework (SPFx): 3, REST APIs: 3, User Interface Design: 3, Office 365: 3, Debugging: 1, JavaScript: 1', 'soft': 'Time Awareness: 1, Visionary Leadership: 1, Data Interpretation: 3, Work-Life Balance: 3, Task Prioritization: 1, Open-mindedness: 1, Emotional Intelligence: 1, Delegation: 3, Process Improvement: 1, Crisis Communication: 3, Public Speaking: 1, Global Awareness: 1'}"
Carrie,Lawson,44147828,Colombia,NodeJs Developer,sr3,"{'hard': 'Node.js: 5, Git: 5, Mocha: 2, Performance Optimization: 5, Error Handling: 2, AWS: 2, Version Control: 2, REST APIs: 5, Express.js: 2, TypeScript: 2, Asynchronous Programming: 5, Postman: 5, MongoDB: 2, Microservices: 5', 'soft': 'Facilitation Skills: 5, Personality Awareness: 2, Social Intelligence: 5, Negotiation: 2, Client Management: 5, Ethical Judgment: 2, Empathy: 5, Learning Agility: 5, Critical Observation: 5, Critical Thinking: 5, Trustworthiness: 2, Public Relations: 2, Self-Confidence: 2, Visionary Thinking: 5, Networking Skills: 2'}"
Gabriel,Miller,86903097,Chile,Ruby Developer,sr2,"{'hard': 'Middleware: 1, Ruby: 1, Testing Frameworks (RSpec): 1, Deployment Techniques: 1, User Authentication: 1, Performance Optimization: 1, Ruby on Rails: 1, REST APIs: 4, JavaScript: 4, SQL: 1', 'soft': 'Social Skills: 1, Negotiation Tactics: 4, Decision Making: 1, Problem Solving: 4, Data Interpretation: 4, Research Skills: 4, Positivity: 1, Cultural Awareness: 1, Client Management: 1, Feedback Delivery: 1, Leadership: 1, Change Management: 1'}"
Linda,Carr,86444452,Mexico,Cloud Engineer,sr3,"{'hard': 'Google Cloud Platform: 5, Virtualization: 2, Automation Tools: 2, Configuration Management: 5, API Management: 2, Service Mesh: 2, Cloud Architecture: 5, Agile: 5, Security Best Practices: 5, Azure: 2, Version Control (Git): 5, Scripting (Python, Bash): 5, Backup and Recovery: 2, Disaster Recovery Planning: 2', 'soft': 'Goal Setting: 2, Self-Motivation: 5, Ethical Judgment: 5, Networking: 2, Client Management: 2, Leadership: 5, Stress Management: 5, Authenticity: 5, Professionalism: 5, Strategic Thinking: 5, Virtual Collaboration: 5, Collaboration: 2, Influencing: 2, Attention to Detail: 2, Creativity: 2'}"
Alicia,Webster,43237124,Venezuela,DevOps Engineer,sr3,"{'hard': 'Kubernetes: 2, Monitoring and Logging: 2, Custom Scripts: 5, Security Best Practices: 2, AWS: 5, Load Balancing: 2, Change Management: 2, Cloud Services: 5, Database Management: 2, Performance Tuning: 2, Agile: 5, Backup Strategies: 5, Continuous Integration/Continuous Deployment (CI/CD): 2, API Management: 2', 'soft': 'Relationship Building: 5, Stress Management: 5, Facilitation Skills: 2, Visionary Leadership: 2, Situational Awareness: 5, Collaboration: 5, Motivational Skills: 2, Self-Motivation: 2, Customer Service: 5, Persuasion: 2, Task Prioritization: 2, Entrepreneurial Mindset: 5, Critical Thinking: 2, Responsibility: 2, Data Interpretation: 2'}"
Isaac,Lozano,78026935,Ecuador,C++ Developer,ssr,"{'hard': 'Concurrency: 2, Standard Template Library (STL): 1, Static and Dynamic Libraries: 1, Multithreading: 1, Code Review: 1', 'soft': 'Situational Awareness: 2, Presentation Skills: 2, Time Management: 2, Empathy: 1, Strategic Thinking: 1'}"
James,Mcclure,83885300,Colombia,Salesforce Developer,sr1,"{'hard': 'Business Process Automation: 3, Triggers: 3, Community Cloud: 3, Visualforce: 3, Agile: 1, Custom Objects: 3, Salesforce CRM: 3, Lightning Components: 3, Security Best Practices: 3, Salesforce DX: 1', 'soft': 'Global Awareness: 1, Learning Agility: 1, Initiative: 3, Positivity: 3, Stress Resilience: 3, Leadership: 1, Strategic Communication: 1, Entrepreneurial Mindset: 3, Communication: 1, Diversity Awareness: 3, Situational Awareness: 3, Work-Life Balance: 1'}"
Matthew,Avila,75099872,Colombia,DevOps Engineer,sr2,"{'hard': 'AWS: 1, Disaster Recovery: 4, Collaboration Tools: 4, User Access Control: 4, Custom Scripts: 1, Azure: 1, Release Management: 4, Load Balancing: 4, Error Tracking: 1, API Management: 4', 'soft': 'Time Optimization: 4, Open-mindedness: 1, Emotional Resilience: 4, Persuasion: 4, Entrepreneurial Mindset: 4, Teamwork: 1, Data Interpretation: 4, Humility: 4, Team Building: 4, Ethical Judgment: 1, Client Management: 4, Quality Assurance: 4'}"
Michael,Morgan,18590211,Mexico,Cloud Engineer,ssr,"{'hard': 'Azure: 2, Event-Driven Architecture: 2, Networking: 1, Scripting (Python, Bash): 1, API Management: 1', 'soft': 'Creativity: 1, Negotiation: 2, Time Optimization: 1, Civic Engagement: 2, Ethical Judgment: 1'}"
Thomas,Glover,15352044,Ecuador,Game Developer,ssr,"{'hard': 'Game Analytics: 2, Networking: 1, Animation: 2, Game Prototyping: 2, Debugging: 2', 'soft': 'Initiative: 1, Influencing: 2, Resource Allocation: 1, Resilience: 1, Self-Confidence: 1'}"
Latasha,Mcclure,31383607,Venezuela,Salesforce Developer,ssr,"{'hard': 'Salesforce DX: 2, Triggers: 2, Community Cloud: 1, REST APIs: 2, Sales Cloud: 1', 'soft': 'Social Skills: 2, Civic Engagement: 1, Intellectual Curiosity: 2, Task Prioritization: 1, Learning Agility: 1'}"
Chad,Hunter,86756821,Chile,Salesforce Developer,sr3,"{'hard': 'Visualforce: 2, Process Builder: 2, Salesforce CRM: 5, Data Modeling: 2, Change Sets: 5, Security Best Practices: 5, Reports and Dashboards: 5, SOQL: 2, Data Migration: 2, Community Cloud: 2, User Interface Design: 5, Data Structures: 5, Salesforce Apex: 2, Testing Frameworks: 2', 'soft': 'Crisis Communication: 5, Networking Skills: 5, Goal Setting: 2, Entrepreneurial Mindset: 5, Influencing: 5, Positivity: 2, Self-Discipline: 2, Civic Responsibility: 5, Task Prioritization: 5, Ethical Judgment: 2, Personality Awareness: 5, Intellectual Curiosity: 5, Negotiation: 2, Teamwork: 2, Scientific Thinking: 2'}"
Sean,Krause,56646620,Peru,Web Mobile Developer,sr2,"{'hard': 'Data Structures: 1, Frontend Frameworks: 4, Git: 1, Performance Optimization: 1, JavaScript: 1, Network Communication: 4, Deployment Techniques: 4, REST APIs: 1, Mobile First Design: 1, UI/UX Design: 1', 'soft': 'Networking Skills: 4, Teamwork: 1, Self-Motivation: 1, Time Optimization: 4, Communication: 4, Time Awareness: 1, Adaptability to Change: 1, Interpersonal Skills: 4, Problem Analysis: 4, Visionary Thinking: 1, Quality Assurance: 4, Innovation: 1'}"
Kurt,Reynolds,80208054,Ecuador,Android Mobile Developer,sr2,"{'hard': 'Coroutines: 1, Test-Driven Development: 1, RxJava: 4, Kotlin: 1, Security Best Practices: 1, Data Binding: 4, ProGuard: 4, Retrofit: 4, Java: 4, XML: 4', 'soft': 'Creativity: 1, Personality Awareness: 4, Stress Management: 4, Cultural Awareness: 1, Change Management: 4, Networking Skills: 4, Collaboration: 4, Trust Building: 1, Situational Awareness: 1, Team Building: 4, Facilitation Skills: 1, Motivational Skills: 1'}"
Thomas,Vargas,59365578,Chile,Data Engineer,sr3,"{'hard': 'Python: 5, Version Control (Git): 2, Metadata Management: 5, Big Data Technologies: 2, Data Transformation: 2, Data Warehousing: 2, Hadoop: 2, Data Security: 5, Data Pipeline Development: 2, Agile: 5, Performance Tuning: 5, Data Quality Management: 5, Data Visualization Tools (Tableau, Power BI): 2, Data Integration Tools: 5', 'soft': 'Workplace Culture Awareness: 5, Personality Awareness: 2, Ethical Judgment: 5, Facilitation Skills: 2, Diversity Awareness: 5, Social Intelligence: 2, Civic Engagement: 5, Motivational Skills: 2, Creativity: 2, Social Skills: 2, Time Optimization: 2, Creativity: 2, Interpersonal Skills: 5, Self-Regulation: 5, Collaboration: 2'}"
Christopher,Jordan,19364600,Bolivia,Flutter Developer,ssr,"{'hard': 'RESTful APIs: 2, Security Best Practices: 2, Versioning: 2, Responsive Design: 1, Platform Channels: 1', 'soft': 'Teamwork: 1, Resource Allocation: 1, Motivation: 2, Authenticity: 2, Interpersonal Communication: 1'}"
Miguel,Carrillo,39562043,Venezuela,SQL Developer,ssr,"{'hard': 'Performance Tuning: 2, Data Quality Management: 1, Indexing: 1, ETL: 2, Business Intelligence Tools: 2', 'soft': 'Diversity Awareness: 2, Negotiation: 2, Problem Solving: 1, Collaboration: 2, Networking: 1'}"
Deborah,Molina,22412929,Bolivia,Cobol Developer,sr1,"{'hard': 'Data Mapping: 1, Data Warehousing: 1, Unit Testing: 3, Application Development: 1, Data Structures: 3, Legacy Systems: 1, SQL: 3, Client Interaction: 3, Data Migration: 3, Data Processing: 3', 'soft': 'Technology Savvy: 1, Mentoring Skills: 3, Crisis Communication: 3, Active Listening: 3, Initiative: 3, Adaptability: 3, Customer Service: 1, Creativity: 3, Ethical Judgment: 3, Time Management: 1, Work Ethic: 3, Entrepreneurial Mindset: 1'}"
Karen,Carr,20903976,Mexico,RPA Developer,sr2,"{'hard': 'Business Intelligence Tools: 4, Data Quality Management: 4, Performance Monitoring: 1, Integration with Third-party Applications: 1, Agile: 4, Process Analysis: 4, Task Automation: 4, Workflow Design: 1, Data Manipulation: 4, SQL: 1', 'soft': 'Inclusivity: 1, Change Facilitation: 4, Analytical Thinking: 1, Presentation Skills: 1, Resourcefulness: 4, Responsibility: 4, Positivity: 1, Integrity: 1, Visionary Leadership: 4, Diversity Awareness: 4, Leadership: 1, Work Ethic: 4'}"
Christy,Wilson,58797610,Ecuador,Web Mobile Developer,sr3,"{'hard': 'Agile: 5, Local Storage: 5, GraphQL: 2, JavaScript: 5, UI/UX Design: 2, Analytics Integration: 5, HTML: 2, Performance Optimization: 5, Network Communication: 2, Debugging: 5, State Management: 2, Code Review: 5, Version Control: 5, Testing Frameworks: 2', 'soft': 'Research Skills: 2, Flexibility: 5, Time Awareness: 5, Innovation: 2, Conflict Resolution: 2, Interpersonal Communication: 5, Work Ethic: 2, Customer Service: 5, Time Management: 5, Visionary Thinking: 5, Communication: 2, Visionary Leadership: 2, Open-mindedness: 5, Integrity: 2, Public Speaking: 5'}"
Kevin,Jones,15823735,Bolivia,IOT Platform Engineer,sr2,"{'hard': 'Interoperability Standards: 4, Security Best Practices: 4, Telemetry: 4, Device Management: 1, Cloud Platforms (AWS IoT, Azure IoT): 1, Analytics Integration: 4, API Development: 4, Edge Computing: 1, Deployment Techniques: 4, Cloud Computing: 4', 'soft': 'Critical Observation: 4, Resourcefulness: 1, Integrity: 1, Feedback Acceptance: 1, Critical Thinking: 1, Interpersonal Skills: 1, Presentation Skills: 1, Intellectual Curiosity: 1, Empathy: 4, Responsibility: 1, Collaboration: 1, Work-Life Balance: 1'}"
William,Newman,18472156,Colombia,Ruby Developer,ssr,"{'hard': 'Deployment Techniques: 2, CSS: 1, API Development: 2, Error Handling: 2, Data Migration: 2', 'soft': 'Empathy: 1, Mentoring Skills: 2, Stress Resilience: 2, Innovation: 2, Networking Skills: 1'}"
Frances,Bell,80087555,Paraguay,iOS Mobile Developer,sr2,"{'hard': 'Design Patterns: 4, Third-party Libraries: 4, Reactive Programming: 4, RESTful APIs: 1, Cocoa Touch: 1, Xcode: 1, Swift: 4, SwiftUI: 4, Core Animation: 1, Core Data: 1', 'soft': 'Cultural Competence: 1, Active Listening: 4, Attention to Detail: 1, Critical Observation: 1, Empathy: 4, Task Prioritization: 4, Interpersonal Skills: 4, Resourcefulness: 4, Civic Responsibility: 1, Crisis Communication: 4, Self-Discipline: 4, Delegation: 4'}"
Donna,Scott,13284146,Peru,iOS Mobile Developer,ssr,"{'hard': 'Animation: 2, iOS SDK: 1, In-App Purchases: 2, Objective-C: 1, SiriKit: 1', 'soft': 'Customer Service: 1, Self-Regulation: 2, Strategic Communication: 2, Innovation: 2, Entrepreneurial Mindset: 1'}"
Desiree,Gray,68178046,Venezuela,Web UI Developer,sr1,"{'hard': 'CSS: 1, Git: 3, Vue.js: 3, React: 1, Accessibility Standards: 3, Figma/Adobe XD: 3, SEO Best Practices: 3, Microinteractions: 1, Typography: 1, Progressive Enhancement: 1', 'soft': 'Coaching: 1, Personality Awareness: 1, Work Ethic: 3, Empathy: 3, Emotional Resilience: 1, Active Listening: 3, Resilience: 3, Ethical Judgment: 3, Resource Allocation: 3, Feedback Acceptance: 1, Innovation: 3, Inclusivity: 3'}"
Kevin,Carlson,61802599,Colombia,Python Developer,ssr,"{'hard': 'Docker: 2, Spark: 2, Data Mining: 1, Selenium: 1, Flask: 1', 'soft': 'Work-Life Balance: 1, Feedback Delivery: 1, Networking: 1, Resource Allocation: 1, Social Skills: 1'}"
Virginia,Hansen,23701393,Venezuela,C++ Developer,jr,"{'hard': 'OpenGL: 1, System Programming: 1, Networking: 1, Embedded Systems: 1, Debugging: 1', 'soft': 'Humility: 1, Time Optimization: 1, Intuition: 1, Performance Management: 1, Attention to Detail: 1'}"
Samantha,Gallagher,64293657,Ecuador,Game Developer,sr3,"{'hard': 'Shader Programming: 2, Multiplayer Networking: 2, Cross-platform Development: 2, Asset Management: 2, Physics Engines: 2, Unreal Engine: 5, User Interface Design: 2, Animation: 2, Game Prototyping: 5, Game Testing: 2, Game Analytics: 5, Game Optimization: 5, Gameplay Programming: 5, Level Design: 5', 'soft': 'Creativity: 2, Motivational Skills: 2, Problem Analysis: 5, Communication: 2, Time Management: 2, Visionary Leadership: 2, Adaptability to Change: 2, Teamwork: 2, Entrepreneurial Mindset: 2, Trust Building: 2, Feedback Delivery: 2, Learning Agility: 2, Quality Assurance: 2, Technology Savvy: 5, Workplace Culture Awareness: 2'}"
Beth,Walker,54317785,Uruguay,Cloud Engineer,jr,"{'hard': 'Virtualization: 1, CI/CD: 1, Google Cloud Platform: 1, Monitoring and Logging: 1, Event-Driven Architecture: 1', 'soft': 'Client Management: 1, Creativity: 1, Mentoring: 1, Data Interpretation: 1, Intellectual Curiosity: 1'}"
Jennifer,Bowman,34807348,Paraguay,Android Mobile Developer,jr,"{'hard': 'Kotlin Coroutines: 1, REST APIs: 1, Android Jetpack: 1, JUnit: 1, Kotlin: 1', 'soft': 'Visionary Thinking: 1, Civic Responsibility: 1, Empathy: 1, Strategic Communication: 1, Client Management: 1'}"
Jasmine,Davis,19467941,Uruguay,Flutter Developer,jr,"{'hard': 'State Management: 1, Material Design: 1, Platform Channels: 1, Flutter: 1, Responsive Design: 1', 'soft': 'Self-Regulation: 1, Problem Analysis: 1, Situational Awareness: 1, Virtual Collaboration: 1, Cultural Competence: 1'}"
Anthony,Hudson,47535026,Ecuador,Game Developer,sr2,"{'hard': '3D Modeling: 1, Performance Optimization: 4, Cross-platform Development: 1, Game Design: 4, Physics Simulation: 1, AI Programming: 1, Game Optimization: 4, Graphics Programming: 4, Live Ops: 4, Unreal Engine: 1', 'soft': 'Coaching: 1, Cultural Competence: 1, Presentation Skills: 4, Self-Motivation: 1, Civic Engagement: 1, Adaptability to Change: 1, Public Relations: 4, Conflict Management: 4, Performance Management: 1, Relationship Building: 4, Active Listening: 4, Visionary Leadership: 4'}"
Jason,Romero,78218738,Argentina,Sharepoint Developer,sr1,"{'hard': 'Team Sites: 1, Performance Optimization: 3, Git: 3, Information Architecture: 3, User Authentication: 3, Data Migration: 1, Database Design: 3, SQL Server: 1, Business Intelligence: 1, Document Libraries: 3', 'soft': 'Civic Responsibility: 1, Workplace Culture Awareness: 3, Trust Building: 1, Critical Observation: 3, Adaptability: 3, Strategic Communication: 3, Visionary Thinking: 3, Change Facilitation: 3, Integrity: 3, Goal Setting: 3, Visionary Leadership: 3, Conflict Resolution: 3'}"
Mark,Martin,37480177,Argentina,.Net Developer,ssr,"{'hard': 'REST APIs: 2, SignalR: 2, SQL Server: 2, Debugging: 2, Visual Studio: 1', 'soft': 'Critical Thinking: 2, Cognitive Flexibility: 1, Diversity Awareness: 2, Virtual Collaboration: 2, Resourcefulness: 1'}"
Michelle,Dean,39736323,Peru,Web Mobile Developer,sr3,"{'hard': 'Cross-Browser Compatibility: 5, Deployment Techniques: 5, Version Control: 2, Agile: 5, Mobile First Design: 5, JavaScript: 2, Local Storage: 5, Progressive Web Apps (PWAs): 5, Application Security: 2, Flutter: 2, HTML: 2, Analytics Integration: 2, Performance Optimization: 2, Continuous Integration/Continuous Deployment (CI/CD): 5', 'soft': 'Motivational Skills: 5, Interpersonal Skills: 2, Client Management: 2, Cognitive Flexibility: 5, Resource Allocation: 5, Change Facilitation: 5, Civic Responsibility: 2, Crisis Communication: 5, Critical Thinking: 2, Time Optimization: 2, Trust Building: 5, Creativity: 5, Service Orientation: 5, Problem Solving: 5, Public Speaking: 2'}"
Nathan,Perkins,98786068,Colombia,Web Mobile Developer,sr2,"{'hard': 'Flutter: 4, State Management: 4, Analytics Integration: 4, Responsive Design: 1, Application Security: 4, Debugging: 4, Continuous Integration/Continuous Deployment (CI/CD): 4, Version Control: 4, Service Workers: 4, Network Communication: 4', 'soft': 'Trust Building: 1, Integrity: 1, Visionary Leadership: 1, Interpersonal Communication: 4, Entrepreneurial Mindset: 1, Diversity Awareness: 4, Global Awareness: 4, Innovation: 1, Strategic Communication: 1, Adaptability to Change: 1, Crisis Management: 1, Strategic Thinking: 1'}"
Lauren,Smith,46919031,Mexico,iOS Mobile Developer,jr,"{'hard': 'Core Data: 1, Push Notifications: 1, Performance Optimization: 1, SiriKit: 1, Firebase: 1', 'soft': 'Stress Resilience: 1, Networking Skills: 1, Interpersonal Communication: 1, Intellectual Curiosity: 1, Public Speaking: 1'}"
Shannon,Hardin,39883277,Ecuador,Python Developer,sr1,"{'hard': 'Data Analysis: 3, Algorithms: 3, Data Visualization: 3, Django: 3, Cloud Services: 3, SQL: 1, Docker: 3, APIs: 3, Data Quality Assessment: 3, Pandas: 1', 'soft': 'Crisis Communication: 3, Self-Confidence: 3, Strategic Communication: 3, Integrity: 1, Open-mindedness: 3, Emotional Resilience: 3, Flexibility: 3, Collaboration: 1, Diversity Awareness: 3, Civic Engagement: 3, Initiative: 1, Adaptability to Change: 1'}"
Sydney,Chen,76399950,Venezuela,Cybersecurity Engineer,jr,"{'hard': 'Security Awareness Training: 1, Malware Analysis: 1, Intrusion Detection Systems (IDS): 1, Scripting (Python, PowerShell): 1, Security Frameworks (CIS, OWASP): 1', 'soft': 'Data Interpretation: 1, Self-Motivation: 1, Coaching: 1, Research Skills: 1, Cultural Awareness: 1'}"
Claudia,Huffman,49304428,Uruguay,Cobol Developer,sr3,"{'hard': 'SQL: 2, Data Processing: 2, Data Structures: 2, COBOL: 5, File Handling: 5, Micro Focus: 2, Software Maintenance: 2, Unit Testing: 2, Legacy Systems: 5, Data Mapping: 5, Mainframe: 5, JCL: 2, Business Logic: 5, Reporting: 2', 'soft': 'Problem Solving: 5, Professionalism: 5, Inclusivity: 5, Empathy: 2, Intuition: 2, Innovation: 5, Self-Motivation: 5, Diversity Awareness: 5, Influencing: 5, Trust Building: 5, Task Prioritization: 2, Cultural Competence: 2, Entrepreneurial Mindset: 2, Emotional Intelligence: 5, Motivation: 5'}"
Scott,Payne,58118116,Paraguay,Test Automation Engineer,jr,"{'hard': 'Test Environment Setup: 1, Cross-Browser Testing: 1, Reporting Tools: 1, Continuous Testing: 1, CI/CD: 1', 'soft': 'Trust Building: 1, Time Optimization: 1, Professionalism: 1, Self-Motivation: 1, Entrepreneurial Mindset: 1'}"
Mark,Andrews,33783130,Mexico,Data Engineer,sr2,"{'hard': 'Cloud Data Solutions (AWS, Azure, GCP): 1, Data Lakes: 4, Scripting (Bash, Python): 4, Python: 1, Business Intelligence: 1, Machine Learning Basics: 4, API Development: 1, Data Cataloging: 4, Version Control (Git): 4, Data Transformation: 4', 'soft': 'Cognitive Flexibility: 1, Teamwork: 4, Strategic Thinking: 1, Public Speaking: 4, Responsibility: 1, Situational Awareness: 4, Active Listening: 1, Decision Making: 1, Time Management: 1, Communication: 4, Persuasion: 1, Trust Building: 4'}"
Patricia,Woods,50565393,Uruguay,Ruby Developer,ssr,"{'hard': 'Caching Techniques: 1, Debugging: 1, Gem Management: 2, Data Migration: 2, Testing Frameworks (RSpec): 1', 'soft': 'Resource Allocation: 1, Stress Management: 1, Time Awareness: 1, Persuasion: 2, Active Listening: 2'}"
Eric,Curry,28347175,Uruguay,Ruby Developer,sr3,"{'hard': 'Task Scheduling: 5, Git: 2, Continuous Integration: 5, Security Best Practices: 5, Testing Frameworks (RSpec): 2, CSS: 2, Deployment Techniques: 5, Front-end Frameworks: 2, API Development: 2, Ruby on Rails: 2, Ruby: 5, Version Control: 2, Data Migration: 2, Object-Oriented Programming: 5', 'soft': 'Integrity: 2, Collaboration: 5, Conflict Management: 5, Critical Thinking: 5, Global Awareness: 2, Stress Resilience: 2, Stress Management: 5, Strategic Thinking: 2, Leadership: 5, Creativity: 2, Research Skills: 5, Crisis Communication: 2, Initiative: 2, Authenticity: 5, Cultural Awareness: 5'}"
Joel,Jackson,84893190,Uruguay,SQL Developer,jr,"{'hard': 'Data Analysis: 1, Indexing: 1, Stored Procedures: 1, ETL: 1, PL/SQL: 1', 'soft': 'Situational Awareness: 1, Humility: 1, Social Intelligence: 1, Decision Making: 1, Change Management: 1'}"
Samantha,Owens,76498057,Venezuela,Web Mobile Developer,jr,"{'hard': 'Authentication Mechanisms: 1, Debugging: 1, REST APIs: 1, GraphQL: 1, Agile: 1', 'soft': 'Crisis Communication: 1, Quality Assurance: 1, Interpersonal Communication: 1, Resourcefulness: 1, Change Facilitation: 1'}"
Dennis,Marshall,12733366,Bolivia,PHP Developer,sr1,"{'hard': 'Frameworks (CodeIgniter): 1, Object-Oriented Programming: 3, XML: 1, Data Structures: 1, Symfony: 1, Composer: 3, MySQL: 1, Web Services: 3, Continuous Integration: 1, JavaScript: 3', 'soft': 'Visionary Leadership: 1, Cultural Competence: 3, Interpersonal Communication: 1, Feedback Acceptance: 1, Adaptability to Change: 3, Adaptability: 1, Research Skills: 3, Motivational Skills: 3, Emotional Resilience: 3, Change Facilitation: 3, Teamwork: 1, Strategic Thinking: 3'}"
Rebecca,Kim,97452396,Colombia,Salesforce Developer,sr1,"{'hard': 'Git: 1, Version Control: 3, Business Process Automation: 3, Debugging: 1, Data Structures: 1, Custom Objects: 3, Service Cloud: 3, REST APIs: 3, Triggers: 1, User Authentication: 3', 'soft': 'Problem Solving: 3, Scientific Thinking: 3, Strategic Communication: 3, Flexibility: 3, Delegation: 1, Customer Service: 1, Adaptability: 3, Conflict Resolution: 3, Global Awareness: 3, Decision Making: 3, Negotiation: 1, Innovation: 3'}"
Joseph,Wong,81648605,Chile,Web UI Developer,sr3,"{'hard': 'Image Optimization: 2, React: 5, Agile: 2, Git: 2, CSS: 2, HTML: 5, SEO Best Practices: 2, Testing Frameworks (Jest, Mocha): 5, Accessibility Standards: 2, Front-End Frameworks: 2, REST APIs: 5, CSS Preprocessors (Sass, LESS): 2, Performance Optimization: 5, Animations: 5', 'soft': 'Cultural Competence: 2, Leadership: 5, Adaptability to Change: 2, Intuition: 2, Conflict Resolution: 2, Influencing: 5, Time Awareness: 2, Workplace Culture Awareness: 5, Research Skills: 2, Strategic Communication: 2, Adaptability: 2, Communication: 5, Presentation Skills: 2, Professionalism: 5, Critical Observation: 5'}"
Mark,Anderson,63697392,Mexico,C++ Developer,sr3,"{'hard': 'Graphics Programming: 2, Memory Management: 2, Embedded Systems: 5, OOP: 5, File I/O: 5, Templates: 5, Linux Development: 5, C++: 5, Version Control (Git): 5, Boost Library: 2, System Programming: 2, Code Review: 5, Standard Template Library (STL): 5, OpenGL: 2', 'soft': 'Time Optimization: 5, Data Interpretation: 5, Workplace Culture Awareness: 2, Crisis Communication: 2, Performance Management: 5, Work Ethic: 5, Public Relations: 5, Inclusivity: 5, Change Facilitation: 5, Authenticity: 2, Problem Solving: 2, Technology Savvy: 5, Teamwork: 2, Resilience: 5, Persuasion: 5'}"
Trevor,Brown,93569636,Peru,DevOps Engineer,sr2,"{'hard': 'Error Tracking: 1, Load Balancing: 4, Change Management: 1, Networking: 4, Scripting (Bash, Python): 1, Infrastructure as Code (IaC): 1, Release Management: 1, Continuous Integration/Continuous Deployment (CI/CD): 1, Security Best Practices: 1, Monitoring and Logging: 4', 'soft': 'Negotiation: 4, Global Awareness: 1, Open-mindedness: 4, Professionalism: 1, Empathy: 1, Stress Resilience: 4, Public Relations: 1, Time Awareness: 1, Resilience: 4, Civic Engagement: 1, Virtual Collaboration: 1, Conflict Resolution: 4'}"
Shawn,Hoffman,16082024,Uruguay,Test Automation Engineer,jr,"{'hard': 'Test Case Design: 1, Appium: 1, JavaScript: 1, Continuous Testing: 1, Python: 1', 'soft': 'Service Orientation: 1, Critical Observation: 1, Process Improvement: 1, Persuasion: 1, Customer Service: 1'}"
Marc,Allen,18699531,Argentina,Python Developer,sr2,"{'hard': 'Spark: 4, TensorFlow: 1, APIs: 4, Pandas: 1, SQL: 4, Data Mining: 1, Data Visualization: 4, Pytorch: 4, Concurrency: 1, Algorithms: 4', 'soft': 'Trust Building: 1, Writing Skills: 1, Empathy: 1, Self-Regulation: 1, Change Facilitation: 4, Stress Resilience: 1, Active Listening: 1, Integrity: 4, Goal Setting: 4, Client Management: 1, Crisis Communication: 4, Trustworthiness: 4'}"
Wayne,Jordan,53607015,Ecuador,Web Mobile Developer,sr3,"{'hard': 'UI/UX Design: 2, Data Structures: 2, Third-party Libraries: 2, Version Control: 2, REST APIs: 5, HTML: 5, Frontend Frameworks: 5, Deployment Techniques: 2, Continuous Integration/Continuous Deployment (CI/CD): 5, Testing Frameworks: 5, Service Workers: 5, Mobile First Design: 5, Cross-Browser Compatibility: 5, Code Review: 5', 'soft': 'Client Management: 2, Negotiation: 5, Interpersonal Skills: 2, Mentoring Skills: 2, Self-Discipline: 5, Risk Management: 2, Integrity: 5, Emotional Intelligence: 2, Situational Awareness: 2, Networking: 5, Humility: 2, Scientific Thinking: 5, Mentoring: 2, Cultural Awareness: 5, Emotional Resilience: 2'}"
Kristopher,Rich,41274056,Chile,Data Engineer,sr1,"{'hard': 'Agile: 3, Testing and Validation: 3, Machine Learning Basics: 3, Data Integration Tools: 1, Apache Spark: 1, Data Lakes: 3, Business Intelligence: 3, Scripting (Bash, Python): 3, Data Visualization Tools (Tableau, Power BI): 3, Hadoop: 1', 'soft': 'Public Speaking: 1, Process Improvement: 1, Teamwork: 1, Emotional Intelligence: 1, Goal Setting: 3, Self-Discipline: 1, Communication: 3, Conflict Management: 3, Self-Confidence: 3, Task Prioritization: 1, Strategic Communication: 3, Humility: 1'}"
Cheryl,Curry,92975426,Paraguay,Flutter Developer,sr1,"{'hard': 'Performance Optimization: 3, State Management: 1, Code Refactoring: 3, Native Modules: 3, Platform Channels: 3, Error Handling: 3, Cross-Platform Development: 3, Internationalization: 3, Accessibility Features: 3, Security Best Practices: 3', 'soft': 'Positivity: 1, Self-Confidence: 3, Motivational Skills: 3, Critical Observation: 3, Quality Assurance: 1, Interpersonal Communication: 3, Resilience: 1, Problem Analysis: 1, Situational Awareness: 1, Feedback Delivery: 1, Writing Skills: 3, Trust Building: 3'}"
Leslie,Holland,81544065,Mexico,DevOps Engineer,sr3,"{'hard': 'Continuous Integration/Continuous Deployment (CI/CD): 2, Docker: 2, Disaster Recovery: 5, Cloud Services: 5, Change Management: 5, AWS: 5, Release Management: 5, Configuration Management: 2, Server Management: 5, Application Performance Monitoring (APM): 5, Networking: 5, Incident Management: 5, Load Balancing: 5, Monitoring and Logging: 2', 'soft': 'Strategic Communication: 2, Teamwork: 2, Inclusivity: 5, Delegation: 2, Problem Analysis: 5, Coaching: 2, Emotional Resilience: 2, Positivity: 5, Change Facilitation: 2, Data Interpretation: 2, Decision Making: 2, Networking Skills: 5, Relationship Building: 5, Ethical Judgment: 2, Change Management: 2'}"
Jennifer,Young,23329355,Chile,Cobol Developer,sr3,"{'hard': 'DB2: 5, Software Maintenance: 2, System Analysis: 2, Data Warehousing: 2, Micro Focus: 2, Performance Tuning: 5, Client Interaction: 5, System Integration: 2, Application Development: 5, VSAM: 5, User Acceptance Testing (UAT): 5, Data Migration: 5, File Handling: 2, COBOL: 2', 'soft': 'Change Facilitation: 5, Relationship Building: 2, Adaptability to Change: 2, Research Skills: 2, Integrity: 2, Strategic Communication: 5, Personality Awareness: 5, Social Skills: 5, Influencing: 5, Intuition: 2, Trust Building: 5, Crisis Communication: 5, Positivity: 2, Innovation: 2, Performance Management: 2'}"
Jennifer,Bennett,12969101,Argentina,Java Developer,sr3,"{'hard': 'JSON: 2, Multi-threading: 2, API Development: 5, Logging Frameworks: 5, Kubernetes: 5, Thread Management: 2, Performance Tuning: 2, Docker: 5, Web Services: 2, Continuous Integration: 2, Maven: 2, Unit Testing: 2, Microservices: 5, JDBC: 2', 'soft': 'Emotional Intelligence: 5, Stress Management: 2, Entrepreneurial Mindset: 2, Research Skills: 5, Negotiation Tactics: 2, Analytical Thinking: 2, Work-Life Balance: 5, Ethical Judgment: 2, Facilitation Skills: 2, Open-mindedness: 5, Positivity: 2, Goal Setting: 2, Cultural Awareness: 5, Risk Management: 5, Cultural Competence: 2'}"
Michael,Wiley,47839332,Paraguay,PHP Developer,sr3,"{'hard': 'Database Design: 5, JSON: 5, Laravel: 5, JavaScript: 2, MySQL: 5, Integration with Third-party Services: 5, REST APIs: 5, CSS: 5, Frameworks (CodeIgniter): 2, Composer: 5, Continuous Integration: 5, Data Structures: 2, HTML: 2, Web Services: 5', 'soft': 'Presentation Skills: 5, Stress Resilience: 5, Scientific Thinking: 5, Self-Motivation: 5, Research Skills: 5, Facilitation Skills: 5, Critical Thinking: 5, Work Ethic: 2, Leadership: 5, Open-mindedness: 5, Authenticity: 2, Intellectual Curiosity: 5, Public Relations: 5, Interpersonal Skills: 5, Visionary Leadership: 2'}"
Jessica,Hubbard,28628796,Peru,Flutter Developer,jr,"{'hard': 'Testing: 1, UI/UX Design: 1, Third-party Libraries: 1, Security Best Practices: 1, Internationalization: 1', 'soft': 'Self-Discipline: 1, Negotiation: 1, Change Management: 1, Interpersonal Communication: 1, Process Improvement: 1'}"
Samantha,Gonzales,95102700,Bolivia,C++ Developer,ssr,"{'hard': 'CMake: 1, Multithreading: 2, Code Review: 1, Compiler Optimization: 1, Networking: 1', 'soft': 'Public Speaking: 2, Collaboration: 1, Crisis Communication: 1, Networking: 1, Time Optimization: 2'}"
Stephanie,Lloyd,89662100,Ecuador,Game Developer,jr,"{'hard': 'Game Monetization: 1, Unity: 1, Shader Programming: 1, Game Design: 1, AI Programming: 1', 'soft': 'Influencing: 1, Networking Skills: 1, Self-Regulation: 1, Flexibility: 1, Trustworthiness: 1'}"
Kyle,Mann,48968065,Colombia,.Net Developer,jr,"{'hard': 'Visual Studio: 1, User Authentication: 1, Web API: 1, JavaScript: 1, ASP.NET: 1', 'soft': 'Self-Discipline: 1, Quality Assurance: 1, Cultural Competence: 1, Authenticity: 1, Entrepreneurial Mindset: 1'}"
Sherry,Jackson,63683699,Argentina,Web UI Developer,ssr,"{'hard': 'SEO Best Practices: 1, HTML: 2, Design Systems: 1, Progressive Enhancement: 2, Web Standards: 1', 'soft': 'Learning Agility: 2, Crisis Communication: 2, Delegation: 2, Virtual Collaboration: 1, Self-Discipline: 1'}"
Laura,Wilson,82020416,Ecuador,iOS Mobile Developer,sr2,"{'hard': 'Accessibility Features: 1, Agile: 1, User Experience (UX): 1, Git: 4, Cocoa Touch: 4, Design Patterns: 4, Objective-C: 1, Firebase: 4, Network Connectivity: 1, Third-party Libraries: 4', 'soft': 'Trustworthiness: 4, Social Intelligence: 4, Time Optimization: 4, Change Management: 4, Public Relations: 4, Performance Management: 1, Visionary Leadership: 1, Work Ethic: 1, Networking: 1, Self-Confidence: 1, Emotional Intelligence: 4, Self-Motivation: 1'}"
Betty,Cox,58937494,Venezuela,PHP Developer,jr,"{'hard': 'Data Structures: 1, XML: 1, MySQL: 1, Composer: 1, Git: 1', 'soft': 'Service Orientation: 1, Public Relations: 1, Negotiation: 1, Intellectual Curiosity: 1, Empathy: 1'}"
Thomas,Bowers,22179312,Chile,IOT Platform Engineer,sr1,"{'hard': 'Cloud Platforms (AWS IoT, Azure IoT): 3, Firmware Development: 3, Database Management: 3, Embedded Systems: 1, Sensor Technologies: 1, API Development: 1, Security Best Practices: 3, Device Management: 3, Real-time Data Processing: 3, Lifecycle Management: 3', 'soft': 'Personality Awareness: 1, Social Intelligence: 1, Self-Motivation: 3, Positivity: 1, Public Relations: 3, Cultural Competence: 3, Trust Building: 1, Customer Service: 3, Client Management: 3, Workplace Culture Awareness: 3, Initiative: 1, Facilitation Skills: 1'}"
Laura,Howell,30213544,Argentina,Android Mobile Developer,sr1,"{'hard': 'Firebase: 3, SQLite: 1, Kotlin: 1, Constraint Layout: 3, ProGuard: 3, UI/UX Design: 3, Android NDK: 3, RxJava: 1, XML: 3, MVP: 1', 'soft': 'Resilience: 3, Active Listening: 1, Creativity: 1, Client Management: 3, Work-Life Balance: 1, Authenticity: 3, Entrepreneurial Mindset: 1, Problem Solving: 1, Collaboration: 1, Social Intelligence: 1, Cultural Awareness: 3, Work Ethic: 3'}"
Margaret,Robinson,53761957,Bolivia,Ruby Developer,sr2,"{'hard': 'Data Migration: 1, User Authentication: 1, Testing Frameworks (RSpec): 1, MVC Architecture: 4, Deployment Techniques: 4, Caching Techniques: 4, Version Control: 4, Database Design: 4, Front-end Frameworks: 1, Agile: 4', 'soft': 'Relationship Building: 4, Attention to Detail: 1, Adaptability: 1, Social Intelligence: 4, Trustworthiness: 4, Resource Allocation: 1, Goal Setting: 4, Persuasion: 1, Social Skills: 1, Scientific Thinking: 4, Quality Assurance: 4, Positivity: 1'}"
Patrick,Lewis,76940981,Colombia,Salesforce Developer,ssr,"{'hard': 'Custom Objects: 1, Security Best Practices: 1, Data Structures: 2, Sales Cloud: 1, Process Builder: 2', 'soft': 'Empathy: 1, Critical Thinking: 2, Performance Management: 2, Crisis Management: 2, Goal Setting: 2'}"
Jennifer,Webb,51799361,Peru,DevOps Engineer,ssr,"{'hard': 'Server Management: 1, Configuration Management: 1, Microservices Architecture: 1, AWS: 2, Change Management: 1', 'soft': 'Relationship Building: 1, Mentoring: 2, Time Awareness: 1, Delegation: 2, Diversity Awareness: 1'}"
Ryan,Garcia,70001426,Bolivia,SQL Developer,sr2,"{'hard': 'Triggers: 4, Oracle Database: 4, Database Administration: 4, Reporting Tools: 1, Query Optimization: 4, SQL Server: 1, ETL: 4, SQL: 4, Performance Tuning: 4, T-SQL: 1', 'soft': 'Public Speaking: 4, Cognitive Flexibility: 4, Task Prioritization: 4, Delegation: 4, Professionalism: 4, Crisis Management: 4, Influencing: 4, Visionary Leadership: 4, Workplace Culture Awareness: 4, Negotiation: 1, Goal Setting: 4, Interpersonal Skills: 1'}"
Christian,Henderson,51085643,Mexico,.Net Developer,sr3,"{'hard': 'Design Patterns: 2, Microservices: 2, Entity Framework: 5, Version Control (Git): 5, .NET Core: 5, Agile: 5, TDD: 2, .NET Framework: 2, Entity Framework Core: 5, REST APIs: 2, MVC: 2, Debugging: 5, Cloud Services (Azure): 2, C#: 5', 'soft': 'Creativity: 2, Change Management: 2, Adaptability to Change: 5, Intuition: 2, Research Skills: 2, Crisis Management: 5, Teamwork: 2, Public Relations: 2, Crisis Communication: 5, Feedback Acceptance: 5, Motivational Skills: 5, Self-Confidence: 2, Writing Skills: 2, Data Interpretation: 2, Social Intelligence: 5'}"
Amy,Hardy,62310563,Colombia,.Net Developer,sr3,"{'hard': 'Version Control (Git): 5, Debugging: 2, Entity Framework: 2, Performance Optimization: 5, MVC: 2, Containerization: 2, Agile: 5, Entity Framework Core: 2, WCF: 5, Web API: 2, Design Patterns: 5, User Authentication: 5, JavaScript: 5, Cloud Services (Azure): 2', 'soft': 'Leadership: 5, Relationship Building: 5, Social Intelligence: 2, Personality Awareness: 5, Resourcefulness: 2, Innovation: 5, Feedback Delivery: 5, Entrepreneurial Mindset: 2, Visionary Leadership: 2, Crisis Management: 5, Civic Responsibility: 5, Critical Thinking: 5, Empathy: 5, Risk Management: 5, Creativity: 2'}"
Sandra,Melton,39278127,Peru,Game Developer,sr3,"{'hard': 'Networking: 2, Game Optimization: 2, Game Prototyping: 2, Performance Optimization: 2, C#: 2, Procedural Generation: 5, Physics Simulation: 2, Multiplayer Networking: 2, AI Programming: 5, Cross-platform Development: 5, Debugging: 5, Shader Programming: 5, VR/AR Development: 2, User Interface Design: 5', 'soft': 'Emotional Intelligence: 5, Facilitation Skills: 2, Mentoring Skills: 5, Active Listening: 2, Crisis Management: 5, Networking Skills: 2, Trust Building: 2, Research Skills: 2, Process Improvement: 5, Motivational Skills: 2, Learning Agility: 2, Coaching: 2, Cognitive Flexibility: 5, Social Intelligence: 5, Service Orientation: 5'}"
Kathleen,Baldwin,19984790,Chile,Sharepoint Developer,jr,"{'hard': 'Git: 1, SharePoint Designer: 1, User Authentication: 1, SharePoint Online: 1, Office 365: 1', 'soft': 'Goal Setting: 1, Change Facilitation: 1, Mentoring: 1, Intellectual Curiosity: 1, Responsibility: 1'}"
Michael,Decker,45461626,Colombia,Ruby Developer,jr,"{'hard': 'Integration with Third-party APIs: 1, Deployment Techniques: 1, Performance Optimization: 1, Object-Oriented Programming: 1, Continuous Integration: 1', 'soft': 'Resourcefulness: 1, Task Prioritization: 1, Trustworthiness: 1, Feedback Delivery: 1, Innovation: 1'}"
Shirley,Chen,23188433,Bolivia,Test Automation Engineer,ssr,"{'hard': 'Agile: 1, Version Control: 1, Python: 1, Test Environment Setup: 2, CI/CD: 1', 'soft': 'Ethical Judgment: 1, Interpersonal Communication: 2, Personality Awareness: 2, Conflict Resolution: 1, Risk Management: 1'}"
James,Schultz,70633875,Uruguay,Cobol Developer,sr1,"{'hard': 'DB2: 1, SoftTech: 1, Software Maintenance: 1, Micro Focus: 3, Performance Tuning: 3, JCL: 1, Legacy Systems: 1, COBOL: 1, Client Interaction: 1, System Analysis: 3', 'soft': 'Learning Agility: 3, Motivational Skills: 3, Conflict Resolution: 1, Interpersonal Skills: 1, Strategic Communication: 1, Feedback Delivery: 1, Authenticity: 1, Crisis Communication: 1, Influencing: 1, Team Building: 1, Decision Making: 1, Teamwork: 1'}"
Kevin,Moore,29170276,Uruguay,C++ Developer,jr,"{'hard': 'Boost Library: 1, Automated Testing: 1, Standard Template Library (STL): 1, Linux Development: 1, Graphics Programming: 1', 'soft': 'Civic Engagement: 1, Trust Building: 1, Negotiation Tactics: 1, Time Management: 1, Creativity: 1'}"
Craig,Powell,85740094,Mexico,Java Developer,sr1,"{'hard': 'Multi-threading: 1, Security: 1, SOAP: 1, Logging Frameworks: 1, XML: 3, Java EE: 1, API Development: 3, Spring Boot: 3, Unit Testing: 1, Cloud Services: 1', 'soft': 'Mentoring Skills: 3, Integrity: 3, Critical Thinking: 3, Trust Building: 1, Teamwork: 1, Strategic Communication: 1, Motivational Skills: 1, Public Relations: 1, Resourcefulness: 3, Critical Observation: 1, Humility: 3, Delegation: 3'}"
Abigail,Lee,37406864,Venezuela,C++ Developer,sr1,"{'hard': 'Memory Management: 3, OOP: 1, C++: 1, Automated Testing: 1, Static and Dynamic Libraries: 1, Linux Development: 3, Version Control (Git): 1, Templates: 1, File I/O: 1, Boost Library: 3', 'soft': 'Quality Assurance: 3, Attention to Detail: 1, Time Awareness: 3, Ethical Judgment: 3, Networking Skills: 1, Teamwork: 1, Civic Responsibility: 1, Social Skills: 1, Problem Solving: 3, Presentation Skills: 3, Integrity: 1, Resilience: 3'}"
Jennifer,Perkins,88550256,Chile,.Net Developer,sr2,"{'hard': 'SignalR: 1, Code Review: 1, Design Patterns: 1, ASP.NET: 1, LINQ: 4, SQL Server: 4, User Authentication: 4, Performance Optimization: 1, Cloud Services (Azure): 1, Unit Testing: 1', 'soft': 'Cognitive Flexibility: 4, Data Interpretation: 1, Relationship Building: 1, Workplace Culture Awareness: 4, Cultural Awareness: 1, Positivity: 1, Performance Management: 1, Visionary Leadership: 1, Professionalism: 1, Virtual Collaboration: 4, Feedback Acceptance: 4, Creativity: 4'}"
Jeremy,Griffin,33374837,Bolivia,Cybersecurity Engineer,jr,"{'hard': 'Application Hardening: 1, Mobile Security: 1, Security Policies: 1, Network Security: 1, Intrusion Detection Systems (IDS): 1', 'soft': 'Workplace Culture Awareness: 1, Critical Thinking: 1, Creativity: 1, Global Awareness: 1, Interpersonal Communication: 1'}"
Samantha,Navarro,38734068,Ecuador,Cloud Engineer,jr,"{'hard': 'Application Networking: 1, Resource Allocation: 1, Load Balancing: 1, Cloud Migration: 1, Google Cloud Platform: 1', 'soft': 'Negotiation: 1, Change Facilitation: 1, Conflict Management: 1, Decision Making: 1, Feedback Acceptance: 1'}"
Michael,Sutton,88931366,Bolivia,Test Automation Engineer,ssr,"{'hard': 'Cross-Browser Testing: 2, Python: 1, Data-Driven Testing: 2, Scripting: 1, Version Control (Git): 1', 'soft': 'Client Management: 1, Authenticity: 1, Critical Thinking: 2, Negotiation Tactics: 2, Relationship Building: 1'}"
Christopher,Carney,94435980,Venezuela,Android Mobile Developer,ssr,"{'hard': 'RxJava: 1, JUnit: 2, Coroutines: 2, Android SDK: 1, Agile: 2', 'soft': 'Conflict Resolution: 2, Leadership: 1, Networking: 2, Self-Motivation: 2, Virtual Collaboration: 2'}"
James,Gomez,45380800,Peru,Cybersecurity Engineer,sr3,"{'hard': 'Incident Response: 2, Data Loss Prevention (DLP): 5, Network Security: 5, Data Protection: 2, Security Awareness Training: 2, Mobile Security: 5, Security Policies: 5, Incident Management: 2, Intrusion Detection Systems (IDS): 5, Security Frameworks (CIS, OWASP): 2, Application Hardening: 5, Authentication Mechanisms: 5, Firewalls: 2, Encryption Techniques: 5', 'soft': 'Civic Engagement: 5, Problem Solving: 5, Resourcefulness: 2, Cognitive Flexibility: 5, Scientific Thinking: 2, Innovation: 5, Entrepreneurial Mindset: 5, Interpersonal Skills: 5, Active Listening: 5, Change Facilitation: 2, Time Awareness: 5, Motivational Skills: 2, Virtual Collaboration: 5, Data Interpretation: 2, Negotiation: 2'}"
Alex,Fowler,15957870,Bolivia,.Net Developer,ssr,"{'hard': 'Agile: 2, Containerization: 2, Unit Testing: 2, Cloud Services (Azure): 2, REST APIs: 1', 'soft': 'Personality Awareness: 2, Cultural Awareness: 1, Teamwork: 1, Adaptability to Change: 2, Data Interpretation: 2'}"
Tanya,Johnson,96419171,Chile,.Net Developer,sr2,"{'hard': 'JavaScript: 1, Dependency Injection: 4, HTML/CSS: 1, Web Services: 4, ASP.NET: 4, Entity Framework: 4, .NET Framework: 4, Debugging: 1, MVC: 4, WCF: 1', 'soft': 'Emotional Intelligence: 1, Scientific Thinking: 1, Intellectual Curiosity: 1, Problem Solving: 4, Decision Making: 1, Networking: 1, Public Speaking: 1, Teamwork: 1, Self-Motivation: 4, Collaboration: 1, Strategic Communication: 1, Customer Service: 4'}"
John,Anderson,56797897,Venezuela,Flutter Developer,sr3,"{'hard': 'Dependency Management: 2, Animations: 2, Native Modules: 2, Continuous Integration: 2, Platform Channels: 2, RESTful APIs: 5, Debugging: 5, Custom Widgets: 2, Versioning: 2, Agile: 2, Asynchronous Programming: 5, Network Connectivity: 5, State Management: 5, Testing: 5', 'soft': 'Data Interpretation: 2, Social Skills: 5, Technology Savvy: 2, Entrepreneurial Mindset: 5, Teamwork: 5, Self-Confidence: 5, Personality Awareness: 2, Negotiation Tactics: 5, Conflict Resolution: 2, Interpersonal Communication: 5, Social Intelligence: 5, Performance Management: 5, Empathy: 5, Civic Responsibility: 5, Negotiation: 2'}"
Raymond,Myers,21299403,Mexico,RPA Developer,sr2,"{'hard': 'Testing Automation: 1, Excel VBA: 1, Data Quality Management: 4, Continuous Improvement: 4, Robotic Process Automation Frameworks: 1, Business Intelligence Tools: 4, Workflow Design: 1, Process Analysis: 1, Business Process Mapping: 1, Documentation: 1', 'soft': 'Intuition: 4, Problem Solving: 4, Analytical Thinking: 1, Task Prioritization: 1, Mentoring: 4, Emotional Intelligence: 1, Facilitation Skills: 4, Change Management: 4, Leadership: 1, Performance Management: 4, Resourcefulness: 4, Strategic Communication: 1'}"
Janet,Stark,87272593,Bolivia,Game Developer,jr,"{'hard': 'Game Prototyping: 1, Agile: 1, Graphics Programming: 1, Physics Engines: 1, Physics Simulation: 1', 'soft': 'Social Skills: 1, Task Prioritization: 1, Coaching: 1, Communication: 1, Problem Solving: 1'}"
Kim,Rodriguez,18562093,Bolivia,Test Automation Engineer,sr1,"{'hard': 'Mocking Frameworks: 1, Test Management Tools: 3, Security Testing: 1, API Testing: 1, Regression Testing: 3, JUnit: 3, Reporting Tools: 1, Defect Tracking: 1, Agile: 1, Load Testing: 3', 'soft': 'Client Management: 1, Cultural Competence: 1, Service Orientation: 3, Ethical Judgment: 1, Leadership: 3, Situational Awareness: 3, Trust Building: 3, Customer Service: 1, Positivity: 1, Visionary Thinking: 3, Writing Skills: 3, Personality Awareness: 1'}"
Juan,Wang,58286023,Chile,Flutter Developer,sr2,"{'hard': 'Internationalization: 1, App Deployment: 1, User Interface Testing: 1, UI/UX Design: 1, Native Modules: 1, Firebase: 1, Platform Channels: 1, Security Best Practices: 4, Network Connectivity: 1, Continuous Integration: 4', 'soft': 'Public Relations: 4, Situational Awareness: 1, Mentoring: 4, Writing Skills: 4, Responsibility: 4, Problem Solving: 1, Civic Responsibility: 1, Service Orientation: 1, Time Management: 1, Interpersonal Skills: 4, Technology Savvy: 4, Influencing: 4'}"
Kimberly,Henderson,31446982,Argentina,Data Engineer,sr2,"{'hard': 'Data Security: 1, Python: 4, Data Transformation: 4, SQL: 4, Data Pipeline Development: 4, Analytics Integration: 1, Data Governance: 1, NoSQL Databases: 1, Business Intelligence: 4, Data Quality Management: 4', 'soft': 'Motivational Skills: 4, Influencing: 4, Networking: 4, Problem Solving: 1, Teamwork: 4, Mentoring: 4, Active Listening: 4, Negotiation Tactics: 1, Responsibility: 4, Emotional Intelligence: 1, Negotiation: 1, Problem Analysis: 1'}"
Gabriel,Gentry,97757685,Paraguay,SQL Developer,sr3,"{'hard': 'Data Modeling: 2, Business Intelligence Tools: 5, Data Migration: 5, Database Design: 2, Oracle Database: 2, MySQL: 2, Data Structures: 2, Database Administration: 2, PL/SQL: 2, NoSQL Databases: 2, PostgreSQL: 2, Stored Procedures: 2, Data Quality Management: 2, Data Warehousing: 2', 'soft': 'Virtual Collaboration: 5, Self-Confidence: 2, Conflict Resolution: 2, Humility: 2, Authenticity: 5, Cultural Competence: 2, Emotional Resilience: 2, Conflict Management: 2, Negotiation: 2, Critical Observation: 2, Intellectual Curiosity: 5, Coaching: 5, Motivational Skills: 2, Active Listening: 5, Time Optimization: 5'}"
Kelly,Hoffman,45139895,Ecuador,NodeJs Developer,sr3,"{'hard': 'Postman: 2, WebSockets: 2, AWS: 5, Agile: 5, Data Structures: 2, Logging Frameworks: 5, Docker: 5, REST APIs: 2, CI/CD: 5, Performance Optimization: 2, Git: 5, Microservices: 2, Middleware: 2, MongoDB: 2', 'soft': 'Teamwork: 5, Problem Solving: 2, Entrepreneurial Mindset: 5, Strategic Thinking: 2, Creativity: 5, Global Awareness: 2, Intuition: 5, Positivity: 2, Situational Awareness: 5, Critical Thinking: 5, Public Relations: 5, Motivation: 5, Writing Skills: 2, Crisis Communication: 2, Integrity: 2'}"
Bridget,Shaw,62173208,Peru,Python Developer,ssr,"{'hard': 'REST APIs: 1, SQL: 2, Python: 1, Docker: 2, Django: 2', 'soft': 'Professionalism: 1, Resilience: 2, Trust Building: 1, Problem Solving: 1, Risk Management: 2'}"
Gregory,Lopez,33411844,Chile,Web Mobile Developer,sr3,"{'hard': 'Analytics Integration: 5, Git: 5, Deployment Techniques: 5, Responsive Design: 5, Performance Optimization: 2, Data Structures: 5, Application Security: 2, Progressive Web Apps (PWAs): 5, User Interface Testing: 5, Continuous Integration/Continuous Deployment (CI/CD): 5, Third-party Libraries: 5, Frontend Frameworks: 2, HTML: 2, Code Review: 5', 'soft': 'Work Ethic: 5, Goal Setting: 2, Self-Confidence: 5, Teamwork: 5, Social Intelligence: 5, Change Facilitation: 5, Leadership: 5, Decision Making: 2, Presentation Skills: 2, Time Optimization: 5, Intuition: 2, Integrity: 2, Mentoring: 5, Interpersonal Skills: 5, Influencing: 2'}"
Stephen,Barron,36379774,Colombia,Salesforce Developer,jr,"{'hard': 'Triggers: 1, REST APIs: 1, Salesforce Apex: 1, Data Structures: 1, Git: 1', 'soft': 'Situational Awareness: 1, Delegation: 1, Writing Skills: 1, Personality Awareness: 1, Interpersonal Communication: 1'}"
Lisa,Ellison,27827891,Argentina,C++ Developer,sr3,"{'hard': 'OpenGL: 5, Qt Framework: 2, Templates: 2, Automated Testing: 2, Memory Management: 2, Data Structures: 5, C++: 5, CMake: 5, OOP: 5, Debugging: 2, Boost Library: 2, Embedded Systems: 5, Multithreading: 5, Game Development: 5', 'soft': 'Innovation: 5, Civic Responsibility: 2, Stress Resilience: 2, Empathy: 2, Trustworthiness: 2, Intuition: 2, Mentoring Skills: 2, Coaching: 2, Resilience: 5, Emotional Intelligence: 2, Data Interpretation: 2, Responsibility: 5, Initiative: 2, Motivational Skills: 5, Critical Thinking: 2'}"
Scott,Mack,22186046,Peru,Sharepoint Developer,sr3,"{'hard': 'Workflow Automation: 5, C#: 5, Database Design: 2, SQL Server: 2, Microsoft Flow: 2, Integration with Third-party Services: 5, CSS: 5, HTML: 2, Data Migration: 5, Security Best Practices: 2, Debugging: 2, Team Sites: 5, PowerShell: 2, SharePoint Online: 5', 'soft': 'Negotiation Tactics: 5, Persuasion: 5, Feedback Acceptance: 2, Situational Awareness: 2, Humility: 2, Interpersonal Communication: 2, Collaboration: 5, Global Awareness: 2, Customer Service: 2, Relationship Building: 5, Visionary Leadership: 2, Work Ethic: 2, Self-Discipline: 2, Workplace Culture Awareness: 2, Public Speaking: 2'}"
Johnny,Walker,79098266,Colombia,Game Developer,jr,"{'hard': 'Version Control (Git): 1, Sound Design: 1, Gameplay Programming: 1, Unity: 1, Agile: 1', 'soft': 'Resource Allocation: 1, Conflict Management: 1, Negotiation Tactics: 1, Decision Making: 1, Goal Setting: 1'}"
Carrie,Williams,70462958,Mexico,Ruby Developer,sr1,"{'hard': 'Error Handling: 1, Debugging: 3, Data Migration: 1, Active Record: 3, Caching Techniques: 1, MVC Architecture: 1, Database Design: 1, Data Structures: 1, API Development: 3, Web Services: 3', 'soft': 'Interpersonal Communication: 1, Critical Thinking: 3, Professionalism: 1, Research Skills: 1, Emotional Intelligence: 1, Social Intelligence: 3, Personality Awareness: 3, Self-Regulation: 3, Change Facilitation: 1, Visionary Thinking: 3, Persuasion: 1, Empathy: 1'}"
Benjamin,Gomez,77478963,Paraguay,Test Automation Engineer,jr,"{'hard': 'Load Testing: 1, Data-Driven Testing: 1, API Testing: 1, Cross-Browser Testing: 1, Reporting Tools: 1', 'soft': 'Visionary Leadership: 1, Authenticity: 1, Critical Observation: 1, Research Skills: 1, Social Skills: 1'}"
Jeremy,Silva,45269676,Venezuela,Sharepoint Developer,sr1,"{'hard': 'Workflow Automation: 1, SharePoint Framework (SPFx): 1, SharePoint Designer: 3, Office 365: 1, User Interface Design: 1, SQL Server: 1, User Authentication: 1, JavaScript: 3, Data Migration: 3, Agile: 1', 'soft': 'Innovation: 1, Collaboration: 3, Empathy: 3, Public Relations: 3, Relationship Building: 3, Flexibility: 3, Performance Management: 3, Civic Responsibility: 1, Entrepreneurial Mindset: 3, Responsibility: 1, Global Awareness: 1, Persuasion: 1'}"
Daniel,Christian,62897134,Venezuela,Python Developer,sr1,"{'hard': 'Jupyter Notebooks: 1, Data Structures: 1, Python: 3, Data Mining: 1, Machine Learning: 3, Django: 3, Pandas: 3, Agile: 3, Security Best Practices: 1, Natural Language Processing (NLP): 3', 'soft': 'Influencing: 3, Ethical Judgment: 3, Entrepreneurial Mindset: 1, Service Orientation: 3, Task Prioritization: 3, Data Interpretation: 1, Creativity: 3, Conflict Management: 1, Networking Skills: 3, Conflict Resolution: 3, Strategic Communication: 3, Process Improvement: 3'}"
Jason,Watson,59036677,Colombia,IOT Platform Engineer,sr2,"{'hard': 'Data Processing: 4, Big Data Technologies: 4, Network Security: 4, Version Control: 1, Sensor Technologies: 1, Lifecycle Management: 1, Device Connectivity: 1, Testing and Validation: 4, Agile: 4, Data Visualization: 4', 'soft': 'Strategic Thinking: 1, Positivity: 1, Motivation: 1, Stress Resilience: 4, Interpersonal Skills: 4, Feedback Acceptance: 4, Technology Savvy: 4, Cognitive Flexibility: 4, Public Relations: 4, Mentoring: 1, Virtual Collaboration: 4, Performance Management: 4'}"
Anthony,Lowe,61584537,Bolivia,Data Engineer,sr1,"{'hard': 'Data Quality Management: 1, Big Data Technologies: 1, Metadata Management: 1, Data Visualization Tools (Tableau, Power BI): 3, Testing and Validation: 1, Hadoop: 3, Data Governance: 1, Python: 3, Data Modeling: 3, Data Warehousing: 3', 'soft': 'Problem Solving: 1, Trustworthiness: 3, Learning Agility: 1, Time Optimization: 3, Self-Confidence: 1, Critical Observation: 3, Negotiation Tactics: 1, Inclusivity: 1, Visionary Leadership: 1, Integrity: 1, Social Intelligence: 1, Cultural Awareness: 3'}"
Kathleen,Suarez,54973778,Paraguay,Java Developer,jr,"{'hard': 'Web Services: 1, Algorithms: 1, Kubernetes: 1, Logging Frameworks: 1, SOAP: 1', 'soft': 'Mentoring Skills: 1, Task Prioritization: 1, Creativity: 1, Delegation: 1, Personality Awareness: 1'}"
Nicholas,Martin,36291247,Paraguay,DevOps Engineer,ssr,"{'hard': 'Error Tracking: 2, Database Management: 1, Azure: 1, Networking: 2, API Management: 1', 'soft': 'Work-Life Balance: 1, Task Prioritization: 2, Research Skills: 1, Inclusivity: 1, Negotiation: 1'}"
Danny,Chapman,69533192,Uruguay,Android Mobile Developer,sr1,"{'hard': 'Test-Driven Development: 1, Coroutines: 1, MVVM: 1, UI/UX Design: 1, Kotlin: 1, XML: 3, LiveData: 1, Performance Tuning: 1, REST APIs: 3, Git: 3', 'soft': 'Adaptability to Change: 1, Analytical Thinking: 1, Interpersonal Communication: 1, Critical Thinking: 3, Service Orientation: 1, Cultural Competence: 1, Innovation: 3, Data Interpretation: 3, Trust Building: 1, Research Skills: 1, Cognitive Flexibility: 1, Scientific Thinking: 3'}"
Stephanie,Ayala,93843960,Peru,Game Developer,jr,"{'hard': 'Game Prototyping: 1, Version Control (Git): 1, User Interface Design: 1, Game Monetization: 1, Game Design: 1', 'soft': 'Social Skills: 1, Team Building: 1, Professionalism: 1, Strategic Thinking: 1, Resourcefulness: 1'}"
Melissa,Glover,14527877,Chile,Java Developer,sr3,"{'hard': 'JPA: 5, Docker: 2, Java EE: 2, Spring: 2, Maven: 2, Algorithms: 2, Git: 2, Agile: 5, Internationalization: 2, Multi-threading: 5, Microservices: 5, SOAP: 5, Logging Frameworks: 5, Java: 5', 'soft': 'Decision Making: 2, Time Management: 5, Visionary Thinking: 5, Crisis Management: 5, Mentoring Skills: 2, Networking: 2, Emotional Intelligence: 2, Diversity Awareness: 5, Negotiation Tactics: 2, Flexibility: 5, Networking Skills: 2, Presentation Skills: 2, Positivity: 2, Intuition: 2, Task Prioritization: 2'}"
Jamie,Blankenship,94720466,Bolivia,Cobol Developer,ssr,"{'hard': 'User Acceptance Testing (UAT): 2, Reporting: 1, Legacy Systems: 1, Business Logic: 2, Change Management: 2', 'soft': 'Diversity Awareness: 2, Trustworthiness: 2, Intuition: 1, Visionary Thinking: 1, Problem Solving: 1'}"
Cory,Carrillo,36311373,Mexico,Cybersecurity Engineer,sr2,"{'hard': 'Threat Modeling: 1, Mobile Security: 4, Security Information and Event Management (SIEM): 1, Data Protection: 1, Firewalls: 1, Compliance Standards (ISO, NIST): 1, Agile: 1, Cloud Security: 1, Application Hardening: 4, Intrusion Detection Systems (IDS): 4', 'soft': 'Global Awareness: 4, Integrity: 4, Entrepreneurial Mindset: 1, Self-Regulation: 4, Work Ethic: 4, Visionary Leadership: 1, Visionary Thinking: 1, Workplace Culture Awareness: 1, Change Facilitation: 1, Time Optimization: 1, Intuition: 1, Emotional Resilience: 1'}"
Edward,Yang,23164097,Uruguay,NodeJs Developer,sr1,"{'hard': 'Docker: 3, JWT: 1, Security Best Practices: 3, Data Structures: 3, Mocha: 3, Node.js: 3, Performance Optimization: 3, Unit Testing: 1, REST APIs: 3, CI/CD: 1', 'soft': 'Attention to Detail: 3, Analytical Thinking: 1, Social Intelligence: 1, Performance Management: 1, Influencing: 3, Intuition: 1, Initiative: 1, Time Optimization: 3, Workplace Culture Awareness: 1, Work-Life Balance: 3, Decision Making: 3, Time Awareness: 3'}"
Miguel,Mendoza,54370776,Ecuador,Salesforce Developer,ssr,"{'hard': 'Business Process Automation: 1, Deployment Techniques: 1, Data Structures: 1, Visualforce: 2, Sales Cloud: 2', 'soft': 'Conflict Resolution: 1, Change Management: 1, Workplace Culture Awareness: 2, Civic Engagement: 1, Decision Making: 2'}"
Sergio,Gutierrez,58941718,Peru,Cobol Developer,ssr,"{'hard': 'SQL: 1, Data Warehousing: 2, File Handling: 2, JCL: 2, Legacy Systems: 1', 'soft': 'Open-mindedness: 1, Innovation: 1, Initiative: 2, Change Management: 2, Conflict Resolution: 2'}"
Brittany,Thompson,82304610,Uruguay,Ruby Developer,jr,"{'hard': 'Responsive Design: 1, HTML: 1, Deployment Techniques: 1, Caching Techniques: 1, Version Control: 1', 'soft': 'Motivational Skills: 1, Influencing: 1, Process Improvement: 1, Emotional Intelligence: 1, Personality Awareness: 1'}"
Stephanie,Ramirez,12670996,Chile,Cloud Engineer,sr1,"{'hard': 'Cloud Architecture: 3, Serverless Computing: 1, AWS: 1, Backup and Recovery: 1, Load Balancing: 3, Database Management: 3, Automation Tools: 3, Service Mesh: 3, Docker: 1, Virtualization: 1', 'soft': 'Stress Resilience: 1, Critical Observation: 3, Networking Skills: 1, Change Facilitation: 3, Task Prioritization: 3, Crisis Management: 3, Trust Building: 3, Cognitive Flexibility: 1, Team Building: 3, Emotional Intelligence: 1, Decision Making: 3, Intuition: 1'}"
Tina,Esparza,33497106,Argentina,Cybersecurity Engineer,ssr,"{'hard': 'Endpoint Protection: 1, Security Auditing: 1, Threat Modeling: 1, Mobile Security: 1, Security Policies: 1', 'soft': 'Critical Observation: 1, Critical Thinking: 2, Work-Life Balance: 2, Emotional Intelligence: 1, Time Awareness: 2'}"
Chad,Bates,28751600,Bolivia,iOS Mobile Developer,sr2,"{'hard': 'Push Notifications: 1, Cocoa Touch: 4, Core Animation: 1, Security Best Practices: 1, Git: 4, In-App Purchases: 4, Debugging: 1, UIKit: 1, SiriKit: 1, Unit Testing: 4', 'soft': 'Social Intelligence: 1, Goal Setting: 1, Workplace Culture Awareness: 4, Stress Resilience: 1, Delegation: 1, Data Interpretation: 1, Civic Engagement: 1, Presentation Skills: 1, Self-Regulation: 4, Time Awareness: 1, Negotiation: 4, Situational Awareness: 1'}"
Frances,Harper,65702521,Peru,SQL Developer,sr2,"{'hard': 'Data Modeling: 4, Reporting Tools: 1, ETL: 1, Business Intelligence Tools: 1, Data Visualization: 1, Debugging: 4, Data Migration: 1, PostgreSQL: 1, Query Optimization: 1, Agile: 1', 'soft': 'Facilitation Skills: 1, Humility: 1, Goal Setting: 4, Attention to Detail: 1, Communication: 4, Problem Analysis: 1, Social Intelligence: 1, Coaching: 4, Social Skills: 4, Virtual Collaboration: 4, Work-Life Balance: 1, Quality Assurance: 4'}"
Susan,Stephens,30648165,Venezuela,Sharepoint Developer,sr2,"{'hard': 'Performance Optimization: 4, Database Design: 1, C#: 1, CSS: 4, Testing Automation: 4, Microsoft Flow: 4, PowerShell: 4, ASP.NET: 1, Document Libraries: 4, SharePoint Framework (SPFx): 1', 'soft': 'Critical Observation: 4, Scientific Thinking: 1, Self-Discipline: 4, Resource Allocation: 1, Trustworthiness: 1, Client Management: 4, Research Skills: 4, Time Optimization: 1, Crisis Management: 1, Decision Making: 4, Presentation Skills: 4, Collaboration: 4'}"
Zachary,White,26519549,Chile,Sharepoint Developer,sr2,"{'hard': 'Integration with Third-party Services: 4, Git: 4, Debugging: 4, Content Management: 4, PowerShell: 4, C#: 4, Security Best Practices: 4, User Authentication: 1, CSS: 4, SharePoint Designer: 4', 'soft': 'Influencing: 1, Flexibility: 1, Change Management: 4, Virtual Collaboration: 4, Visionary Thinking: 1, Performance Management: 4, Interpersonal Skills: 4, Creativity: 1, Risk Management: 4, Public Speaking: 1, Innovation: 4, Leadership: 1'}"
Kendra,Hancock,35205490,Chile,Cobol Developer,sr1,"{'hard': 'Change Management: 1, Business Logic: 3, Reporting: 1, Performance Tuning: 1, Client Interaction: 3, Mainframe: 3, JCL: 3, Data Processing: 3, CICS: 3, IBM z/OS: 1', 'soft': 'Task Prioritization: 1, Emotional Resilience: 3, Quality Assurance: 1, Creativity: 1, Cultural Awareness: 1, Feedback Delivery: 3, Change Management: 3, Trust Building: 3, Integrity: 1, Collaboration: 1, Conflict Resolution: 1, Work Ethic: 1'}"
Michael,Smith,55228920,Mexico,Game Developer,sr3,"{'hard': 'Physics Simulation: 5, Physics Engines: 2, Game Monetization: 2, Asset Management: 2, Unreal Engine: 2, Multiplayer Networking: 5, Game Optimization: 5, Version Control (Git): 5, Performance Optimization: 2, Shader Programming: 2, Sound Design: 2, Storyboarding: 5, VR/AR Development: 5, Level Design: 2', 'soft': 'Motivation: 2, Communication: 2, Decision Making: 2, Social Intelligence: 5, Social Skills: 5, Cognitive Flexibility: 5, Writing Skills: 2, Flexibility: 2, Process Improvement: 5, Initiative: 5, Change Facilitation: 5, Situational Awareness: 2, Virtual Collaboration: 5, Networking: 5, Task Prioritization: 2'}"
Ashley,Oneal,17479591,Peru,Web Mobile Developer,jr,"{'hard': 'CSS: 1, JavaScript: 1, GraphQL: 1, React Native: 1, Mobile First Design: 1', 'soft': 'Conflict Resolution: 1, Self-Regulation: 1, Cultural Awareness: 1, Conflict Management: 1, Trustworthiness: 1'}"
Daniel,Williams,23274215,Mexico,IOT Platform Engineer,sr2,"{'hard': 'Deployment Techniques: 1, Cloud Computing: 4, Embedded Systems: 4, Agile: 1, User Authentication: 1, Data Processing: 1, Lifecycle Management: 1, Interoperability Standards: 1, Version Control: 1, IoT Protocols (MQTT, CoAP): 4', 'soft': 'Influencing: 4, Integrity: 1, Cultural Awareness: 4, Conflict Resolution: 1, Work-Life Balance: 4, Resource Allocation: 1, Feedback Acceptance: 4, Critical Thinking: 4, Interpersonal Skills: 4, Civic Engagement: 1, Strategic Thinking: 4, Empathy: 4'}"
Matthew,Stone,60149891,Chile,C++ Developer,sr3,"{'hard': 'Debugging: 2, Game Development: 2, Linux Development: 5, Embedded Systems: 5, Standard Template Library (STL): 2, Unit Testing: 5, C++: 5, Code Review: 5, Memory Management: 2, System Programming: 2, Qt Framework: 5, Static and Dynamic Libraries: 2, File I/O: 5, Algorithms: 5', 'soft': 'Active Listening: 2, Public Relations: 5, Ethical Judgment: 5, Initiative: 5, Mentoring Skills: 5, Open-mindedness: 2, Process Improvement: 2, Resourcefulness: 2, Social Intelligence: 5, Attention to Detail: 2, Integrity: 2, Writing Skills: 2, Self-Discipline: 2, Adaptability to Change: 2, Performance Management: 2'}"
Hector,Carroll,47635555,Paraguay,Web UI Developer,jr,"{'hard': 'Web Design Principles: 1, Microinteractions: 1, Git: 1, REST APIs: 1, Testing Frameworks (Jest, Mocha): 1', 'soft': 'Virtual Collaboration: 1, Motivational Skills: 1, Mentoring: 1, Empathy: 1, Personality Awareness: 1'}"
Kaitlyn,Brown,37433371,Chile,Test Automation Engineer,jr,"{'hard': 'JUnit: 1, Regression Testing: 1, Mocking Frameworks: 1, Cypress: 1, Automation Strategy: 1', 'soft': 'Trustworthiness: 1, Self-Confidence: 1, Learning Agility: 1, Persuasion: 1, Virtual Collaboration: 1'}"
Michelle,Torres,27490887,Ecuador,Cobol Developer,jr,"{'hard': 'Data Structures: 1, System Integration: 1, System Analysis: 1, Change Management: 1, Version Control (Git): 1', 'soft': 'Visionary Leadership: 1, Authenticity: 1, Positivity: 1, Resource Allocation: 1, Change Management: 1'}"
Angela,French,28355267,Mexico,Python Developer,jr,"{'hard': 'Agile: 1, Algorithms: 1, Debugging: 1, Git: 1, Data Quality Assessment: 1', 'soft': 'Team Building: 1, Adaptability to Change: 1, Self-Confidence: 1, Crisis Communication: 1, Relationship Building: 1'}"
James,Benton,64736953,Paraguay,DevOps Engineer,jr,"{'hard': 'Kubernetes: 1, Infrastructure as Code (IaC): 1, Load Balancing: 1, Change Management: 1, Automation Tools: 1', 'soft': 'Diversity Awareness: 1, Change Management: 1, Strategic Thinking: 1, Goal Setting: 1, Teamwork: 1'}"
Carla,Decker,38386511,Mexico,Android Mobile Developer,sr2,"{'hard': 'Security Best Practices: 4, ProGuard: 1, MVP: 1, Agile: 4, Coroutines: 4, Performance Tuning: 1, Android Architecture Components: 1, Kotlin Coroutines: 4, XML: 4, UI/UX Design: 4', 'soft': 'Quality Assurance: 1, Self-Regulation: 4, Mentoring Skills: 4, Civic Engagement: 4, Scientific Thinking: 4, Situational Awareness: 1, Integrity: 4, Initiative: 1, Technology Savvy: 1, Interpersonal Communication: 1, Motivation: 4, Decision Making: 4'}"
Carrie,Nelson,27744589,Bolivia,Data Engineer,sr2,"{'hard': 'Data Integration Tools: 1, Testing and Validation: 4, Data Security: 1, Data Visualization Tools (Tableau, Power BI): 1, Metadata Management: 4, Data Transformation: 4, Version Control (Git): 4, NoSQL Databases: 1, ETL Processes: 1, Data Architecture: 1', 'soft': 'Client Management: 4, Crisis Management: 4, Networking Skills: 1, Personality Awareness: 1, Strategic Thinking: 4, Resilience: 1, Task Prioritization: 4, Crisis Communication: 4, Motivation: 4, Attention to Detail: 1, Analytical Thinking: 4, Responsibility: 1'}"
Joshua,Smith,89581835,Venezuela,Android Mobile Developer,jr,"{'hard': 'Android NDK: 1, JUnit: 1, Data Binding: 1, Android SDK: 1, Kotlin Coroutines: 1', 'soft': 'Global Awareness: 1, Problem Analysis: 1, Work Ethic: 1, Change Facilitation: 1, Open-mindedness: 1'}"
Barbara,Moreno,61829501,Venezuela,Sharepoint Developer,sr2,"{'hard': 'Security Best Practices: 1, SQL Server: 4, Document Libraries: 1, C#: 1, Database Design: 4, HTML: 4, Workflow Automation: 1, Git: 1, SharePoint Framework (SPFx): 1, SharePoint Designer: 1', 'soft': 'Learning Agility: 4, Cultural Awareness: 1, Critical Thinking: 1, Process Improvement: 1, Work-Life Balance: 1, Stress Resilience: 4, Networking: 1, Feedback Delivery: 1, Attention to Detail: 4, Quality Assurance: 4, Strategic Communication: 1, Interpersonal Skills: 1'}"
Deanna,Burton,82404692,Paraguay,Cloud Engineer,jr,"{'hard': 'Google Cloud Platform: 1, Kubernetes: 1, Resource Allocation: 1, Performance Tuning: 1, Serverless Computing: 1', 'soft': 'Crisis Management: 1, Stress Management: 1, Diversity Awareness: 1, Adaptability to Change: 1, Social Intelligence: 1'}"
Regina,Hamilton,32451203,Bolivia,Test Automation Engineer,jr,"{'hard': 'TestNG: 1, Integration Testing: 1, Cross-Browser Testing: 1, Debugging: 1, Defect Tracking: 1', 'soft': 'Cultural Awareness: 1, Time Management: 1, Change Facilitation: 1, Process Improvement: 1, Data Interpretation: 1'}"
Justin,Cook,22579930,Peru,C++ Developer,sr1,"{'hard': 'Boost Library: 3, Graphics Programming: 1, Automated Testing: 3, Debugging: 1, Templates: 3, Unit Testing: 3, Standard Template Library (STL): 3, OpenGL: 3, OOP: 3, Code Review: 1', 'soft': 'Motivational Skills: 3, Adaptability to Change: 3, Feedback Acceptance: 1, Integrity: 1, Cultural Awareness: 1, Interpersonal Communication: 1, Open-mindedness: 3, Self-Confidence: 1, Teamwork: 3, Creativity: 3, Networking Skills: 3, Crisis Management: 1'}"
Robert,Smith,46889453,Bolivia,Salesforce Developer,sr3,"{'hard': 'Salesforce DX: 5, Security Best Practices: 5, API Development: 2, Sales Cloud: 2, Triggers: 5, Salesforce CRM: 5, Lightning Components: 5, Change Sets: 2, SOQL: 5, User Interface Design: 5, REST APIs: 5, Workflows: 2, Data Migration: 2, Version Control: 5', 'soft': 'Adaptability: 5, Creativity: 5, Analytical Thinking: 2, Crisis Management: 5, Flexibility: 2, Stress Resilience: 2, Virtual Collaboration: 2, Situational Awareness: 2, Public Relations: 5, Attention to Detail: 5, Positivity: 5, Entrepreneurial Mindset: 5, Conflict Resolution: 2, Initiative: 2, Problem Analysis: 2'}"
Mandy,Johns,61903003,Colombia,Cybersecurity Engineer,sr2,"{'hard': 'Application Security: 4, Penetration Testing: 4, Vulnerability Assessment: 4, Data Protection: 4, Security Information and Event Management (SIEM): 1, Forensics: 4, Agile: 1, Malware Analysis: 1, DevSecOps: 1, Scripting (Python, PowerShell): 4', 'soft': 'Conflict Management: 4, Teamwork: 4, Empathy: 4, Problem Analysis: 1, Stress Management: 4, Self-Regulation: 4, Leadership: 1, Situational Awareness: 4, Open-mindedness: 4, Cultural Awareness: 1, Time Management: 1, Integrity: 1'}"
Tricia,Ramirez,88804396,Colombia,Cybersecurity Engineer,sr2,"{'hard': 'Network Security: 4, DevSecOps: 1, Security Auditing: 4, Compliance Standards (ISO, NIST): 4, Vulnerability Assessment: 4, Agile: 4, Network Protocols: 1, Threat Modeling: 1, Firewalls: 1, Encryption Techniques: 1', 'soft': 'Adaptability to Change: 4, Integrity: 1, Empathy: 4, Facilitation Skills: 1, Work Ethic: 4, Innovation: 1, Situational Awareness: 4, Intellectual Curiosity: 4, Delegation: 1, Cultural Awareness: 1, Public Relations: 1, Ethical Judgment: 4'}"
Mark,Austin,71359873,Mexico,Salesforce Developer,jr,"{'hard': 'Debugging: 1, Salesforce CRM: 1, Testing Frameworks: 1, Lightning Components: 1, Business Process Automation: 1', 'soft': 'Persuasion: 1, Virtual Collaboration: 1, Motivation: 1, Trustworthiness: 1, Work-Life Balance: 1'}"
Kristi,Harrison,57521180,Uruguay,Flutter Developer,sr2,"{'hard': 'Cross-Platform Development: 4, Internationalization: 1, Agile: 4, RESTful APIs: 1, Dart: 4, Accessibility Features: 4, Versioning: 4, User Interface Testing: 1, App Deployment: 4, Code Refactoring: 4', 'soft': 'Cultural Awareness: 1, Change Management: 1, Cognitive Flexibility: 4, Civic Engagement: 1, Intellectual Curiosity: 1, Integrity: 4, Responsibility: 1, Quality Assurance: 4, Attention to Detail: 1, Entrepreneurial Mindset: 4, Time Awareness: 1, Negotiation: 4'}"
Steven,Phillips,54861262,Colombia,RPA Developer,ssr,"{'hard': 'Java: 2, Client Interaction: 2, Continuous Improvement: 1, Agile: 2, Business Process Mapping: 1', 'soft': 'Strategic Thinking: 2, Change Facilitation: 2, Customer Service: 1, Mentoring: 2, Negotiation Tactics: 2'}"
Rhonda,Burke,55897153,Peru,Salesforce Developer,sr3,"{'hard': 'User Authentication: 2, Debugging: 5, SOQL: 2, Integration with Third-party Services: 2, Triggers: 2, Lightning Web Components: 5, Security Best Practices: 2, Process Builder: 2, Version Control: 5, Salesforce DX: 5, API Development: 5, Reports and Dashboards: 5, REST APIs: 2, Business Process Automation: 5', 'soft': 'Research Skills: 2, Team Building: 5, Global Awareness: 5, Resource Allocation: 2, Social Skills: 2, Feedback Acceptance: 5, Public Relations: 2, Time Management: 5, Process Improvement: 2, Cognitive Flexibility: 5, Problem Analysis: 5, Technology Savvy: 2, Trust Building: 2, Ethical Judgment: 5, Presentation Skills: 5'}"
Madeline,Phillips,96149769,Uruguay,Cloud Engineer,sr3,"{'hard': 'Service Mesh: 5, Event-Driven Architecture: 5, Docker: 5, Disaster Recovery Planning: 2, Scripting (Python, Bash): 2, Application Networking: 5, Virtualization: 5, Security Best Practices: 2, Database Management: 2, Automation Tools: 5, Cloud Security: 5, Infrastructure as Code (IaC): 5, Cloud Migration: 2, Load Balancing: 5', 'soft': 'Open-mindedness: 2, Feedback Delivery: 5, Scientific Thinking: 5, Negotiation Tactics: 2, Feedback Acceptance: 5, Flexibility: 5, Decision Making: 2, Stress Resilience: 5, Personality Awareness: 2, Entrepreneurial Mindset: 2, Interpersonal Communication: 2, Interpersonal Skills: 2, Professionalism: 2, Strategic Communication: 5, Quality Assurance: 5'}"
Barbara,Espinoza,30417133,Venezuela,IOT Platform Engineer,sr1,"{'hard': 'Firmware Development: 3, Data Analytics: 3, Big Data Technologies: 1, Database Management: 1, User Authentication: 1, Data Visualization: 1, Device Connectivity: 3, Agile: 3, Sensor Technologies: 3, Analytics Integration: 1', 'soft': 'Personality Awareness: 3, Decision Making: 1, Strategic Thinking: 3, Crisis Management: 3, Adaptability to Change: 3, Scientific Thinking: 1, Integrity: 1, Work Ethic: 1, Networking Skills: 1, Self-Motivation: 3, Interpersonal Skills: 3, Performance Management: 3'}"
Amy,Ramirez,98962591,Bolivia,Cobol Developer,ssr,"{'hard': 'Performance Tuning: 1, System Analysis: 1, Reporting: 2, Change Management: 1, VSAM: 2', 'soft': 'Decision Making: 1, Innovation: 1, Influencing: 2, Integrity: 2, Public Speaking: 1'}"
Lynn,Murphy,63609917,Colombia,Python Developer,sr1,"{'hard': 'Agile: 1, Pytorch: 3, Django: 3, Flask: 3, Web Scraping: 1, Algorithms: 1, Git: 1, Python: 1, Spark: 1, APIs: 1', 'soft': 'Self-Regulation: 3, Adaptability to Change: 1, Data Interpretation: 1, Visionary Thinking: 1, Leadership: 3, Active Listening: 3, Strategic Communication: 1, Quality Assurance: 3, Change Management: 1, Research Skills: 3, Conflict Resolution: 1, Time Management: 3'}"
Erica,Henderson,41502019,Bolivia,Python Developer,sr2,"{'hard': 'REST APIs: 4, Algorithms: 4, TensorFlow: 4, APIs: 4, Pytorch: 4, Data Engineering: 1, Agile: 4, Security Best Practices: 1, Machine Learning: 1, Flask: 1', 'soft': 'Cultural Awareness: 4, Emotional Intelligence: 1, Strategic Communication: 4, Emotional Resilience: 1, Facilitation Skills: 4, Civic Engagement: 4, Feedback Delivery: 1, Stress Resilience: 4, Decision Making: 1, Coaching: 1, Public Speaking: 4, Resilience: 1'}"
Haley,Brooks,62257515,Peru,Python Developer,sr1,"{'hard': 'Spark: 3, REST APIs: 3, Data Engineering: 1, Pandas: 3, Machine Learning: 3, Data Mining: 3, Data Analysis: 1, Jupyter Notebooks: 1, Security Best Practices: 3, TensorFlow: 3', 'soft': 'Innovation: 1, Stress Resilience: 1, Interpersonal Communication: 3, Technology Savvy: 3, Diversity Awareness: 3, Attention to Detail: 1, Inclusivity: 1, Customer Service: 3, Presentation Skills: 1, Networking Skills: 3, Negotiation Tactics: 1, Personality Awareness: 1'}"
Julie,Shepherd,68482796,Bolivia,IOT Platform Engineer,jr,"{'hard': 'Testing and Validation: 1, Analytics Integration: 1, User Authentication: 1, Real-time Data Processing: 1, Deployment Techniques: 1', 'soft': 'Teamwork: 1, Crisis Communication: 1, Communication: 1, Collaboration: 1, Critical Thinking: 1'}"
Jeffrey,Wall,96873028,Bolivia,RPA Developer,sr1,"{'hard': 'User Training: 3, Data Quality Management: 1, SQL: 3, Data Extraction: 1, Scripting: 1, Continuous Improvement: 1, Security Best Practices: 3, Automation Anywhere: 3, Excel VBA: 1, Version Control: 1', 'soft': 'Coaching: 1, Change Facilitation: 1, Ethical Judgment: 1, Technology Savvy: 3, Inclusivity: 1, Intuition: 3, Self-Discipline: 3, Feedback Acceptance: 3, Intellectual Curiosity: 1, Emotional Intelligence: 3, Critical Observation: 1, Decision Making: 1'}"
Natalie,Elliott,46827873,Colombia,Android Mobile Developer,jr,"{'hard': 'Flutter: 1, Constraint Layout: 1, Coroutines: 1, Motion Layout: 1, UI/UX Design: 1', 'soft': 'Social Skills: 1, Scientific Thinking: 1, Positivity: 1, Negotiation Tactics: 1, Task Prioritization: 1'}"
Mark,Thomas,81165249,Chile,SQL Developer,ssr,"{'hard': 'Query Optimization: 2, Data Modeling: 1, NoSQL Databases: 2, Business Intelligence Tools: 1, SQL: 1', 'soft': 'Cultural Competence: 1, Self-Motivation: 1, Negotiation: 2, Humility: 1, Open-mindedness: 2'}"
Charles,Hicks,72163208,Peru,Ruby Developer,jr,"{'hard': 'Database Design: 1, Task Scheduling: 1, Object-Oriented Programming: 1, Integration with Third-party APIs: 1, Middleware: 1', 'soft': 'Initiative: 1, Feedback Acceptance: 1, Global Awareness: 1, Collaboration: 1, Mentoring Skills: 1'}"
Carly,Young,57144484,Bolivia,.Net Developer,sr3,"{'hard': 'Entity Framework: 2, ASP.NET: 5, User Authentication: 5, Microservices: 5, Version Control (Git): 5, Agile: 5, Entity Framework Core: 5, Cloud Services (Azure): 2, WCF: 5, Web Services: 2, DevOps: 5, .NET Framework: 5, Containerization: 2, Application Lifecycle Management: 2', 'soft': 'Scientific Thinking: 5, Communication: 5, Intellectual Curiosity: 2, Goal Setting: 2, Networking Skills: 2, Open-mindedness: 2, Service Orientation: 5, Negotiation: 2, Interpersonal Communication: 2, Civic Responsibility: 2, Facilitation Skills: 2, Conflict Management: 5, Motivation: 2, Interpersonal Skills: 2, Collaboration: 2'}"
Taylor,Smith,11227235,Ecuador,Game Developer,sr2,"{'hard': 'C#: 1, Version Control (Git): 4, Storyboarding: 4, 3D Modeling: 4, Procedural Generation: 1, Game Design: 4, Agile: 1, Physics Simulation: 1, Animation: 4, Live Ops: 1', 'soft': 'Civic Responsibility: 4, Intellectual Curiosity: 4, Delegation: 1, Visionary Leadership: 1, Process Improvement: 4, Negotiation Tactics: 4, Motivation: 4, Public Relations: 4, Time Optimization: 1, Mentoring Skills: 4, Influencing: 4, Social Skills: 4'}"
Lisa,Henson,24371711,Ecuador,DevOps Engineer,sr3,"{'hard': 'Azure: 2, Microservices Architecture: 2, Database Management: 2, Version Control (Git): 2, Networking: 5, Backup Strategies: 5, Server Management: 2, Infrastructure as Code (IaC): 2, Disaster Recovery: 2, Custom Scripts: 2, Collaboration Tools: 2, Incident Management: 2, Monitoring and Logging: 5, Continuous Integration/Continuous Deployment (CI/CD): 2', 'soft': 'Networking: 5, Task Prioritization: 5, Mentoring: 2, Scientific Thinking: 5, Inclusivity: 5, Service Orientation: 5, Intellectual Curiosity: 2, Authenticity: 2, Problem Analysis: 5, Professionalism: 2, Innovation: 2, Initiative: 5, Process Improvement: 5, Emotional Resilience: 2, Self-Discipline: 5'}"
Carl,Miller,87414605,Chile,SQL Developer,jr,"{'hard': 'Backup and Recovery: 1, SQL: 1, Database Administration: 1, Oracle Database: 1, Integration with Third-party Tools: 1', 'soft': 'Social Intelligence: 1, Team Building: 1, Flexibility: 1, Scientific Thinking: 1, Public Relations: 1'}"
Brandon,Miller,67981725,Venezuela,Flutter Developer,sr2,"{'hard': 'Platform Channels: 4, Version Control (Git): 4, Third-party Libraries: 1, Continuous Integration: 4, Accessibility Features: 4, RESTful APIs: 1, Internationalization: 4, State Management: 1, Testing: 4, Integration Testing: 4', 'soft': 'Stress Management: 4, Feedback Acceptance: 1, Conflict Resolution: 1, Networking: 1, Initiative: 4, Strategic Thinking: 1, Social Skills: 1, Negotiation: 1, Professionalism: 1, Collaboration: 1, Influencing: 4, Leadership: 4'}"
Julie,Deleon,18317155,Paraguay,Ruby Developer,sr2,"{'hard': 'REST APIs: 1, Database Design: 4, Web Services: 1, Performance Optimization: 4, Ruby on Rails: 4, Task Scheduling: 4, Data Structures: 4, Object-Oriented Programming: 1, JavaScript: 4, MVC Architecture: 4', 'soft': 'Risk Management: 1, Teamwork: 4, Authenticity: 4, Civic Responsibility: 1, Networking: 1, Motivation: 1, Personality Awareness: 1, Strategic Communication: 1, Humility: 1, Mentoring Skills: 1, Social Skills: 4, Trustworthiness: 4'}"
Brianna,Phillips,31621128,Venezuela,IOT Platform Engineer,sr3,"{'hard': 'Device Connectivity: 2, Data Visualization: 5, Agile: 2, Embedded Systems: 2, Interoperability Standards: 5, Cloud Computing: 2, Edge Computing: 5, Database Management: 5, Network Security: 5, Deployment Techniques: 2, IoT Protocols (MQTT, CoAP): 5, Real-time Data Processing: 5, Telemetry: 5, Device Management: 5', 'soft': 'Analytical Thinking: 2, Writing Skills: 2, Cognitive Flexibility: 2, Conflict Management: 5, Work Ethic: 5, Resilience: 5, Change Facilitation: 5, Empathy: 5, Mentoring: 2, Resourcefulness: 5, Workplace Culture Awareness: 5, Social Skills: 2, Active Listening: 2, Visionary Leadership: 2, Initiative: 2'}"
Crystal,Parks,73688769,Mexico,Python Developer,ssr,"{'hard': 'NumPy: 2, SQL: 1, Pytorch: 1, Pandas: 2, Docker: 2', 'soft': 'Self-Motivation: 2, Personality Awareness: 1, Interpersonal Communication: 1, Workplace Culture Awareness: 2, Adaptability: 1'}"
Heather,Griffin,68090285,Bolivia,Cybersecurity Engineer,sr1,"{'hard': 'Incident Response: 3, Data Protection: 1, Compliance Standards (ISO, NIST): 1, Network Protocols: 1, Cloud Security: 3, Intrusion Detection Systems (IDS): 3, Malware Analysis: 1, Data Loss Prevention (DLP): 3, Scripting (Python, PowerShell): 3, Security Frameworks (CIS, OWASP): 1', 'soft': 'Attention to Detail: 1, Open-mindedness: 1, Mentoring: 3, Task Prioritization: 3, Quality Assurance: 1, Cultural Competence: 3, Social Intelligence: 3, Teamwork: 3, Mentoring Skills: 1, Self-Regulation: 1, Flexibility: 1, Empathy: 3'}"
Rachel,Cain,76385500,Peru,Android Mobile Developer,ssr,"{'hard': 'JUnit: 1, Security Best Practices: 2, Git: 1, Kotlin: 1, Java: 1', 'soft': 'Visionary Leadership: 2, Cultural Competence: 2, Adaptability to Change: 1, Critical Thinking: 2, Self-Discipline: 2'}"
Amanda,Leonard,39569697,Paraguay,Cloud Engineer,sr2,"{'hard': 'Google Cloud Platform: 4, Cost Optimization: 1, Database Management: 1, Infrastructure as Code (IaC): 4, Service Mesh: 4, Kubernetes: 4, Monitoring and Logging: 4, Configuration Management: 4, Backup and Recovery: 1, DevOps: 1', 'soft': 'Process Improvement: 4, Positivity: 4, Civic Responsibility: 4, Professionalism: 1, Emotional Resilience: 1, Mentoring: 1, Presentation Skills: 1, Resourcefulness: 4, Crisis Management: 1, Creativity: 1, Service Orientation: 1, Entrepreneurial Mindset: 1'}"
Daniel,Anderson,79266881,Ecuador,Game Developer,sr3,"{'hard': 'Unity: 5, User Interface Design: 5, Procedural Generation: 5, Animation: 5, Game Design: 5, Version Control (Git): 2, Physics Simulation: 2, Debugging: 5, Cross-platform Development: 5, Shader Programming: 5, Visual Scripting: 5, Game Prototyping: 2, AI Programming: 5, Live Ops: 5', 'soft': 'Resourcefulness: 5, Personality Awareness: 2, Work-Life Balance: 5, Work Ethic: 2, Situational Awareness: 5, Task Prioritization: 5, Writing Skills: 2, Global Awareness: 5, Social Intelligence: 2, Technology Savvy: 5, Social Skills: 2, Quality Assurance: 2, Communication: 2, Visionary Thinking: 2, Delegation: 5'}"
Ricky,Thomas,85889957,Ecuador,SQL Developer,sr3,"{'hard': 'Database Administration: 2, MySQL: 5, SQL: 2, Data Quality Management: 5, Backup and Recovery: 5, Data Visualization: 2, PostgreSQL: 2, SQL Server: 2, PL/SQL: 2, Indexing: 2, Triggers: 5, Stored Procedures: 5, Data Modeling: 5, Data Analysis: 2', 'soft': 'Authenticity: 2, Integrity: 5, Critical Thinking: 2, Negotiation: 2, Self-Regulation: 5, Motivational Skills: 2, Creativity: 2, Strategic Communication: 5, Scientific Thinking: 2, Visionary Thinking: 5, Team Building: 5, Collaboration: 2, Resourcefulness: 5, Mentoring: 5, Presentation Skills: 5'}"
James,West,89512908,Uruguay,Web Mobile Developer,jr,"{'hard': 'Accessibility Standards: 1, Authentication Mechanisms: 1, Service Workers: 1, Third-party Libraries: 1, Git: 1', 'soft': 'Motivational Skills: 1, Research Skills: 1, Stress Resilience: 1, Humility: 1, Open-mindedness: 1'}"
Rebecca,Bowen,14911154,Ecuador,RPA Developer,sr1,"{'hard': 'Data Extraction: 1, Data Manipulation: 1, Blue Prism: 1, Reporting: 3, Workflow Design: 1, Excel VBA: 3, Process Analysis: 1, Debugging: 1, Business Intelligence Tools: 1, Robotic Process Automation Frameworks: 1', 'soft': 'Creativity: 1, Strategic Communication: 1, Global Awareness: 3, Research Skills: 1, Empathy: 1, Scientific Thinking: 3, Emotional Resilience: 3, Analytical Thinking: 3, Facilitation Skills: 1, Decision Making: 1, Innovation: 3, Professionalism: 3'}"
Courtney,Fernandez,49248153,Chile,DevOps Engineer,ssr,"{'hard': 'Monitoring and Logging: 1, Version Control (Git): 1, Networking: 2, Collaboration Tools: 1, Release Management: 1', 'soft': 'Writing Skills: 1, Scientific Thinking: 2, Public Relations: 2, Motivational Skills: 1, Work Ethic: 1'}"
Aaron,Ellison,71087083,Venezuela,Cobol Developer,jr,"{'hard': 'Batch Processing: 1, File Handling: 1, Data Processing: 1, Data Mapping: 1, COBOL: 1', 'soft': 'Conflict Management: 1, Responsibility: 1, Risk Management: 1, Professionalism: 1, Goal Setting: 1'}"
Alexis,Kent,92262132,Peru,Cybersecurity Engineer,sr1,"{'hard': 'Malware Analysis: 1, Agile: 1, Data Loss Prevention (DLP): 1, Incident Management: 3, Mobile Security: 1, Authentication Mechanisms: 3, Security Information and Event Management (SIEM): 1, Threat Modeling: 1, Security Policies: 1, Penetration Testing: 1', 'soft': 'Flexibility: 1, Integrity: 3, Self-Motivation: 1, Networking Skills: 1, Decision Making: 3, Cultural Awareness: 3, Personality Awareness: 3, Work-Life Balance: 1, Empathy: 3, Interpersonal Communication: 3, Responsibility: 1, Authenticity: 1'}"
Hunter,Freeman,43152764,Venezuela,PHP Developer,sr2,"{'hard': 'HTML: 1, Caching Techniques: 1, Debugging: 1, PHP: 4, REST APIs: 4, Laravel: 4, Version Control: 1, Data Structures: 4, Composer: 4, Session Management: 4', 'soft': 'Self-Discipline: 4, Negotiation: 1, Stress Resilience: 1, Resource Allocation: 4, Diversity Awareness: 4, Self-Confidence: 1, Professionalism: 1, Emotional Intelligence: 1, Facilitation Skills: 1, Delegation: 1, Adaptability to Change: 4, Creativity: 1'}"
Taylor,Boyer,12899775,Paraguay,Ruby Developer,jr,"{'hard': 'Version Control: 1, Agile: 1, SQL: 1, Responsive Design: 1, Deployment Techniques: 1', 'soft': 'Negotiation: 1, Professionalism: 1, Crisis Communication: 1, Resource Allocation: 1, Influencing: 1'}"
Richard,Adams,56737926,Peru,C++ Developer,sr1,"{'hard': 'Templates: 3, Boost Library: 3, Data Structures: 1, Windows API: 3, Memory Management: 1, Concurrency: 1, Profiling: 1, Version Control (Git): 3, Unit Testing: 3, Code Review: 3', 'soft': 'Interpersonal Communication: 3, Stress Resilience: 3, Writing Skills: 3, Coaching: 1, Critical Thinking: 1, Positivity: 3, Intuition: 3, Change Management: 1, Adaptability: 1, Resource Allocation: 1, Cognitive Flexibility: 3, Responsibility: 1'}"
Amanda,Williams,87267694,Chile,Web Mobile Developer,jr,"{'hard': 'Data Structures: 1, Progressive Web Apps (PWAs): 1, WebSockets: 1, REST APIs: 1, Authentication Mechanisms: 1', 'soft': 'Teamwork: 1, Integrity: 1, Responsibility: 1, Flexibility: 1, Social Intelligence: 1'}"
Anthony,Mayer,58632763,Peru,Test Automation Engineer,sr1,"{'hard': 'Behavior-Driven Development (BDD): 3, CI/CD: 3, Automation Strategy: 1, Cypress: 1, Load Testing: 1, Cloud Testing: 1, Integration Testing: 3, Mocking Frameworks: 3, Continuous Testing: 3, Selenium: 1', 'soft': 'Feedback Acceptance: 3, Client Management: 3, Adaptability to Change: 1, Analytical Thinking: 3, Data Interpretation: 1, Adaptability: 1, Interpersonal Communication: 3, Networking Skills: 1, Open-mindedness: 1, Personality Awareness: 1, Emotional Resilience: 3, Self-Discipline: 1'}"
John,Phillips,64456125,Mexico,iOS Mobile Developer,sr2,"{'hard': 'UIKit: 4, Multithreading: 1, Xcode: 4, Network Connectivity: 4, Design Patterns: 1, Swift: 4, Auto Layout: 1, Cocoa Touch: 1, Security Best Practices: 1, SwiftUI: 4', 'soft': 'Decision Making: 1, Social Skills: 1, Crisis Management: 1, Relationship Building: 4, Networking: 4, Inclusivity: 1, Creativity: 4, Motivation: 4, Trust Building: 4, Conflict Management: 4, Emotional Resilience: 1, Adaptability to Change: 4'}"
Robert,Pierce,28790257,Paraguay,Java Developer,jr,"{'hard': 'JUnit: 1, Design Patterns: 1, Cloud Services: 1, Agile: 1, JPA: 1', 'soft': 'Critical Observation: 1, Critical Thinking: 1, Public Speaking: 1, Trustworthiness: 1, Learning Agility: 1'}"
Sarah,Buchanan,52092933,Uruguay,DevOps Engineer,sr3,"{'hard': 'API Management: 5, Docker: 2, Agile: 5, Performance Tuning: 2, Database Management: 5, Security Best Practices: 2, Configuration Management: 2, Load Balancing: 5, Testing Automation: 5, Application Performance Monitoring (APM): 2, Site Reliability Engineering (SRE): 5, Cloud Services: 5, Custom Scripts: 5, Azure: 2', 'soft': 'Inclusivity: 2, Feedback Acceptance: 5, Civic Responsibility: 2, Risk Management: 2, Delegation: 2, Change Facilitation: 5, Resourcefulness: 5, Stress Management: 2, Intuition: 5, Influencing: 2, Self-Motivation: 5, Critical Thinking: 5, Facilitation Skills: 5, Self-Discipline: 2, Interpersonal Skills: 2'}"
Suzanne,Gross,11669682,Paraguay,Cloud Engineer,ssr,"{'hard': 'Monitoring and Logging: 2, DevOps: 2, Service Mesh: 2, Networking: 2, Virtualization: 2', 'soft': 'Diversity Awareness: 1, Adaptability to Change: 1, Self-Regulation: 1, Crisis Communication: 2, Process Improvement: 1'}"
Christian,Aguilar,14178816,Venezuela,C++ Developer,sr1,"{'hard': 'Embedded Systems: 3, Compiler Optimization: 1, Templates: 3, Profiling: 1, Automated Testing: 1, Debugging: 3, System Programming: 3, File I/O: 1, Boost Library: 3, Graphics Programming: 1', 'soft': 'Time Awareness: 3, Time Optimization: 1, Interpersonal Communication: 3, Communication: 1, Work-Life Balance: 3, Mentoring: 3, Interpersonal Skills: 1, Presentation Skills: 3, Client Management: 1, Writing Skills: 3, Change Management: 1, Trust Building: 3'}"
Alexander,Greene,70601285,Chile,Cloud Engineer,sr3,"{'hard': 'Cloud Security: 2, Docker: 2, Virtualization: 5, Kubernetes: 2, DevOps: 5, Database Management: 2, Google Cloud Platform: 5, Security Best Practices: 5, Monitoring and Logging: 2, Scripting (Python, Bash): 5, Event-Driven Architecture: 5, Infrastructure as Code (IaC): 5, Azure: 5, Performance Tuning: 5', 'soft': 'Conflict Resolution: 5, Initiative: 2, Mentoring: 2, Open-mindedness: 2, Civic Engagement: 2, Responsibility: 2, Self-Motivation: 2, Personality Awareness: 5, Intuition: 5, Emotional Intelligence: 2, Social Intelligence: 5, Work Ethic: 2, Creativity: 2, Emotional Resilience: 2, Social Skills: 5'}"
Caitlin,Johnson,85692628,Uruguay,SQL Developer,sr2,"{'hard': 'SQL Server: 1, Data Warehousing: 1, Backup and Recovery: 1, Performance Tuning: 1, PostgreSQL: 4, Data Governance: 4, Debugging: 1, Integration with Third-party Tools: 1, Data Quality Management: 1, Query Optimization: 4', 'soft': 'Client Management: 4, Goal Setting: 4, Learning Agility: 4, Innovation: 1, Persuasion: 1, Emotional Intelligence: 1, Virtual Collaboration: 4, Mentoring: 1, Interpersonal Skills: 4, Responsibility: 4, Trustworthiness: 4, Feedback Delivery: 4'}"
Brittany,Nelson,59416923,Paraguay,Salesforce Developer,sr3,"{'hard': 'Visualforce: 5, Service Cloud: 2, Salesforce DX: 2, Data Migration: 2, Community Cloud: 5, REST APIs: 5, Custom Objects: 2, Business Process Automation: 5, User Authentication: 5, Data Modeling: 2, Workflows: 5, Debugging: 2, Reports and Dashboards: 2, API Development: 5', 'soft': 'Team Building: 5, Strategic Thinking: 5, Feedback Acceptance: 2, Interpersonal Skills: 2, Relationship Building: 2, Task Prioritization: 2, Resource Allocation: 2, Change Management: 5, Facilitation Skills: 2, Time Awareness: 2, Time Management: 2, Stress Management: 2, Creativity: 5, Self-Motivation: 2, Learning Agility: 2'}"
Nicholas,Harper,82834712,Argentina,C++ Developer,ssr,"{'hard': 'Static and Dynamic Libraries: 2, Game Development: 2, Embedded Systems: 1, Compiler Optimization: 1, Qt Framework: 2', 'soft': 'Attention to Detail: 1, Technology Savvy: 1, Leadership: 1, Self-Discipline: 2, Intuition: 2'}"
Chad,Hunt,52780214,Argentina,Java Developer,sr2,"{'hard': 'JavaFX: 1, Maven: 1, JPA: 4, API Development: 4, Hibernate: 1, Algorithms: 4, REST APIs: 1, Cloud Services: 4, Logging Frameworks: 4, Kubernetes: 1', 'soft': 'Mentoring: 4, Networking: 1, Work Ethic: 1, Workplace Culture Awareness: 1, Crisis Management: 1, Teamwork: 4, Resource Allocation: 1, Adaptability to Change: 4, Social Intelligence: 4, Adaptability: 1, Strategic Thinking: 4, Emotional Resilience: 4'}"
Brian,Peterson,25132427,Uruguay,Web UI Developer,jr,"{'hard': 'Web Design Principles: 1, Front-End Frameworks: 1, Agile: 1, JavaScript: 1, REST APIs: 1', 'soft': 'Interpersonal Skills: 1, Active Listening: 1, Workplace Culture Awareness: 1, Humility: 1, Crisis Management: 1'}"
Tony,Harrison,52700036,Uruguay,.Net Developer,sr2,"{'hard': 'ASP.NET: 4, Code Review: 1, SQL Server: 1, Agile: 1, JavaScript: 4, MVC: 1, TDD: 4, Version Control (Git): 4, User Authentication: 4, SignalR: 4', 'soft': 'Empathy: 1, Ethical Judgment: 1, Persuasion: 1, Mentoring: 4, Visionary Thinking: 1, Facilitation Skills: 1, Interpersonal Skills: 4, Time Management: 1, Negotiation Tactics: 1, Interpersonal Communication: 1, Cultural Awareness: 1, Innovation: 1'}"
Jonathan,Lucas,14973122,Ecuador,Java Developer,ssr,"{'hard': 'Spring: 1, Spring Boot: 2, Data Access Layer: 1, Dependency Injection: 2, Thread Management: 2', 'soft': 'Positivity: 2, Stress Management: 1, Social Skills: 1, Process Improvement: 1, Client Management: 1'}"
Tracey,Holmes,45925583,Mexico,Sharepoint Developer,ssr,"{'hard': 'Office 365: 1, SharePoint Designer: 1, Agile: 1, Debugging: 1, REST APIs: 1', 'soft': 'Civic Engagement: 1, Negotiation: 2, Time Awareness: 1, Visionary Leadership: 1, Goal Setting: 1'}"
Heidi,Christensen,73779352,Uruguay,Python Developer,sr2,"{'hard': 'Unit Testing: 1, Debugging: 4, Data Analysis: 4, Jupyter Notebooks: 1, Data Mining: 4, Flask: 1, Selenium: 1, NumPy: 1, Data Visualization: 4, Spark: 4', 'soft': 'Self-Confidence: 1, Decision Making: 4, Inclusivity: 1, Work Ethic: 4, Feedback Delivery: 1, Performance Management: 4, Innovation: 4, Attention to Detail: 1, Task Prioritization: 4, Creativity: 1, Communication: 1, Work-Life Balance: 1'}"
Bryan,Martinez,40518273,Venezuela,Web Mobile Developer,sr3,"{'hard': 'Debugging: 5, Code Review: 2, State Management: 5, Authentication Mechanisms: 2, Responsive Design: 5, Mobile First Design: 5, CSS: 2, HTML: 2, Deployment Techniques: 5, Data Structures: 5, Local Storage: 5, Application Security: 2, React Native: 2, Testing Frameworks: 5', 'soft': 'Team Building: 2, Integrity: 2, Problem Solving: 2, Creativity: 5, Performance Management: 5, Attention to Detail: 5, Leadership: 5, Critical Observation: 5, Presentation Skills: 2, Strategic Communication: 2, Change Facilitation: 5, Feedback Acceptance: 2, Flexibility: 2, Learning Agility: 2, Feedback Delivery: 2'}"
Brandon,Ross,15818983,Venezuela,NodeJs Developer,ssr,"{'hard': 'Kubernetes: 2, Unit Testing: 2, Redis: 2, Node.js: 2, GraphQL: 1', 'soft': 'Resource Allocation: 2, Coaching: 1, Humility: 2, Customer Service: 2, Client Management: 2'}"
Miguel,Rogers,93589087,Colombia,Android Mobile Developer,sr1,"{'hard': 'Gradle: 1, Data Binding: 1, Retrofit: 3, Security Best Practices: 1, Firebase: 1, Android Architecture Components: 1, MVVM: 1, Java: 1, Flutter: 3, SQLite: 1', 'soft': 'Goal Setting: 3, Motivation: 1, Virtual Collaboration: 1, Mentoring: 1, Situational Awareness: 3, Task Prioritization: 3, Global Awareness: 1, Data Interpretation: 3, Facilitation Skills: 3, Writing Skills: 3, Workplace Culture Awareness: 3, Authenticity: 1'}"
Donna,Sanchez,64450082,Argentina,NodeJs Developer,jr,"{'hard': 'Express.js: 1, Unit Testing: 1, Data Structures: 1, Middleware: 1, SQL: 1', 'soft': 'Visionary Thinking: 1, Adaptability to Change: 1, Service Orientation: 1, Stress Management: 1, Relationship Building: 1'}"
Margaret,Schmidt,29234347,Bolivia,Java Developer,sr1,"{'hard': 'SOAP: 3, Multi-threading: 3, Hibernate: 3, Logging Frameworks: 3, JDBC: 3, Dependency Injection: 1, JSON: 1, Java EE: 3, Java: 3, Cloud Services: 3', 'soft': 'Self-Motivation: 3, Self-Regulation: 1, Task Prioritization: 3, Civic Engagement: 3, Relationship Building: 1, Collaboration: 1, Adaptability to Change: 1, Situational Awareness: 1, Decision Making: 3, Stress Management: 3, Data Interpretation: 3, Change Facilitation: 1'}"
John,Lester,93451731,Peru,Cobol Developer,sr1,"{'hard': 'DB2: 1, File Handling: 3, Data Mapping: 3, Mainframe: 1, Debugging: 1, SoftTech: 3, Documentation: 3, Change Management: 1, Business Logic: 3, Application Development: 1', 'soft': 'Time Optimization: 1, Influencing: 3, Motivation: 1, Problem Solving: 3, Self-Motivation: 3, Delegation: 3, Coaching: 1, Attention to Detail: 3, Self-Regulation: 1, Conflict Resolution: 3, Self-Discipline: 1, Feedback Delivery: 3'}"
Andrea,Smith,15615918,Venezuela,Flutter Developer,jr,"{'hard': 'Third-party Libraries: 1, Native Modules: 1, Dart: 1, Debugging: 1, Versioning: 1', 'soft': 'Intuition: 1, Personality Awareness: 1, Self-Discipline: 1, Presentation Skills: 1, Learning Agility: 1'}"
Shelley,Hunt,52992477,Argentina,.Net Developer,sr3,"{'hard': 'Agile: 5, HTML/CSS: 5, Entity Framework: 2, Dependency Injection: 2, Containerization: 5, Visual Studio: 5, User Authentication: 5, Debugging: 2, JavaScript: 5, DevOps: 2, Code Review: 5, REST APIs: 2, .NET Framework: 2, Data Structures: 5', 'soft': 'Ethical Judgment: 5, Active Listening: 5, Initiative: 2, Public Speaking: 2, Visionary Thinking: 5, Change Management: 5, Interpersonal Skills: 5, Adaptability to Change: 2, Attention to Detail: 2, Adaptability: 2, Entrepreneurial Mindset: 5, Self-Regulation: 2, Presentation Skills: 5, Coaching: 5, Mentoring Skills: 5'}"
Tammy,Miles,43309639,Bolivia,.Net Developer,sr2,"{'hard': '.NET Framework: 1, User Authentication: 1, JavaScript: 1, MVC: 4, Microservices: 1, C#: 1, Web API: 1, SQL Server: 4, Code Review: 4, Dependency Injection: 1', 'soft': 'Client Management: 4, Feedback Delivery: 4, Delegation: 4, Public Speaking: 1, Research Skills: 1, Strategic Communication: 4, Process Improvement: 1, Self-Discipline: 1, Facilitation Skills: 4, Feedback Acceptance: 4, Positivity: 4, Workplace Culture Awareness: 1'}"
Tammy,Smith,56452094,Chile,Sharepoint Developer,sr3,"{'hard': 'User Interface Design: 2, SQL Server: 5, Performance Optimization: 5, Content Management: 5, Workflow Automation: 2, Agile: 5, Integration with Third-party Services: 2, Version Control: 5, Database Design: 2, REST APIs: 2, Office 365: 2, Document Libraries: 5, Custom Web Parts: 2, SharePoint Online: 5', 'soft': 'Mentoring Skills: 2, Interpersonal Skills: 5, Decision Making: 2, Critical Thinking: 2, Cultural Awareness: 5, Interpersonal Communication: 2, Active Listening: 5, Intellectual Curiosity: 5, Persuasion: 2, Innovation: 5, Networking Skills: 2, Change Management: 5, Visionary Thinking: 2, Team Building: 2, Self-Confidence: 5'}"
Stephanie,Benjamin,68078191,Colombia,IOT Platform Engineer,sr1,"{'hard': 'User Authentication: 1, Database Management: 1, Data Analytics: 3, Sensor Technologies: 3, Analytics Integration: 1, IoT Protocols (MQTT, CoAP): 1, User Interface Design: 3, Edge Computing: 1, Security Best Practices: 3, API Development: 1', 'soft': 'Coaching: 1, Problem Analysis: 1, Responsibility: 1, Adaptability to Change: 1, Interpersonal Skills: 3, Research Skills: 1, Delegation: 1, Resourcefulness: 1, Writing Skills: 1, Motivation: 3, Social Intelligence: 1, Time Management: 3'}"
Brad,Gray,45688754,Uruguay,Python Developer,sr3,"{'hard': 'Pandas: 2, Python: 5, Data Structures: 5, Concurrency: 2, Debugging: 5, SQL: 5, Data Visualization: 2, Algorithms: 5, Matplotlib: 5, Data Quality Assessment: 5, NumPy: 2, APIs: 2, REST APIs: 2, Flask: 2', 'soft': 'Process Improvement: 5, Coaching: 2, Civic Engagement: 5, Public Relations: 2, Civic Responsibility: 5, Empathy: 5, Influencing: 2, Emotional Resilience: 5, Stress Resilience: 2, Public Speaking: 5, Workplace Culture Awareness: 2, Humility: 2, Self-Regulation: 5, Presentation Skills: 2, Teamwork: 2'}"
James,Fowler,82722733,Colombia,iOS Mobile Developer,jr,"{'hard': 'Network Connectivity: 1, User Experience (UX): 1, RESTful APIs: 1, App Store Submission: 1, Push Notifications: 1', 'soft': 'Time Management: 1, Resourcefulness: 1, Task Prioritization: 1, Creativity: 1, Coaching: 1'}"
Kyle,Wilson,34872033,Uruguay,NodeJs Developer,sr1,"{'hard': 'HTML/CSS: 1, Express.js: 3, MongoDB: 1, REST APIs: 1, Chai: 3, Postman: 1, JavaScript: 1, Unit Testing: 1, Kubernetes: 1, Node.js: 1', 'soft': 'Cognitive Flexibility: 3, Conflict Management: 1, Problem Analysis: 1, Authenticity: 3, Trustworthiness: 3, Intuition: 3, Goal Setting: 3, Work Ethic: 3, Research Skills: 1, Resilience: 3, Emotional Resilience: 3, Situational Awareness: 3'}"
Gary,Wheeler,86325585,Mexico,Cloud Engineer,sr2,"{'hard': 'Service Mesh: 1, Cloud Architecture: 1, Configuration Management: 4, AWS: 1, Data Storage Solutions: 1, Backup and Recovery: 4, DevOps: 4, Database Management: 4, Application Networking: 1, Disaster Recovery Planning: 4', 'soft': 'Resource Allocation: 4, Entrepreneurial Mindset: 4, Professionalism: 1, Work Ethic: 4, Motivation: 4, Open-mindedness: 1, Time Awareness: 1, Interpersonal Communication: 4, Feedback Acceptance: 1, Emotional Resilience: 1, Facilitation Skills: 4, Problem Solving: 1'}"
Jack,Greer,36289965,Venezuela,Game Developer,ssr,"{'hard': 'Sound Design: 1, Physics Engines: 1, Debugging: 2, VR/AR Development: 2, C#: 1', 'soft': 'Writing Skills: 2, Relationship Building: 2, Virtual Collaboration: 1, Self-Regulation: 2, Quality Assurance: 1'}"
Jasmine,Allison,35006931,Colombia,SQL Developer,sr1,"{'hard': 'Version Control: 1, ETL: 3, SQL: 3, Reporting Tools: 3, PL/SQL: 3, Business Intelligence Tools: 3, Agile: 1, PostgreSQL: 3, Data Structures: 3, Indexing: 1', 'soft': 'Ethical Judgment: 1, Feedback Acceptance: 3, Public Relations: 3, Professionalism: 1, Virtual Collaboration: 1, Leadership: 3, Team Building: 3, Public Speaking: 3, Influencing: 1, Writing Skills: 1, Problem Analysis: 1, Persuasion: 1'}"
Debra,Lee,14838820,Argentina,Game Developer,sr1,"{'hard': 'Game Analytics: 1, Visual Scripting: 1, AI Programming: 3, Game Prototyping: 1, Gameplay Programming: 1, Physics Engines: 1, Game Monetization: 3, Physics Simulation: 3, Shader Programming: 1, VR/AR Development: 3', 'soft': 'Mentoring: 3, Adaptability to Change: 1, Visionary Leadership: 1, Adaptability: 3, Mentoring Skills: 3, Trust Building: 1, Facilitation Skills: 1, Personality Awareness: 1, Problem Solving: 1, Stress Management: 3, Social Skills: 3, Work Ethic: 3'}"
Scott,Alvarado,96795426,Colombia,Android Mobile Developer,sr1,"{'hard': 'Material Design: 1, Kotlin Coroutines: 1, LiveData: 3, Security Best Practices: 1, Java: 1, Agile: 3, MVP: 1, Android Jetpack: 3, Android NDK: 3, Kotlin: 3', 'soft': 'Decision Making: 1, Scientific Thinking: 1, Integrity: 1, Learning Agility: 1, Ethical Judgment: 3, Flexibility: 3, Crisis Communication: 3, Cognitive Flexibility: 1, Authenticity: 1, Change Facilitation: 1, Active Listening: 3, Work-Life Balance: 1'}"
Elizabeth,Martinez,91942891,Colombia,Cobol Developer,sr1,"{'hard': 'Data Warehousing: 3, Batch Processing: 3, Performance Tuning: 1, Documentation: 3, Version Control (Git): 1, VSAM: 3, Data Structures: 1, System Integration: 3, Data Processing: 1, SQL: 3', 'soft': 'Motivation: 3, Ethical Judgment: 1, Delegation: 1, Situational Awareness: 3, Mentoring Skills: 3, Conflict Management: 3, Analytical Thinking: 1, Self-Discipline: 3, Networking: 1, Work Ethic: 1, Visionary Thinking: 1, Humility: 1'}"
Laura,Coleman,63744970,Bolivia,Flutter Developer,sr3,"{'hard': 'Animations: 5, Dart: 5, Performance Optimization: 2, App Deployment: 2, Firebase: 2, RESTful APIs: 5, Cross-Platform Development: 2, Platform Channels: 2, Responsive Design: 2, Code Refactoring: 2, Native Modules: 5, Debugging: 2, Security Best Practices: 5, Testing: 5', 'soft': 'Initiative: 2, Client Management: 5, Team Building: 2, Crisis Management: 5, Situational Awareness: 5, Problem Solving: 2, Motivational Skills: 5, Delegation: 5, Diversity Awareness: 2, Performance Management: 5, Self-Discipline: 5, Resource Allocation: 5, Open-mindedness: 2, Research Skills: 2, Persuasion: 5'}"
Sean,Powell,81057756,Ecuador,PHP Developer,sr2,"{'hard': 'JSON: 1, Session Management: 4, Web Services: 1, Security Best Practices: 4, Frameworks (CodeIgniter): 1, HTML: 1, Continuous Integration: 1, Error Handling: 1, Composer: 1, Data Structures: 1', 'soft': 'Stress Resilience: 4, Authenticity: 4, Ethical Judgment: 4, Public Relations: 1, Presentation Skills: 4, Customer Service: 4, Professionalism: 4, Research Skills: 4, Stress Management: 1, Learning Agility: 1, Persuasion: 4, Writing Skills: 4'}"
David,Skinner,63470153,Uruguay,PHP Developer,sr2,"{'hard': 'JSON: 4, JavaScript: 1, Version Control: 1, REST APIs: 4, HTML: 4, Integration with Third-party Services: 4, Agile: 1, Database Design: 1, MySQL: 1, Caching Techniques: 4', 'soft': 'Public Relations: 4, Interpersonal Communication: 4, Time Management: 1, Technology Savvy: 4, Critical Thinking: 4, Inclusivity: 4, Scientific Thinking: 4, Change Facilitation: 4, Communication: 1, Feedback Delivery: 1, Self-Confidence: 1, Trustworthiness: 4'}"
Connie,Evans,77859492,Uruguay,iOS Mobile Developer,sr1,"{'hard': 'Auto Layout: 1, App Store Submission: 3, Performance Optimization: 3, User Experience (UX): 3, Animation: 1, Design Patterns: 1, SwiftUI: 3, Unit Testing: 3, Core Animation: 3, Push Notifications: 1', 'soft': 'Strategic Thinking: 3, Motivational Skills: 1, Visionary Thinking: 3, Client Management: 1, Negotiation: 3, Open-mindedness: 1, Workplace Culture Awareness: 3, Mentoring: 1, Global Awareness: 3, Data Interpretation: 3, Positivity: 1, Attention to Detail: 3'}"
Frank,Moran,96267663,Chile,Salesforce Developer,sr2,"{'hard': 'Triggers: 1, Custom Objects: 1, Deployment Techniques: 4, User Interface Design: 1, Visualforce: 1, Salesforce Apex: 4, Git: 1, Workflows: 1, Change Sets: 1, Sales Cloud: 4', 'soft': 'Adaptability: 4, Networking: 1, Humility: 1, Empathy: 4, Emotional Resilience: 4, Self-Motivation: 4, Visionary Leadership: 1, Cognitive Flexibility: 1, Self-Regulation: 4, Relationship Building: 1, Teamwork: 4, Inclusivity: 1'}"
Andrew,Rhodes,13771753,Colombia,Cybersecurity Engineer,ssr,"{'hard': 'Security Information and Event Management (SIEM): 2, Data Loss Prevention (DLP): 1, Malware Analysis: 1, Vulnerability Assessment: 2, Application Hardening: 1', 'soft': 'Time Awareness: 1, Professionalism: 2, Communication: 2, Ethical Judgment: 2, Resource Allocation: 1'}"
Christopher,Smith,47789549,Bolivia,DevOps Engineer,ssr,"{'hard': 'Backup Strategies: 1, Infrastructure as Code (IaC): 2, Configuration Management: 2, Disaster Recovery: 2, Docker: 2', 'soft': 'Entrepreneurial Mindset: 2, Leadership: 1, Cognitive Flexibility: 2, Intuition: 1, Trust Building: 2'}"
Heather,Davis,74735584,Paraguay,Web UI Developer,jr,"{'hard': 'SEO Best Practices: 1, Web Design Principles: 1, CSS Preprocessors (Sass, LESS): 1, Progressive Enhancement: 1, Angular: 1', 'soft': 'Intuition: 1, Time Awareness: 1, Emotional Resilience: 1, Critical Observation: 1, Visionary Leadership: 1'}"
Jesse,Bradley,53947946,Argentina,.Net Developer,sr3,"{'hard': 'Microservices: 2, Performance Optimization: 5, Web API: 2, Entity Framework: 2, SignalR: 2, .NET Framework: 2, C#: 2, REST APIs: 2, DevOps: 2, LINQ: 2, Debugging: 2, Entity Framework Core: 2, Visual Studio: 2, Version Control (Git): 5', 'soft': 'Active Listening: 2, Change Facilitation: 2, Strategic Thinking: 5, Collaboration: 2, Task Prioritization: 5, Leadership: 2, Interpersonal Skills: 2, Coaching: 5, Strategic Communication: 2, Flexibility: 2, Cognitive Flexibility: 2, Creativity: 2, Visionary Leadership: 5, Goal Setting: 2, Time Optimization: 2'}"
Ashley,Thomas,34508965,Chile,.Net Developer,sr1,"{'hard': 'Data Structures: 1, Performance Optimization: 1, Cloud Services (Azure): 3, Debugging: 3, Web API: 3, SQL Server: 1, Version Control (Git): 3, Entity Framework: 1, Application Lifecycle Management: 3, .NET Core: 1', 'soft': 'Virtual Collaboration: 1, Scientific Thinking: 1, Adaptability to Change: 1, Emotional Resilience: 3, Emotional Intelligence: 1, Work-Life Balance: 3, Service Orientation: 3, Inclusivity: 1, Data Interpretation: 3, Humility: 1, Adaptability: 3, Visionary Leadership: 3'}"
Tabitha,Vasquez,91049148,Paraguay,DevOps Engineer,sr2,"{'hard': 'Release Management: 1, Azure: 1, API Management: 4, Custom Scripts: 4, Performance Tuning: 4, Database Management: 4, Configuration Management: 1, Site Reliability Engineering (SRE): 4, Monitoring and Logging: 4, Kubernetes: 4', 'soft': 'Time Awareness: 4, Decision Making: 4, Inclusivity: 4, Workplace Culture Awareness: 1, Work Ethic: 1, Coaching: 4, Critical Observation: 1, Leadership: 4, Change Facilitation: 4, Technology Savvy: 4, Task Prioritization: 1, Self-Motivation: 4'}"
John,Chapman,58819047,Peru,Data Engineer,ssr,"{'hard': 'Data Transformation: 1, Data Quality Management: 1, Data Visualization Tools (Tableau, Power BI): 1, Analytics Integration: 2, Data Architecture: 2', 'soft': 'Change Management: 1, Self-Confidence: 2, Integrity: 2, Interpersonal Skills: 1, Presentation Skills: 2'}"
Barbara,Holt,88171432,Peru,Cobol Developer,jr,"{'hard': 'Client Interaction: 1, SoftTech: 1, Documentation: 1, Data Structures: 1, DB2: 1', 'soft': 'Professionalism: 1, Time Management: 1, Decision Making: 1, Service Orientation: 1, Change Management: 1'}"
Amy,Rhodes,46155206,Bolivia,Sharepoint Developer,sr1,"{'hard': 'SharePoint Framework (SPFx): 3, CSS: 3, C#: 1, Content Management: 1, ASP.NET: 1, Testing Automation: 1, Custom Web Parts: 1, Performance Optimization: 1, HTML: 1, Version Control: 3', 'soft': 'Collaboration: 1, Relationship Building: 1, Self-Discipline: 3, Coaching: 3, Creativity: 1, Self-Motivation: 1, Work-Life Balance: 1, Intellectual Curiosity: 1, Critical Observation: 3, Cognitive Flexibility: 1, Professionalism: 1, Teamwork: 3'}"
Thomas,Barron,64180833,Bolivia,Sharepoint Developer,sr1,"{'hard': 'Testing Automation: 1, CSS: 3, HTML: 1, Agile: 3, Workflow Automation: 3, Business Intelligence: 1, SharePoint Online: 3, Version Control: 1, Office 365: 3, Git: 1', 'soft': 'Process Improvement: 3, Research Skills: 1, Self-Discipline: 3, Mentoring: 1, Adaptability: 1, Resilience: 1, Negotiation: 1, Conflict Management: 3, Creativity: 3, Visionary Thinking: 3, Trust Building: 1, Emotional Intelligence: 1'}"
Deborah,Perry,24947839,Venezuela,Web UI Developer,sr3,"{'hard': 'Web Design Principles: 2, UI/UX Design: 5, Web Standards: 2, Design Systems: 2, JavaScript: 5, Agile: 2, Version Control: 2, Color Theory: 5, SEO Best Practices: 2, User Interaction Design: 2, CSS: 2, Animations: 5, Cross-Browser Compatibility: 2, Debugging: 5', 'soft': 'Teamwork: 2, Cultural Awareness: 5, Positivity: 2, Cognitive Flexibility: 5, Mentoring: 5, Self-Motivation: 2, Trustworthiness: 5, Collaboration: 5, Authenticity: 2, Civic Responsibility: 5, Creativity: 5, Diversity Awareness: 5, Risk Management: 2, Change Facilitation: 5, Situational Awareness: 5'}"
Kimberly,Norton,21200580,Colombia,Cloud Engineer,sr3,"{'hard': 'Monitoring and Logging: 5, Backup and Recovery: 2, Version Control (Git): 5, Cost Optimization: 2, Virtualization: 5, Database Management: 5, Cloud Security: 2, Application Networking: 2, Disaster Recovery Planning: 5, Performance Tuning: 5, CI/CD: 5, Resource Allocation: 2, Agile: 2, Infrastructure as Code (IaC): 2', 'soft': 'Collaboration: 2, Conflict Management: 2, Change Management: 5, Service Orientation: 5, Decision Making: 5, Integrity: 2, Technology Savvy: 5, Situational Awareness: 2, Resilience: 2, Visionary Leadership: 5, Critical Observation: 5, Self-Confidence: 5, Responsibility: 5, Networking: 5, Influencing: 2'}"
Robert,Petty,86599428,Ecuador,PHP Developer,jr,"{'hard': 'Version Control: 1, Unit Testing: 1, Database Design: 1, JavaScript: 1, User Authentication: 1', 'soft': 'Scientific Thinking: 1, Diversity Awareness: 1, Emotional Resilience: 1, Positivity: 1, Negotiation Tactics: 1'}"
Brian,Davenport,49352950,Colombia,PHP Developer,sr2,"{'hard': 'Integration with Third-party Services: 1, HTML: 4, Symfony: 1, Composer: 4, Composer: 1, User Authentication: 1, CSS: 1, Error Handling: 4, Object-Oriented Programming: 4, REST APIs: 4', 'soft': 'Change Management: 4, Teamwork: 4, Public Relations: 4, Learning Agility: 1, Self-Confidence: 4, Authenticity: 1, Adaptability: 1, Strategic Thinking: 1, Self-Discipline: 4, Time Optimization: 4, Humility: 4, Personality Awareness: 4'}"
Andrew,Rhodes,30955886,Paraguay,Salesforce Developer,sr2,"{'hard': 'Sales Cloud: 4, SOQL: 1, Triggers: 4, Salesforce CRM: 1, User Authentication: 1, Lightning Components: 4, Workflows: 1, Git: 1, Process Builder: 4, Debugging: 4', 'soft': 'Learning Agility: 1, Resilience: 1, Quality Assurance: 1, Intellectual Curiosity: 1, Critical Observation: 1, Negotiation: 4, Creativity: 4, Workplace Culture Awareness: 1, Innovation: 1, Leadership: 4, Mentoring Skills: 1, Resource Allocation: 4'}"
Linda,Foster,26191961,Paraguay,.Net Developer,sr1,"{'hard': 'REST APIs: 1, Entity Framework Core: 1, User Authentication: 3, ASP.NET: 1, Design Patterns: 3, Dependency Injection: 3, Containerization: 1, Debugging: 3, Code Review: 1, Microservices: 1', 'soft': 'Service Orientation: 3, Entrepreneurial Mindset: 1, Coaching: 3, Public Relations: 1, Adaptability to Change: 3, Work Ethic: 3, Persuasion: 3, Problem Analysis: 3, Stress Management: 3, Scientific Thinking: 1, Responsibility: 1, Teamwork: 3'}"
Mary,Lowe,68297054,Venezuela,Flutter Developer,sr1,"{'hard': 'Firebase: 1, Debugging: 3, Native Modules: 3, Accessibility Features: 1, Animations: 3, UI/UX Design: 3, Version Control (Git): 3, Cross-Platform Development: 1, Security Best Practices: 1, Third-party Libraries: 1', 'soft': 'Negotiation: 1, Data Interpretation: 3, Writing Skills: 1, Risk Management: 1, Flexibility: 1, Motivation: 1, Integrity: 1, Persuasion: 1, Service Orientation: 1, Work-Life Balance: 1, Emotional Resilience: 3, Time Optimization: 3'}"
Meghan,King,84674486,Chile,Data Engineer,sr2,"{'hard': 'Hadoop: 4, Metadata Management: 4, Business Intelligence: 1, Data Pipeline Development: 4, Cloud Data Solutions (AWS, Azure, GCP): 1, Apache Kafka: 1, Data Warehousing: 1, Data Architecture: 4, API Development: 1, Data Visualization Tools (Tableau, Power BI): 4', 'soft': 'Diversity Awareness: 4, Stress Resilience: 1, Self-Regulation: 1, Time Management: 1, Cultural Competence: 4, Self-Confidence: 4, Customer Service: 4, Personality Awareness: 1, Interpersonal Skills: 1, Self-Motivation: 4, Feedback Delivery: 4, Interpersonal Communication: 4'}"
Beverly,Watson,49583872,Uruguay,.Net Developer,sr3,"{'hard': 'C#: 5, Design Patterns: 2, Web API: 2, Containerization: 5, Microservices: 2, Unit Testing: 5, Entity Framework: 2, Version Control (Git): 5, SQL Server: 2, JavaScript: 2, Debugging: 5, Application Lifecycle Management: 5, Security Best Practices: 2, Visual Studio: 5', 'soft': 'Change Management: 5, Emotional Intelligence: 5, Integrity: 2, Flexibility: 5, Teamwork: 5, Networking: 5, Crisis Management: 5, Strategic Thinking: 5, Inclusivity: 5, Networking Skills: 2, Civic Responsibility: 5, Mentoring Skills: 2, Motivation: 2, Public Relations: 5, Virtual Collaboration: 2'}"
Erik,Mitchell,32927419,Uruguay,IOT Platform Engineer,jr,"{'hard': 'Interoperability Standards: 1, Firmware Development: 1, Cloud Computing: 1, Agile: 1, Telemetry: 1', 'soft': 'Intuition: 1, Decision Making: 1, Process Improvement: 1, Networking: 1, Problem Analysis: 1'}"
David,Brown,81446004,Colombia,.Net Developer,sr1,"{'hard': 'Cloud Services (Azure): 3, Agile: 1, Code Review: 1, HTML/CSS: 3, C#: 1, Data Structures: 1, TDD: 1, Entity Framework: 1, Debugging: 3, JavaScript: 3', 'soft': 'Work Ethic: 1, Communication: 1, Integrity: 1, Time Management: 1, Active Listening: 3, Visionary Thinking: 1, Relationship Building: 1, Data Interpretation: 1, Creativity: 3, Attention to Detail: 1, Flexibility: 1, Virtual Collaboration: 1'}"
Patricia,Lowe,55378696,Colombia,Test Automation Engineer,sr3,"{'hard': 'Continuous Testing: 2, API Testing: 2, Reporting Tools: 2, Framework Development: 5, Test Environment Setup: 2, Test Management Tools: 5, Automation Strategy: 5, Performance Testing: 5, Defect Tracking: 2, Data-Driven Testing: 2, JavaScript: 5, TestNG: 5, CI/CD: 2, Security Testing: 2', 'soft': 'Negotiation: 5, Integrity: 5, Networking Skills: 5, Adaptability: 2, Networking: 5, Innovation: 5, Resourcefulness: 5, Ethical Judgment: 2, Inclusivity: 5, Influencing: 2, Motivation: 5, Research Skills: 2, Work Ethic: 5, Team Building: 5, Flexibility: 5'}"
Todd,Morris,86056664,Venezuela,Cobol Developer,sr3,"{'hard': 'Performance Tuning: 2, SoftTech: 5, Version Control (Git): 5, Mainframe: 2, Micro Focus: 5, Debugging: 2, JCL: 5, Reporting: 5, DB2: 5, Change Management: 2, Documentation: 2, File Handling: 2, Application Development: 5, Legacy Systems: 5', 'soft': 'Visionary Leadership: 5, Social Skills: 5, Interpersonal Communication: 5, Quality Assurance: 2, Goal Setting: 2, Adaptability to Change: 5, Creativity: 5, Problem Analysis: 2, Facilitation Skills: 5, Integrity: 2, Cognitive Flexibility: 2, Scientific Thinking: 5, Client Management: 2, Personality Awareness: 2, Writing Skills: 2'}"
Amy,Cunningham,73150639,Ecuador,NodeJs Developer,sr1,"{'hard': 'Performance Optimization: 3, Error Handling: 1, Mocha: 3, API Development: 1, Asynchronous Programming: 1, REST APIs: 1, Express.js: 3, Git: 1, Logging Frameworks: 1, Kubernetes: 3', 'soft': 'Communication: 3, Personality Awareness: 3, Motivational Skills: 1, Negotiation: 1, Creativity: 1, Negotiation Tactics: 1, Visionary Thinking: 3, Responsibility: 1, Risk Management: 1, Change Facilitation: 3, Delegation: 3, Civic Responsibility: 1'}"
Jennifer,Wright,16793706,Uruguay,RPA Developer,sr2,"{'hard': 'Reporting: 4, Client Interaction: 4, Blue Prism: 4, Excel VBA: 4, Robotic Process Automation Frameworks: 4, REST APIs: 4, Task Automation: 1, Agile: 1, Process Analysis: 4, Data Manipulation: 1', 'soft': 'Quality Assurance: 1, Emotional Intelligence: 1, Feedback Acceptance: 1, Change Facilitation: 1, Cultural Awareness: 1, Empathy: 1, Strategic Thinking: 1, Creativity: 1, Inclusivity: 1, Problem Analysis: 1, Collaboration: 1, Visionary Leadership: 1'}"
Megan,Perez,60714423,Ecuador,DevOps Engineer,jr,"{'hard': 'Testing Automation: 1, API Management: 1, Release Management: 1, Configuration Management: 1, Incident Management: 1', 'soft': 'Cognitive Flexibility: 1, Networking: 1, Analytical Thinking: 1, Work Ethic: 1, Research Skills: 1'}"
Lisa,Warner,60448645,Paraguay,Sharepoint Developer,jr,"{'hard': 'ASP.NET: 1, Team Sites: 1, REST APIs: 1, Content Management: 1, Data Migration: 1', 'soft': 'Attention to Detail: 1, Time Optimization: 1, Research Skills: 1, Emotional Resilience: 1, Collaboration: 1'}"
Cory,Snow,30781639,Uruguay,.Net Developer,sr3,"{'hard': 'JavaScript: 5, Entity Framework: 5, Version Control (Git): 5, C#: 5, Agile: 2, .NET Framework: 2, Debugging: 2, Web Services: 2, Web API: 2, HTML/CSS: 2, Entity Framework Core: 2, SQL Server: 2, MVC: 5, Code Review: 2', 'soft': 'Public Relations: 2, Resourcefulness: 5, Civic Responsibility: 2, Risk Management: 2, Networking: 2, Resource Allocation: 5, Cultural Competence: 5, Critical Thinking: 5, Self-Discipline: 2, Emotional Resilience: 2, Mentoring: 2, Trustworthiness: 5, Emotional Intelligence: 5, Motivation: 5, Conflict Resolution: 5'}"
Richard,Munoz,81220980,Bolivia,Java Developer,sr1,"{'hard': 'Security: 3, Java EE: 3, Kubernetes: 3, JSON: 1, JUnit: 1, JDBC: 3, Hibernate: 1, Git: 3, SOAP: 3, Performance Tuning: 3', 'soft': 'Intuition: 1, Process Improvement: 1, Entrepreneurial Mindset: 1, Cultural Awareness: 3, Risk Management: 1, Open-mindedness: 3, Customer Service: 3, Visionary Thinking: 3, Leadership: 1, Creativity: 3, Decision Making: 1, Trustworthiness: 3'}"
Michelle,Ward,30838365,Ecuador,Web Mobile Developer,sr3,"{'hard': 'WebSockets: 2, Frontend Frameworks: 2, Continuous Integration/Continuous Deployment (CI/CD): 2, Analytics Integration: 2, State Management: 5, Performance Optimization: 2, Flutter: 2, React Native: 5, Data Structures: 5, Cross-Browser Compatibility: 5, Version Control: 5, Accessibility Standards: 5, Application Security: 5, Third-party Libraries: 5', 'soft': 'Cultural Competence: 5, Attention to Detail: 5, Civic Responsibility: 5, Presentation Skills: 2, Client Management: 2, Feedback Acceptance: 5, Innovation: 5, Interpersonal Skills: 5, Mentoring Skills: 2, Relationship Building: 2, Networking Skills: 2, Feedback Delivery: 5, Influencing: 5, Trust Building: 2, Learning Agility: 5'}"
Shelby,Allen,58724298,Uruguay,Web Mobile Developer,sr1,"{'hard': 'State Management: 1, Debugging: 3, Testing Frameworks: 3, User Interface Testing: 3, Flutter: 3, Responsive Design: 1, GraphQL: 3, Authentication Mechanisms: 3, React Native: 3, Continuous Integration/Continuous Deployment (CI/CD): 3', 'soft': 'Strategic Thinking: 1, Presentation Skills: 3, Innovation: 3, Self-Confidence: 3, Facilitation Skills: 1, Intellectual Curiosity: 3, Trust Building: 1, Team Building: 1, Ethical Judgment: 3, Influencing: 1, Resilience: 3, Situational Awareness: 1'}"
Angela,Cain,81241412,Venezuela,iOS Mobile Developer,sr1,"{'hard': 'App Store Submission: 1, Multithreading: 3, Auto Layout: 3, Network Connectivity: 3, Push Notifications: 1, User Experience (UX): 1, iOS SDK: 3, User Interface Design: 1, Swift: 1, SwiftUI: 1', 'soft': 'Social Intelligence: 1, Civic Responsibility: 3, Research Skills: 3, Persuasion: 1, Customer Service: 3, Resourcefulness: 1, Self-Discipline: 1, Resource Allocation: 3, Inclusivity: 1, Change Management: 1, Coaching: 3, Problem Analysis: 3'}"
Frank,Jacobson,24149281,Uruguay,NodeJs Developer,jr,"{'hard': 'Middleware: 1, Performance Optimization: 1, Git: 1, TypeScript: 1, Frontend Frameworks (React/Vue): 1', 'soft': 'Adaptability: 1, Trustworthiness: 1, Interpersonal Skills: 1, Integrity: 1, Task Prioritization: 1'}"
Anthony,Ruiz,43948586,Colombia,Data Engineer,sr3,"{'hard': 'Machine Learning Basics: 2, Data Governance: 5, Apache Spark: 5, SQL: 5, Analytics Integration: 5, Data Integration Tools: 2, Big Data Technologies: 5, Data Architecture: 5, Metadata Management: 5, Data Security: 5, ETL Processes: 2, Data Warehousing: 5, Business Intelligence: 2, API Development: 2', 'soft': 'Feedback Acceptance: 2, Technology Savvy: 5, Adaptability: 2, Coaching: 5, Service Orientation: 2, Authenticity: 5, Change Facilitation: 2, Visionary Leadership: 5, Critical Thinking: 5, Intellectual Curiosity: 2, Diversity Awareness: 5, Cultural Awareness: 2, Feedback Delivery: 2, Responsibility: 5, Strategic Communication: 2'}"
David,Arnold,12700264,Paraguay,iOS Mobile Developer,jr,"{'hard': 'Core Location: 1, Agile: 1, Push Notifications: 1, SiriKit: 1, Design Patterns: 1', 'soft': 'Problem Solving: 1, Visionary Thinking: 1, Interpersonal Skills: 1, Adaptability to Change: 1, Diversity Awareness: 1'}"
Joshua,Williams,17884596,Ecuador,Cloud Engineer,sr1,"{'hard': 'Load Balancing: 1, Kubernetes: 1, Security Best Practices: 1, Data Storage Solutions: 1, Scripting (Python, Bash): 3, AWS: 1, Cloud Architecture: 1, Resource Allocation: 3, CI/CD: 3, Database Management: 1', 'soft': 'Client Management: 1, Integrity: 3, Conflict Management: 3, Trustworthiness: 1, Public Relations: 3, Data Interpretation: 3, Service Orientation: 3, Risk Management: 1, Learning Agility: 3, Relationship Building: 1, Creativity: 3, Positivity: 1'}"
Jenna,Lyons,57040108,Mexico,SQL Developer,sr2,"{'hard': 'Backup and Recovery: 1, Data Visualization: 4, SQL Server: 1, Query Optimization: 1, Data Analysis: 4, PostgreSQL: 1, Data Migration: 1, Oracle Database: 1, T-SQL: 1, Triggers: 1', 'soft': 'Innovation: 1, Analytical Thinking: 1, Decision Making: 4, Trustworthiness: 4, Customer Service: 4, Teamwork: 1, Cognitive Flexibility: 4, Negotiation: 1, Negotiation Tactics: 1, Presentation Skills: 4, Positivity: 4, Conflict Management: 1'}"
Brent,Mcgrath,60876967,Argentina,IOT Platform Engineer,sr1,"{'hard': 'Cloud Platforms (AWS IoT, Azure IoT): 3, Big Data Technologies: 3, Lifecycle Management: 1, IoT Protocols (MQTT, CoAP): 3, User Interface Design: 1, Sensor Technologies: 1, Telemetry: 1, Remote Device Monitoring: 3, Scripting (Python, JavaScript): 1, Cloud Computing: 3', 'soft': 'Global Awareness: 3, Presentation Skills: 1, Critical Observation: 3, Leadership: 3, Negotiation Tactics: 3, Interpersonal Skills: 1, Self-Regulation: 1, Motivational Skills: 1, Cultural Awareness: 1, Change Management: 3, Work-Life Balance: 3, Stress Resilience: 1'}"
Austin,Garcia,11434913,Peru,Test Automation Engineer,sr1,"{'hard': 'Cloud Testing: 3, Continuous Testing: 3, Performance Testing: 3, Version Control: 1, Data-Driven Testing: 3, Reporting Tools: 1, User Interface Testing: 1, Selenium: 3, Load Testing: 1, API Testing: 3', 'soft': 'Facilitation Skills: 3, Work Ethic: 1, Self-Motivation: 1, Adaptability to Change: 3, Change Management: 3, Work-Life Balance: 3, Cognitive Flexibility: 1, Service Orientation: 3, Stress Management: 1, Influencing: 3, Networking Skills: 3, Emotional Resilience: 3'}"
Jesse,Brown,69082702,Ecuador,IOT Platform Engineer,ssr,"{'hard': 'Edge Computing: 2, Remote Device Monitoring: 1, Interoperability Standards: 1, Analytics Integration: 1, Version Control: 2', 'soft': 'Attention to Detail: 2, Motivation: 2, Resilience: 1, Ethical Judgment: 2, Empathy: 2'}"
Angela,Walker,31065417,Chile,IOT Platform Engineer,sr2,"{'hard': 'Embedded Systems: 4, Scripting (Python, JavaScript): 4, Sensor Technologies: 1, Testing and Validation: 4, User Authentication: 1, Deployment Techniques: 4, Network Security: 4, API Development: 1, Device Management: 4, Cloud Platforms (AWS IoT, Azure IoT): 4', 'soft': 'Quality Assurance: 1, Conflict Management: 1, Public Speaking: 4, Team Building: 4, Virtual Collaboration: 1, Visionary Leadership: 4, Emotional Intelligence: 1, Interpersonal Skills: 4, Learning Agility: 4, Decision Making: 4, Social Skills: 1, Cultural Awareness: 1'}"
Catherine,Davis,72109925,Paraguay,iOS Mobile Developer,ssr,"{'hard': 'RESTful APIs: 1, UIKit: 2, Debugging: 1, Firebase: 2, Multithreading: 2', 'soft': 'Problem Analysis: 1, Networking Skills: 2, Self-Confidence: 1, Stress Resilience: 1, Learning Agility: 2'}"
Elizabeth,Moss,76524154,Peru,Game Developer,sr1,"{'hard': 'Networking: 3, Debugging: 3, Graphics Programming: 1, Game Optimization: 3, Multiplayer Networking: 3, Game Analytics: 3, Version Control (Git): 1, Game Testing: 3, Unity: 3, Storyboarding: 3', 'soft': 'Creativity: 3, Motivation: 3, Work Ethic: 1, Facilitation Skills: 1, Conflict Resolution: 1, Workplace Culture Awareness: 3, Intellectual Curiosity: 1, Research Skills: 1, Quality Assurance: 3, Interpersonal Skills: 3, Situational Awareness: 1, Time Awareness: 3'}"
Lawrence,Jordan,58958830,Bolivia,DevOps Engineer,sr2,"{'hard': 'Azure: 4, Infrastructure as Code (IaC): 4, Cloud Services: 1, Configuration Management: 4, Performance Tuning: 4, Docker: 1, Site Reliability Engineering (SRE): 1, Continuous Integration/Continuous Deployment (CI/CD): 1, Security Best Practices: 1, AWS: 4', 'soft': 'Strategic Communication: 1, Process Improvement: 1, Task Prioritization: 1, Authenticity: 4, Emotional Intelligence: 4, Conflict Management: 4, Entrepreneurial Mindset: 1, Ethical Judgment: 1, Self-Confidence: 1, Interpersonal Communication: 1, Motivation: 4, Collaboration: 4'}"
Monica,Johnston,71199726,Paraguay,RPA Developer,jr,"{'hard': 'Version Control: 1, Testing Automation: 1, Workflow Design: 1, Exception Handling: 1, Documentation: 1', 'soft': 'Resource Allocation: 1, Teamwork: 1, Emotional Intelligence: 1, Goal Setting: 1, Self-Regulation: 1'}"
Brian,Taylor,90314901,Ecuador,Salesforce Developer,jr,"{'hard': 'Business Process Automation: 1, Salesforce DX: 1, Integration with Third-party Services: 1, Sales Cloud: 1, Testing Frameworks: 1', 'soft': 'Analytical Thinking: 1, Open-mindedness: 1, Networking Skills: 1, Trust Building: 1, Client Management: 1'}"
Ryan,Hernandez,15052954,Uruguay,Java Developer,sr2,"{'hard': 'JUnit: 4, Java EE: 4, Kubernetes: 1, Logging Frameworks: 4, Microservices: 1, Cloud Services: 4, Maven: 4, Data Structures: 4, Performance Tuning: 1, Dependency Injection: 1', 'soft': 'Time Awareness: 4, Resilience: 1, Self-Regulation: 4, Mentoring: 1, Time Optimization: 4, Delegation: 4, Learning Agility: 4, Situational Awareness: 4, Service Orientation: 4, Teamwork: 1, Process Improvement: 1, Diversity Awareness: 4'}"
Grace,Williamson,23525553,Ecuador,NodeJs Developer,sr2,"{'hard': 'NPM: 4, Asynchronous Programming: 4, Unit Testing: 4, Frontend Frameworks (React/Vue): 1, Redis: 1, CI/CD: 1, Middleware: 1, Security Best Practices: 1, JavaScript: 4, GraphQL: 4', 'soft': 'Entrepreneurial Mindset: 4, Diversity Awareness: 4, Critical Thinking: 1, Negotiation: 4, Resource Allocation: 1, Relationship Building: 1, Situational Awareness: 1, Self-Discipline: 4, Attention to Detail: 1, Work-Life Balance: 1, Humility: 1, Time Optimization: 1'}"
William,Smith,19529593,Ecuador,Test Automation Engineer,sr3,"{'hard': 'Cross-Browser Testing: 2, CI/CD: 5, JavaScript: 5, API Testing: 2, Mocking Frameworks: 2, Regression Testing: 2, Appium: 2, Agile: 5, Java: 2, Integration Testing: 5, Defect Tracking: 2, JUnit: 2, Reporting Tools: 5, Framework Development: 5', 'soft': 'Positivity: 2, Trust Building: 5, Teamwork: 2, Professionalism: 5, Cultural Competence: 2, Mentoring: 5, Client Management: 2, Process Improvement: 5, Goal Setting: 5, Feedback Delivery: 5, Self-Confidence: 5, Time Management: 2, Collaboration: 2, Team Building: 2, Conflict Management: 5'}"
Christopher,Christensen,20622481,Peru,.Net Developer,sr2,"{'hard': '.NET Core: 4, HTML/CSS: 1, Microservices: 4, SignalR: 4, .NET Framework: 1, Unit Testing: 1, Debugging: 1, User Authentication: 1, Data Structures: 4, Security Best Practices: 4', 'soft': 'Collaboration: 1, Motivational Skills: 1, Resourcefulness: 1, Customer Service: 4, Visionary Leadership: 1, Influencing: 4, Coaching: 1, Civic Responsibility: 4, Adaptability: 4, Interpersonal Communication: 1, Flexibility: 1, Conflict Management: 1'}"
Shelley,Barr,36344481,Colombia,Game Developer,jr,"{'hard': 'VR/AR Development: 1, Shader Programming: 1, Graphics Programming: 1, Game Analytics: 1, C#: 1', 'soft': 'Workplace Culture Awareness: 1, Collaboration: 1, Quality Assurance: 1, Active Listening: 1, Team Building: 1'}"
Jasmine,Pearson,30636676,Bolivia,Game Developer,ssr,"{'hard': 'User Interface Design: 1, Procedural Generation: 2, Game Prototyping: 2, Visual Scripting: 2, Game Optimization: 1', 'soft': 'Creativity: 2, Resource Allocation: 1, Cultural Awareness: 2, Presentation Skills: 1, Self-Discipline: 1'}"
Christine,Ward,14989867,Peru,SQL Developer,sr1,"{'hard': 'Data Visualization: 3, Backup and Recovery: 3, SQL: 3, Version Control: 1, SQL Server: 1, Data Quality Management: 3, Debugging: 3, Reporting Tools: 3, Security Best Practices: 3, PostgreSQL: 3', 'soft': 'Interpersonal Communication: 1, Trust Building: 1, Change Facilitation: 1, Initiative: 1, Interpersonal Skills: 3, Persuasion: 1, Coaching: 1, Presentation Skills: 1, Integrity: 1, Feedback Delivery: 1, Situational Awareness: 1, Entrepreneurial Mindset: 3'}"
Travis,Jones,40024942,Uruguay,.Net Developer,sr3,"{'hard': 'DevOps: 5, Performance Optimization: 2, Agile: 5, Code Review: 5, Dependency Injection: 2, MVC: 2, Security Best Practices: 5, Web Services: 5, ASP.NET: 2, User Authentication: 5, Version Control (Git): 5, JavaScript: 2, HTML/CSS: 2, Design Patterns: 2', 'soft': 'Feedback Acceptance: 5, Change Facilitation: 2, Global Awareness: 5, Positivity: 5, Conflict Management: 5, Collaboration: 5, Client Management: 5, Attention to Detail: 5, Performance Management: 2, Work Ethic: 5, Emotional Intelligence: 2, Service Orientation: 2, Adaptability: 2, Resilience: 5, Crisis Communication: 2'}"
Victor,Young,14984361,Paraguay,C++ Developer,ssr,"{'hard': 'Game Development: 2, Networking: 1, Unit Testing: 2, Qt Framework: 1, Automated Testing: 1', 'soft': 'Active Listening: 2, Social Skills: 1, Resource Allocation: 1, Public Speaking: 1, Persuasion: 1'}"
Joseph,Anderson,26061793,Paraguay,Cloud Engineer,sr3,"{'hard': 'Backup and Recovery: 5, Automation Tools: 2, Monitoring and Logging: 2, API Management: 5, DevOps: 5, Service Mesh: 2, Data Storage Solutions: 5, Application Networking: 5, Kubernetes: 2, Cloud Architecture: 5, Virtualization: 2, AWS: 2, Load Balancing: 5, Cloud Migration: 5', 'soft': 'Cognitive Flexibility: 5, Risk Management: 2, Mentoring: 2, Customer Service: 2, Research Skills: 2, Mentoring Skills: 5, Critical Thinking: 2, Civic Responsibility: 2, Self-Regulation: 5, Motivation: 2, Visionary Leadership: 5, Analytical Thinking: 5, Resourcefulness: 5, Self-Discipline: 2, Stress Management: 5'}"
Kyle,Elliott,78456214,Peru,Game Developer,jr,"{'hard': '3D Modeling: 1, Performance Optimization: 1, Visual Scripting: 1, Game Analytics: 1, Unity: 1', 'soft': 'Adaptability: 1, Mentoring Skills: 1, Analytical Thinking: 1, Resource Allocation: 1, Emotional Resilience: 1'}"
Melissa,Brown,60008161,Bolivia,.Net Developer,ssr,"{'hard': 'Web API: 1, LINQ: 2, Containerization: 2, WCF: 1, C#: 1', 'soft': 'Task Prioritization: 1, Crisis Management: 2, Time Awareness: 2, Mentoring Skills: 1, Problem Solving: 1'}"
Robin,Gregory,65861812,Ecuador,Sharepoint Developer,jr,"{'hard': 'SharePoint Online: 1, Team Sites: 1, REST APIs: 1, Data Migration: 1, C#: 1', 'soft': 'Workplace Culture Awareness: 1, Relationship Building: 1, Empathy: 1, Interpersonal Communication: 1, Personality Awareness: 1'}"
Mary,Williamson,95106793,Colombia,RPA Developer,ssr,"{'hard': 'Documentation: 2, Data Extraction: 1, Data Quality Management: 1, Integration with Third-party Applications: 2, Robotic Process Automation Frameworks: 1', 'soft': 'Cultural Competence: 1, Civic Engagement: 2, Coaching: 1, Professionalism: 1, Creativity: 1'}"
John,Williams,88992876,Uruguay,Game Developer,sr2,"{'hard': 'Game Optimization: 4, Game Analytics: 4, Gameplay Programming: 4, Debugging: 1, Unity: 1, Game Design: 4, C#: 4, Level Design: 1, Game Testing: 1, Version Control (Git): 4', 'soft': 'Social Skills: 4, Change Management: 1, Process Improvement: 1, Emotional Resilience: 1, Problem Solving: 1, Relationship Building: 1, Facilitation Skills: 4, Coaching: 1, Analytical Thinking: 1, Creativity: 4, Social Intelligence: 4, Adaptability to Change: 1'}"
