nombre,apellido,codigo,pais,rol,seniority,skills
Jaclyn,Stanley,79218551,Peru,Java Developer,ssr,"{'hard': ['Docker: 2', 'Data Access Layer: 1', 'Performance Tuning: 2', 'XML: 1', 'Data Structures: 2'], 'soft': ['Emotional Intelligence: 1', 'Interpersonal Communication: 2', 'Customer Service: 2', 'Writing Skills: 2', 'Influencing: 2']}"
Jennifer,Ortiz,80201916,Mexico,IOT Platform Engineer,jr,"{'hard': ['Device Connectivity: 1', 'Data Analytics: 1', 'IoT Protocols (MQTT, CoAP): 1', 'Testing and Validation: 1', 'User Interface Design: 1'], 'soft': ['Negotiation: 1', 'Writing Skills: 1', 'Mentoring Skills: 1', 'Adaptability to Change: 1', 'Networking Skills: 1']}"
Holly,Watson,32079276,Colombia,Web Mobile Developer,ssr,"{'hard': ['GraphQL: 2', 'React Native: 2', 'HTML: 1', 'Continuous Integration/Continuous Deployment (CI/CD): 2', 'Version Control: 2'], 'soft': ['Social Intelligence: 2', 'Integrity: 1', 'Negotiation Tactics: 1', 'Time Optimization: 1', 'Presentation Skills: 1']}"
Donald,Brown,29341234,Venezuela,Ruby Developer,jr,"{'hard': ['Deployment Techniques: 1', 'Ruby: 1', 'Object-Oriented Programming: 1', 'REST APIs: 1', 'Data Migration: 1'], 'soft': ['Social Skills: 1', 'Critical Observation: 1', 'Adaptability to Change: 1', 'Feedback Acceptance: 1', 'Ethical Judgment: 1']}"
Robert,Wagner,21992168,Uruguay,Cobol Developer,sr1,"{'hard': ['Reporting: 2', 'Data Warehousing: 2', 'VSAM: 3', 'Batch Processing: 2', 'User Acceptance Testing (UAT): 1', 'System Integration: 1', 'COBOL: 3', 'Data Migration: 3', 'SoftTech: 3', 'Business Logic: 2'], 'soft': ['Facilitation Skills: 1', 'Emotional Intelligence: 1', 'Persuasion: 1', 'Positivity: 2', 'Diversity Awareness: 1', 'Resourcefulness: 1', 'Writing Skills: 2', 'Trust Building: 1', 'Flexibility: 1', 'Self-Regulation: 1', 'Public Relations: 1', 'Situational Awareness: 1']}"
Wendy,Ellis,99290724,Argentina,Game Developer,ssr,"{'hard': ['Game Prototyping: 2', 'VR/AR Development: 1', 'Game Monetization: 1', 'Networking: 1', 'Animation: 2'], 'soft': ['Creativity: 2', 'Public Speaking: 2', 'Process Improvement: 1', 'Client Management: 1', 'Inclusivity: 2']}"
Sandra,Johnson,55025361,Uruguay,Web Mobile Developer,jr,"{'hard': ['Performance Optimization: 1', 'Network Communication: 1', 'Authentication Mechanisms: 1', 'Continuous Integration/Continuous Deployment (CI/CD): 1', 'Testing Frameworks: 1'], 'soft': ['Mentoring: 1', 'Feedback Acceptance: 1', 'Facilitation Skills: 1', 'Authenticity: 1', 'Self-Discipline: 1']}"
Donna,Finley,33880744,Chile,SQL Developer,sr1,"{'hard': ['Debugging: 3', 'Business Intelligence Tools: 2', 'Data Migration: 3', 'Data Visualization: 2', 'Database Administration: 1', 'Oracle Database: 3', 'Version Control: 2', 'Backup and Recovery: 2', 'Database Design: 2', 'Agile: 2'], 'soft': ['Cognitive Flexibility: 2', 'Risk Management: 1', 'Problem Analysis: 2', 'Virtual Collaboration: 3', 'Time Optimization: 1', 'Empathy: 2', 'Stress Resilience: 3', 'Research Skills: 3', 'Work-Life Balance: 2', 'Social Skills: 3', 'Flexibility: 1', 'Scientific Thinking: 2']}"
Shelley,Smith,72544237,Uruguay,iOS Mobile Developer,sr2,"{'hard': ['Accessibility Features: 2', 'Core Data: 4', 'SiriKit: 3', 'User Experience (UX): 1', 'Auto Layout: 4', 'Security Best Practices: 3', 'Reactive Programming: 4', 'Agile: 4', 'Git: 1', 'Core Location: 4'], 'soft': ['Crisis Management: 4', 'Adaptability: 3', 'Self-Motivation: 2', 'Technology Savvy: 2', 'Humility: 3', 'Diversity Awareness: 2', 'Collaboration: 2', 'Scientific Thinking: 2', 'Work-Life Balance: 4', 'Mentoring: 3', 'Positivity: 3', 'Motivation: 1']}"
Jennifer,Barr,56354105,Mexico,Java Developer,sr3,"{'hard': ['Agile: 2', 'Spring Boot: 2', 'JPA: 3', 'Security: 3', 'Web Services: 5', 'Java EE: 4', 'SOAP: 4', 'JavaFX: 4', 'Thread Management: 3', 'REST APIs: 3', 'Cloud Services: 5', 'Design Patterns: 2', 'Dependency Injection: 4', 'Hibernate: 5'], 'soft': ['Scientific Thinking: 3', 'Cognitive Flexibility: 3', 'Risk Management: 4', 'Critical Observation: 4', 'Cultural Competence: 2', 'Task Prioritization: 2', 'Innovation: 2', 'Creativity: 5', 'Intellectual Curiosity: 3', 'Self-Regulation: 4', 'Facilitation Skills: 2', 'Process Improvement: 2', 'Time Awareness: 5', 'Visionary Leadership: 4', 'Emotional Intelligence: 2']}"
Timothy,Santos,59950024,Argentina,IOT Platform Engineer,sr3,"{'hard': ['Big Data Technologies: 5', 'Version Control: 5', 'Data Processing: 5', 'Security Best Practices: 4', 'Analytics Integration: 2', 'Deployment Techniques: 5', 'Interoperability Standards: 2', 'Sensor Technologies: 3', 'Testing and Validation: 4', 'Data Visualization: 3', 'Cloud Platforms (AWS IoT, Azure IoT): 2', 'Firmware Development: 5', 'User Interface Design: 2', 'Network Security: 5'], 'soft': ['Networking Skills: 3', 'Active Listening: 5', 'Strategic Thinking: 5', 'Trustworthiness: 4', 'Data Interpretation: 4', 'Visionary Leadership: 2', 'Writing Skills: 2', 'Visionary Thinking: 2', 'Relationship Building: 4', 'Virtual Collaboration: 4', 'Feedback Delivery: 5', 'Resilience: 4', 'Feedback Acceptance: 5', 'Strategic Communication: 4', 'Creativity: 2']}"
Timothy,Hall,20905913,Peru,Web UI Developer,sr2,"{'hard': ['UI/UX Design: 2', 'Content Management Systems (CMS): 1', 'Responsive Design: 2', 'State Management: 3', 'Version Control: 4', 'Front-End Frameworks: 3', 'Cross-Browser Compatibility: 3', 'React: 4', 'Vue.js: 1', 'CSS: 2'], 'soft': ['Strategic Communication: 3', 'Professionalism: 3', 'Task Prioritization: 2', 'Situational Awareness: 1', 'Networking: 4', 'Resourcefulness: 2', 'Leadership: 3', 'Data Interpretation: 3', 'Positivity: 4', 'Facilitation Skills: 1', 'Presentation Skills: 2', 'Scientific Thinking: 3']}"
Michael,Ruiz,12980424,Mexico,.Net Developer,ssr,"{'hard': ['Dependency Injection: 1', 'HTML/CSS: 2', 'LINQ: 1', 'Design Patterns: 2', 'DevOps: 2'], 'soft': ['Problem Solving: 1', 'Quality Assurance: 2', 'Presentation Skills: 1', 'Work-Life Balance: 2', 'Public Speaking: 2']}"
Steven,Campbell,54918051,Mexico,Game Developer,ssr,"{'hard': ['Game Testing: 2', 'Visual Scripting: 1', 'Storyboarding: 1', 'Level Design: 1', 'User Interface Design: 1'], 'soft': ['Social Intelligence: 1', 'Self-Discipline: 1', 'Visionary Thinking: 1', 'Delegation: 2', 'Writing Skills: 1']}"
Mario,Schmidt,49464408,Uruguay,NodeJs Developer,ssr,"{'hard': ['Frontend Frameworks (React/Vue): 1', 'AWS: 1', 'Redis: 2', 'Kubernetes: 2', 'Socket.io: 2'], 'soft': ['Negotiation Tactics: 2', 'Cultural Competence: 2', 'Flexibility: 1', 'Humility: 2', 'Intuition: 1']}"
Heather,Stewart,52241632,Colombia,Salesforce Developer,sr2,"{'hard': ['Triggers: 2', 'Data Modeling: 1', 'Community Cloud: 3', 'Data Migration: 1', 'Salesforce DX: 4', 'Business Process Automation: 2', 'Debugging: 1', 'Custom Objects: 2', 'User Authentication: 3', 'API Development: 1'], 'soft': ['Delegation: 1', 'Adaptability: 1', 'Relationship Building: 1', 'Technology Savvy: 2', 'Public Speaking: 1', 'Entrepreneurial Mindset: 2', 'Persuasion: 3', 'Intellectual Curiosity: 3', 'Global Awareness: 1', 'Work Ethic: 3', 'Strategic Communication: 4', 'Resilience: 1']}"
John,Joyce,34429353,Argentina,Data Engineer,sr2,"{'hard': ['API Development: 1', 'Data Governance: 4', 'Agile: 4', 'Testing and Validation: 2', 'Apache Kafka: 4', 'Performance Tuning: 3', 'Data Quality Management: 4', 'SQL: 1', 'Python: 3', 'Data Transformation: 3'], 'soft': ['Adaptability to Change: 4', 'Intuition: 1', 'Global Awareness: 2', 'Feedback Acceptance: 3', 'Public Speaking: 2', 'Creativity: 1', 'Adaptability: 2', 'Scientific Thinking: 4', 'Integrity: 4', 'Analytical Thinking: 4', 'Civic Responsibility: 4', 'Visionary Leadership: 1']}"
Brian,Sharp,45459951,Bolivia,Salesforce Developer,sr1,"{'hard': ['Sales Cloud: 2', 'User Interface Design: 2', 'Debugging: 1', 'Community Cloud: 2', 'Triggers: 3', 'Git: 3', 'Data Modeling: 1', 'User Authentication: 2', 'Service Cloud: 2', 'Testing Frameworks: 1'], 'soft': ['Trustworthiness: 3', 'Cognitive Flexibility: 2', 'Change Facilitation: 2', 'Networking Skills: 3', 'Delegation: 1', 'Data Interpretation: 2', 'Problem Analysis: 2', 'Communication: 3', 'Innovation: 2', 'Creativity: 3', 'Critical Thinking: 1', 'Adaptability: 3']}"
David,Ingram,59069807,Venezuela,Android Mobile Developer,sr1,"{'hard': ['MVVM: 2', 'Dependency Injection: 1', 'Kotlin Coroutines: 2', 'Android NDK: 3', 'Kotlin: 1', 'Dagger: 3', 'MVP: 2', 'Android Architecture Components: 3', 'RxJava: 1', 'Constraint Layout: 3'], 'soft': ['Communication: 1', 'Coaching: 3', 'Self-Regulation: 1', 'Problem Solving: 1', 'Humility: 2', 'Civic Engagement: 1', 'Motivation: 2', 'Flexibility: 2', 'Strategic Thinking: 1', 'Social Intelligence: 2', 'Integrity: 1', 'Problem Analysis: 3']}"
Robert,Fowler,78277344,Chile,Data Engineer,sr2,"{'hard': ['Apache Spark: 2', 'API Development: 4', 'Data Modeling: 2', 'Data Transformation: 2', 'Data Cataloging: 2', 'Machine Learning Basics: 1', 'Cloud Data Solutions (AWS, Azure, GCP): 3', 'Metadata Management: 4', 'Business Intelligence: 1', 'Data Architecture: 2'], 'soft': ['Social Skills: 3', 'Task Prioritization: 1', 'Change Management: 3', 'Strategic Communication: 3', 'Risk Management: 3', 'Leadership: 1', 'Feedback Delivery: 1', 'Networking Skills: 1', 'Workplace Culture Awareness: 1', 'Ethical Judgment: 1', 'Cognitive Flexibility: 4', 'Self-Discipline: 1']}"
James,Roberts,68000467,Venezuela,DevOps Engineer,ssr,"{'hard': ['Testing Automation: 2', 'Continuous Integration/Continuous Deployment (CI/CD): 1', 'Monitoring and Logging: 2', 'Configuration Management: 1', 'Docker: 1'], 'soft': ['Mentoring Skills: 2', 'Innovation: 1', 'Negotiation: 2', 'Adaptability to Change: 1', 'Situational Awareness: 1']}"
Katelyn,Gross,86756622,Uruguay,Web UI Developer,sr3,"{'hard': ['Cross-Browser Compatibility: 4', 'Agile: 3', 'Typography: 4', 'JavaScript: 5', 'Git: 5', 'CSS: 2', 'Design Systems: 2', 'Performance Optimization: 3', 'Version Control: 4', 'Animations: 4', 'Vue.js: 3', 'Web Standards: 3', 'Front-End Frameworks: 2', 'Accessibility Standards: 4'], 'soft': ['Adaptability: 2', 'Interpersonal Communication: 5', 'Technology Savvy: 5', 'Quality Assurance: 3', 'Performance Management: 2', 'Stress Resilience: 4', 'Client Management: 3', 'Learning Agility: 3', 'Resilience: 4', 'Authenticity: 4', 'Open-mindedness: 2', 'Research Skills: 5', 'Attention to Detail: 4', 'Emotional Resilience: 2', 'Risk Management: 5']}"
Rebecca,Daniels,46668383,Peru,Java Developer,sr1,"{'hard': ['JDBC: 1', 'Microservices: 3', 'Unit Testing: 1', 'Performance Tuning: 2', 'JSON: 2', 'Continuous Integration: 2', 'REST APIs: 3', 'Logging Frameworks: 3', 'Dependency Injection: 3', 'Thread Management: 2'], 'soft': ['Work Ethic: 3', 'Teamwork: 3', 'Motivational Skills: 3', 'Goal Setting: 1', 'Ethical Judgment: 3', 'Active Listening: 3', 'Change Management: 3', 'Problem Solving: 1', 'Critical Observation: 1', 'Crisis Communication: 1', 'Delegation: 1', 'Open-mindedness: 3']}"
Lynn,Smith,81420140,Chile,Python Developer,jr,"{'hard': ['Flask: 1', 'Jupyter Notebooks: 1', 'Algorithms: 1', 'Docker: 1', 'APIs: 1'], 'soft': ['Risk Management: 1', 'Trustworthiness: 1', 'Learning Agility: 1', 'Service Orientation: 1', 'Public Speaking: 1']}"
Lindsey,Reed,62975877,Bolivia,C++ Developer,sr1,"{'hard': ['Unit Testing: 2', 'System Programming: 1', 'Algorithms: 3', 'CMake: 3', 'File I/O: 3', 'Code Review: 2', 'Data Structures: 3', 'Design Patterns: 2', 'Cross-Platform Development: 2', 'C++: 2'], 'soft': ['Teamwork: 1', 'Risk Management: 1', 'Crisis Communication: 2', 'Negotiation: 1', 'Task Prioritization: 3', 'Coaching: 2', 'Persuasion: 3', 'Change Management: 1', 'Service Orientation: 1', 'Public Speaking: 3', 'Analytical Thinking: 1', 'Communication: 1']}"
Jennifer,Wong,71197366,Bolivia,Test Automation Engineer,sr1,"{'hard': ['Behavior-Driven Development (BDD): 3', 'Test Management Tools: 2', 'Cloud Testing: 2', 'Load Testing: 2', 'Version Control: 1', 'Automation Strategy: 2', 'Selenium: 3', 'Version Control (Git): 2', 'API Testing: 1', 'Agile: 1'], 'soft': ['Self-Regulation: 3', 'Visionary Leadership: 1', 'Active Listening: 3', 'Situational Awareness: 1', 'Social Intelligence: 2', 'Adaptability to Change: 3', 'Self-Discipline: 2', 'Public Relations: 2', 'Work-Life Balance: 3', 'Cognitive Flexibility: 3', 'Cultural Competence: 2', 'Networking Skills: 3']}"
Jason,Gutierrez,20880813,Uruguay,RPA Developer,sr3,"{'hard': ['SQL: 5', 'Robotic Process Automation Frameworks: 3', 'Process Analysis: 2', 'Security Best Practices: 3', 'Version Control: 3', 'Scripting: 4', 'Data Quality Management: 4', 'Documentation: 4', 'Agile: 4', 'REST APIs: 3', 'Debugging: 3', 'UiPath: 2', 'Workflow Design: 2', 'Reporting: 4'], 'soft': ['Workplace Culture Awareness: 4', 'Cognitive Flexibility: 5', 'Initiative: 3', 'Stress Resilience: 4', 'Technology Savvy: 2', 'Self-Motivation: 4', 'Empathy: 3', 'Work-Life Balance: 5', 'Negotiation: 5', 'Adaptability: 2', 'Visionary Leadership: 3', 'Adaptability to Change: 3', 'Influencing: 4', 'Service Orientation: 2', 'Civic Engagement: 3']}"
James,Li,99773848,Uruguay,RPA Developer,jr,"{'hard': ['Robotic Process Automation Frameworks: 1', 'Change Management: 1', 'Task Automation: 1', 'Testing Automation: 1', 'Automation Anywhere: 1'], 'soft': ['Customer Service: 1', 'Presentation Skills: 1', 'Integrity: 1', 'Active Listening: 1', 'Professionalism: 1']}"
Thomas,Mcgee,32558193,Mexico,IOT Platform Engineer,sr2,"{'hard': ['Network Security: 3', 'API Development: 3', 'Security Best Practices: 3', 'Data Visualization: 4', 'Deployment Techniques: 4', 'Data Processing: 2', 'User Authentication: 4', 'Edge Computing: 3', 'Interoperability Standards: 1', 'Lifecycle Management: 3'], 'soft': ['Delegation: 3', 'Adaptability: 4', 'Facilitation Skills: 2', 'Work-Life Balance: 3', 'Process Improvement: 1', 'Ethical Judgment: 3', 'Emotional Intelligence: 2', 'Entrepreneurial Mindset: 4', 'Critical Observation: 4', 'Networking Skills: 2', 'Situational Awareness: 2', 'Data Interpretation: 3']}"
Hayley,Powell,39341320,Bolivia,Cloud Engineer,sr2,"{'hard': ['CI/CD: 3', 'Data Storage Solutions: 4', 'Load Balancing: 2', 'Version Control (Git): 4', 'Disaster Recovery Planning: 3', 'Cloud Security: 2', 'DevOps: 4', 'Scripting (Python, Bash): 1', 'Networking: 3', 'Agile: 1'], 'soft': ['Scientific Thinking: 4', 'Change Facilitation: 3', 'Conflict Resolution: 1', 'Public Relations: 3', 'Authenticity: 1', 'Communication: 3', 'Process Improvement: 4', 'Resilience: 4', 'Initiative: 2', 'Inclusivity: 3', 'Positivity: 2', 'Adaptability: 4']}"
Richard,Villanueva,85172140,Bolivia,Flutter Developer,sr1,"{'hard': ['Internationalization: 2', 'Flutter: 2', 'User Interface Testing: 3', 'Version Control (Git): 2', 'Agile: 1', 'UI/UX Design: 1', 'Integration Testing: 2', 'Platform Channels: 2', 'Network Connectivity: 3', 'Dart: 3'], 'soft': ['Presentation Skills: 3', 'Initiative: 2', 'Responsibility: 2', 'Crisis Communication: 3', 'Problem Analysis: 2', 'Task Prioritization: 3', 'Feedback Delivery: 1', 'Time Awareness: 2', 'Negotiation: 3', 'Influencing: 3', 'Resourcefulness: 2', 'Resilience: 3']}"
Dakota,Taylor,97526732,Peru,Web UI Developer,sr1,"{'hard': ['React: 1', 'Figma/Adobe XD: 1', 'Git: 1', 'Accessibility Standards: 1', 'Front-End Frameworks: 1', 'Image Optimization: 2', 'Testing Frameworks (Jest, Mocha): 1', 'Agile: 1', 'Angular: 2', 'Cross-Browser Compatibility: 1'], 'soft': ['Time Optimization: 1', 'Writing Skills: 1', 'Authenticity: 1', 'Adaptability: 1', 'Networking Skills: 2', 'Decision Making: 2', 'Influencing: 3', 'Social Skills: 2', 'Conflict Resolution: 1', 'Cultural Competence: 3', 'Social Intelligence: 2', 'Personality Awareness: 3']}"
Madison,Williams,52660000,Bolivia,Cybersecurity Engineer,jr,"{'hard': ['Endpoint Protection: 1', 'Authentication Mechanisms: 1', 'Network Protocols: 1', 'Scripting (Python, PowerShell): 1', 'Malware Analysis: 1'], 'soft': ['Innovation: 1', 'Crisis Communication: 1', 'Strategic Thinking: 1', 'Creativity: 1', 'Resilience: 1']}"
Robert,Russell,78696032,Mexico,IOT Platform Engineer,sr1,"{'hard': ['Data Analytics: 3', 'Device Connectivity: 3', 'Interoperability Standards: 1', 'Remote Device Monitoring: 1', 'Microservices Architecture: 2', 'Telemetry: 3', 'IoT Protocols (MQTT, CoAP): 3', 'Sensor Technologies: 1', 'Firmware Development: 1', 'Big Data Technologies: 1'], 'soft': ['Flexibility: 2', 'Civic Engagement: 1', 'Responsibility: 3', 'Integrity: 3', 'Active Listening: 2', 'Data Interpretation: 3', 'Emotional Intelligence: 3', 'Work-Life Balance: 1', 'Self-Motivation: 3', 'Diversity Awareness: 2', 'Technology Savvy: 2', 'Mentoring: 1']}"
David,Gilbert,12120622,Venezuela,iOS Mobile Developer,ssr,"{'hard': ['Third-party Libraries: 2', 'Agile: 2', 'Unit Testing: 1', 'Design Patterns: 1', 'Debugging: 2'], 'soft': ['Team Building: 2', 'Conflict Resolution: 1', 'Networking: 2', 'Negotiation Tactics: 2', 'Writing Skills: 2']}"
Nicole,Curtis,45080114,Uruguay,Python Developer,sr2,"{'hard': ['Django: 2', 'Data Analysis: 2', 'Algorithms: 1', 'REST APIs: 4', 'Selenium: 1', 'Pandas: 1', 'Natural Language Processing (NLP): 1', 'Data Engineering: 2', 'Data Structures: 2', 'Docker: 1'], 'soft': ['Performance Management: 4', 'Mentoring Skills: 1', 'Facilitation Skills: 3', 'Cultural Competence: 4', 'Work Ethic: 3', 'Situational Awareness: 3', 'Positivity: 4', 'Time Awareness: 2', 'Scientific Thinking: 4', 'Feedback Acceptance: 4', 'Change Management: 2', 'Emotional Intelligence: 2']}"
Cynthia,Haley,18811080,Venezuela,RPA Developer,sr3,"{'hard': ['Agile: 4', 'Robotic Process Automation Frameworks: 3', 'Scripting: 3', 'Java: 3', 'Python: 3', 'Task Automation: 3', 'Version Control: 4', 'Documentation: 3', 'UiPath: 2', 'Integration with Third-party Applications: 5', 'Data Quality Management: 5', 'Workflow Design: 3', 'Blue Prism: 5', 'Business Intelligence Tools: 4'], 'soft': ['Workplace Culture Awareness: 3', 'Innovation: 2', 'Resourcefulness: 2', 'Empathy: 3', 'Work-Life Balance: 5', 'Change Management: 3', 'Civic Engagement: 4', 'Resource Allocation: 2', 'Risk Management: 4', 'Time Optimization: 2', 'Task Prioritization: 4', 'Feedback Acceptance: 2', 'Active Listening: 2', 'Personality Awareness: 3', 'Research Skills: 3']}"
Monica,Brown,50408179,Chile,Sharepoint Developer,jr,"{'hard': ['Office 365: 1', 'SharePoint Online: 1', 'HTML: 1', 'JavaScript: 1', 'Debugging: 1'], 'soft': ['Self-Confidence: 1', 'Crisis Management: 1', 'Data Interpretation: 1', 'Self-Regulation: 1', 'Civic Engagement: 1']}"
Thomas,Foster,79776081,Argentina,Android Mobile Developer,sr1,"{'hard': ['Motion Layout: 2', 'Kotlin: 2', 'Android NDK: 2', 'Performance Tuning: 2', 'Firebase: 2', 'RxJava: 1', 'Agile: 1', 'JUnit: 2', 'Android SDK: 1', 'ProGuard: 2'], 'soft': ['Goal Setting: 3', 'Intuition: 2', 'Writing Skills: 2', 'Feedback Acceptance: 1', 'Work-Life Balance: 1', 'Creativity: 2', 'Time Optimization: 3', 'Entrepreneurial Mindset: 3', 'Motivation: 1', 'Adaptability to Change: 3', 'Negotiation Tactics: 3', 'Performance Management: 3']}"
David,Bates,10056040,Mexico,Python Developer,jr,"{'hard': ['APIs: 1', 'REST APIs: 1', 'Data Visualization: 1', 'Data Quality Assessment: 1', 'Security Best Practices: 1'], 'soft': ['Resourcefulness: 1', 'Decision Making: 1', 'Cognitive Flexibility: 1', 'Motivational Skills: 1', 'Ethical Judgment: 1']}"
John,Burton,65765939,Chile,Ruby Developer,sr2,"{'hard': ['Front-end Frameworks: 4', 'Integration with Third-party APIs: 1', 'Web Services: 4', 'MVC Architecture: 2', 'Performance Optimization: 2', 'Data Migration: 2', 'Ruby on Rails: 4', 'User Authentication: 1', 'Agile: 4', 'Git: 2'], 'soft': ['Intellectual Curiosity: 1', 'Creativity: 1', 'Empathy: 3', 'Feedback Delivery: 1', 'Ethical Judgment: 2', 'Goal Setting: 4', 'Time Management: 2', 'Conflict Resolution: 1', 'Initiative: 2', 'Technology Savvy: 4', 'Self-Confidence: 2', 'Writing Skills: 3']}"
Walter,Salinas,86816301,Mexico,NodeJs Developer,ssr,"{'hard': ['HTML/CSS: 2', 'Chai: 2', 'Logging Frameworks: 1', 'Data Structures: 1', 'WebSockets: 1'], 'soft': ['Interpersonal Communication: 2', 'Delegation: 1', 'Authenticity: 2', 'Cognitive Flexibility: 2', 'Emotional Resilience: 1']}"
Matthew,Calderon,32821281,Uruguay,SQL Developer,jr,"{'hard': ['Reporting Tools: 1', 'MySQL: 1', 'T-SQL: 1', 'NoSQL Databases: 1', 'SQL Server: 1'], 'soft': ['Situational Awareness: 1', 'Self-Confidence: 1', 'Integrity: 1', 'Humility: 1', 'Civic Engagement: 1']}"
Wesley,Daniel,73373564,Peru,Cybersecurity Engineer,sr2,"{'hard': ['Data Loss Prevention (DLP): 1', 'Cloud Security: 2', 'Endpoint Protection: 4', 'Malware Analysis: 1', 'Data Protection: 3', 'Network Security: 1', 'Security Information and Event Management (SIEM): 4', 'Scripting (Python, PowerShell): 2', 'Application Security: 2', 'Mobile Security: 4'], 'soft': ['Team Building: 2', 'Strategic Communication: 4', 'Teamwork: 4', 'Customer Service: 3', 'Adaptability: 3', 'Goal Setting: 1', 'Resource Allocation: 4', 'Stress Management: 3', 'Interpersonal Skills: 3', 'Positivity: 4', 'Interpersonal Communication: 1', 'Persuasion: 3']}"
Timothy,Perry,79600510,Uruguay,Game Developer,ssr,"{'hard': ['User Interface Design: 1', 'Sound Design: 1', 'Visual Scripting: 2', 'Physics Simulation: 2', 'Procedural Generation: 2'], 'soft': ['Trust Building: 2', 'Active Listening: 2', 'Public Speaking: 2', 'Crisis Communication: 1', 'Leadership: 1']}"
Lauren,Lane,74066317,Ecuador,Cobol Developer,sr1,"{'hard': ['Reporting: 3', 'CICS: 3', 'IBM z/OS: 1', 'Agile: 3', 'Micro Focus: 1', 'System Integration: 2', 'Documentation: 2', 'Legacy Systems: 1', 'VSAM: 1', 'Data Structures: 1'], 'soft': ['Relationship Building: 1', 'Trustworthiness: 1', 'Authenticity: 2', 'Feedback Acceptance: 2', 'Responsibility: 1', 'Active Listening: 2', 'Communication: 2', 'Change Management: 3', 'Social Skills: 3', 'Social Intelligence: 2', 'Open-mindedness: 3', 'Resourcefulness: 1']}"
Jessica,Welch,47593780,Uruguay,Salesforce Developer,sr2,"{'hard': ['Custom Objects: 3', 'Process Builder: 2', 'REST APIs: 1', 'Triggers: 3', 'Data Modeling: 4', 'Service Cloud: 3', 'Business Process Automation: 2', 'User Interface Design: 1', 'Visualforce: 2', 'Testing Frameworks: 4'], 'soft': ['Diversity Awareness: 2', 'Relationship Building: 2', 'Technology Savvy: 2', 'Self-Motivation: 2', 'Change Facilitation: 2', 'Time Awareness: 3', 'Public Relations: 4', 'Customer Service: 3', 'Social Skills: 3', 'Negotiation Tactics: 2', 'Intuition: 1', 'Leadership: 4']}"
Cory,Reed,97560160,Peru,Web Mobile Developer,jr,"{'hard': ['UI/UX Design: 1', 'React Native: 1', 'Service Workers: 1', 'Network Communication: 1', 'State Management: 1'], 'soft': ['Analytical Thinking: 1', 'Visionary Thinking: 1', 'Stress Management: 1', 'Cognitive Flexibility: 1', 'Cultural Competence: 1']}"
Sara,Koch,41189487,Argentina,NodeJs Developer,sr1,"{'hard': ['Performance Optimization: 2', 'Middleware: 1', 'Redis: 2', 'AWS: 1', 'Event-Driven Architecture: 2', 'JavaScript: 2', 'WebSockets: 1', 'Git: 1', 'Mocha: 2', 'HTML/CSS: 3'], 'soft': ['Mentoring: 3', 'Interpersonal Communication: 2', 'Self-Confidence: 3', 'Data Interpretation: 1', 'Self-Discipline: 2', 'Motivation: 2', 'Client Management: 2', 'Teamwork: 1', 'Feedback Acceptance: 2', 'Learning Agility: 1', 'Civic Engagement: 2', 'Social Skills: 2']}"
Dylan,Diaz,79411699,Colombia,Data Engineer,jr,"{'hard': ['Data Warehousing: 1', 'Analytics Integration: 1', 'Testing and Validation: 1', 'Data Transformation: 1', 'Data Architecture: 1'], 'soft': ['Problem Analysis: 1', 'Motivational Skills: 1', 'Decision Making: 1', 'Public Relations: 1', 'Work Ethic: 1']}"
James,Morrow,71385113,Argentina,Cybersecurity Engineer,sr1,"{'hard': ['Network Security: 2', 'Authentication Mechanisms: 3', 'Incident Response: 1', 'Firewalls: 1', 'DevSecOps: 3', 'Security Frameworks (CIS, OWASP): 1', 'Security Auditing: 1', 'Data Protection: 1', 'Forensics: 3', 'Penetration Testing: 2'], 'soft': ['Diversity Awareness: 2', 'Problem Analysis: 3', 'Conflict Management: 3', 'Process Improvement: 1', 'Problem Solving: 1', 'Negotiation: 2', 'Intuition: 3', 'Time Awareness: 1', 'Empathy: 2', 'Self-Motivation: 3', 'Coaching: 1', 'Creativity: 2']}"
Michael,Navarro,59432488,Mexico,Web UI Developer,sr2,"{'hard': ['Version Control: 3', 'Progressive Enhancement: 1', 'Testing Frameworks (Jest, Mocha): 3', 'Agile: 2', 'Vue.js: 2', 'React: 4', 'Animations: 2', 'Web Standards: 1', 'JavaScript: 1', 'Accessibility Standards: 3'], 'soft': ['Influencing: 1', 'Process Improvement: 1', 'Authenticity: 1', 'Virtual Collaboration: 1', 'Risk Management: 4', 'Resilience: 3', 'Research Skills: 2', 'Negotiation: 4', 'Writing Skills: 1', 'Problem Analysis: 4', 'Teamwork: 4', 'Entrepreneurial Mindset: 2']}"
Nicholas,Austin,33026496,Paraguay,Java Developer,sr1,"{'hard': ['Unit Testing: 1', 'Spring: 1', 'Data Structures: 1', 'REST APIs: 2', 'Spring Boot: 1', 'API Development: 1', 'Multi-threading: 3', 'JUnit: 2', 'Security: 3', 'Logging Frameworks: 3'], 'soft': ['Strategic Communication: 3', 'Customer Service: 1', 'Strategic Thinking: 2', 'Humility: 3', 'Virtual Collaboration: 2', 'Adaptability to Change: 1', 'Service Orientation: 1', 'Change Management: 2', 'Social Skills: 1', 'Research Skills: 1', 'Learning Agility: 2', 'Conflict Resolution: 3']}"
Debbie,Wells,19227629,Peru,Python Developer,sr1,"{'hard': ['Jupyter Notebooks: 1', 'SQL: 1', 'Concurrency: 1', 'Matplotlib: 1', 'Spark: 1', 'Pytorch: 2', 'Django: 3', 'Data Engineering: 3', 'Algorithms: 2', 'Python: 1'], 'soft': ['Time Optimization: 2', 'Adaptability: 2', 'Decision Making: 2', 'Work-Life Balance: 2', 'Quality Assurance: 1', 'Humility: 2', 'Personality Awareness: 3', 'Stress Management: 2', 'Strategic Thinking: 1', 'Cultural Awareness: 3', 'Visionary Thinking: 3', 'Flexibility: 3']}"
Heather,Price,89291701,Bolivia,NodeJs Developer,sr2,"{'hard': ['Docker: 3', 'JWT: 4', 'Security Best Practices: 3', 'Error Handling: 1', 'WebSockets: 3', 'Git: 3', 'Socket.io: 4', 'Frontend Frameworks (React/Vue): 4', 'API Development: 3', 'Chai: 3'], 'soft': ['Time Management: 3', 'Networking: 2', 'Team Building: 2', 'Inclusivity: 3', 'Negotiation: 1', 'Situational Awareness: 3', 'Stress Management: 4', 'Social Skills: 4', 'Emotional Intelligence: 3', 'Teamwork: 1', 'Professionalism: 4', 'Intellectual Curiosity: 1']}"
Samantha,Henderson,11263801,Argentina,Game Developer,jr,"{'hard': ['Cross-platform Development: 1', 'Debugging: 1', 'Graphics Programming: 1', 'AI Programming: 1', 'Physics Simulation: 1'], 'soft': ['Networking Skills: 1', 'Technology Savvy: 1', 'Service Orientation: 1', 'Empathy: 1', 'Cognitive Flexibility: 1']}"
Robert,Martinez,72412624,Argentina,Data Engineer,sr3,"{'hard': ['Machine Learning Basics: 5', 'Apache Kafka: 3', 'Testing and Validation: 2', 'Metadata Management: 2', 'Data Modeling: 3', 'Performance Tuning: 5', 'Data Quality Management: 4', 'Data Architecture: 4', 'SQL: 2', 'Python: 4', 'Version Control (Git): 3', 'Analytics Integration: 4', 'Agile: 2', 'API Development: 2'], 'soft': ['Leadership: 3', 'Intellectual Curiosity: 3', 'Scientific Thinking: 3', 'Flexibility: 5', 'Time Management: 4', 'Time Awareness: 4', 'Delegation: 5', 'Self-Regulation: 3', 'Client Management: 4', 'Feedback Delivery: 3', 'Change Facilitation: 3', 'Presentation Skills: 3', 'Coaching: 3', 'Virtual Collaboration: 5', 'Trust Building: 4']}"
Angela,Brown,42386943,Bolivia,Sharepoint Developer,sr2,"{'hard': ['CSS: 4', 'User Interface Design: 1', 'REST APIs: 3', 'ASP.NET: 2', 'Agile: 2', 'SharePoint Designer: 4', 'Team Sites: 1', 'JavaScript: 1', 'Business Intelligence: 3', 'HTML: 1'], 'soft': ['Creativity: 2', 'Professionalism: 1', 'Data Interpretation: 2', 'Goal Setting: 2', 'Conflict Management: 1', 'Civic Responsibility: 4', 'Quality Assurance: 2', 'Social Skills: 1', 'Scientific Thinking: 2', 'Time Management: 3', 'Positivity: 3', 'Self-Regulation: 3']}"
William,Suarez,22802265,Colombia,PHP Developer,sr2,"{'hard': ['Composer: 1', 'PHP: 2', 'JSON: 2', 'Data Structures: 2', 'MVC Architecture: 4', 'Caching Techniques: 4', 'REST APIs: 2', 'User Authentication: 3', 'Unit Testing: 1', 'Debugging: 3'], 'soft': ['Conflict Management: 1', 'Trust Building: 3', 'Motivation: 1', 'Social Intelligence: 3', 'Motivational Skills: 3', 'Open-mindedness: 4', 'Interpersonal Communication: 1', 'Self-Discipline: 3', 'Persuasion: 2', 'Empathy: 3', 'Service Orientation: 2', 'Diversity Awareness: 2']}"
Erica,Allen,96212483,Chile,Flutter Developer,jr,"{'hard': ['Responsive Design: 1', 'RESTful APIs: 1', 'Integration Testing: 1', 'Debugging: 1', 'State Management: 1'], 'soft': ['Conflict Resolution: 1', 'Facilitation Skills: 1', 'Civic Responsibility: 1', 'Service Orientation: 1', 'Authenticity: 1']}"
Anthony,Scott,84077473,Bolivia,Flutter Developer,ssr,"{'hard': ['Dart: 2', 'App Deployment: 2', 'Security Best Practices: 2', 'Internationalization: 2', 'Firebase: 1'], 'soft': ['Entrepreneurial Mindset: 1', 'Writing Skills: 1', 'Creativity: 1', 'Crisis Communication: 1', 'Service Orientation: 1']}"
Jeffrey,Barton,24381554,Paraguay,SQL Developer,ssr,"{'hard': ['Database Design: 2', 'Data Structures: 2', 'PostgreSQL: 1', 'Data Visualization: 1', 'Stored Procedures: 2'], 'soft': ['Crisis Communication: 1', 'Empathy: 1', 'Task Prioritization: 2', 'Self-Discipline: 1', 'Global Awareness: 2']}"
Thomas,Miller,13107409,Chile,PHP Developer,jr,"{'hard': ['Security Best Practices: 1', 'User Authentication: 1', 'Composer: 1', 'Symfony: 1', 'Session Management: 1'], 'soft': ['Networking Skills: 1', 'Intellectual Curiosity: 1', 'Strategic Communication: 1', 'Resourcefulness: 1', 'Diversity Awareness: 1']}"
Michelle,Mercado,26301906,Bolivia,Web UI Developer,sr2,"{'hard': ['UI/UX Design: 4', 'CSS: 4', 'Progressive Enhancement: 1', 'Version Control: 4', 'Web Design Principles: 1', 'Vue.js: 4', 'REST APIs: 2', 'SEO Best Practices: 2', 'Cross-Browser Compatibility: 2', 'CSS Preprocessors (Sass, LESS): 1'], 'soft': ['Innovation: 1', 'Stress Management: 2', 'Social Intelligence: 4', 'Responsibility: 2', 'Visionary Leadership: 3', 'Attention to Detail: 3', 'Team Building: 4', 'Humility: 1', 'Networking: 2', 'Entrepreneurial Mindset: 4', 'Collaboration: 1', 'Time Management: 3']}"
Angela,Hill,36562983,Venezuela,Web Mobile Developer,sr1,"{'hard': ['Local Storage: 1', 'WebSockets: 1', 'Service Workers: 2', 'Frontend Frameworks: 1', 'Responsive Design: 1', 'Version Control: 2', 'State Management: 3', 'UI/UX Design: 3', 'React Native: 2', 'Progressive Web Apps (PWAs): 2'], 'soft': ['Writing Skills: 1', 'Intellectual Curiosity: 2', 'Change Management: 1', 'Risk Management: 3', 'Client Management: 2', 'Conflict Management: 1', 'Interpersonal Skills: 1', 'Innovation: 1', 'Goal Setting: 3', 'Cultural Awareness: 1', 'Coaching: 3', 'Public Speaking: 2']}"
Frank,Scott,14826438,Bolivia,Cobol Developer,sr2,"{'hard': ['Data Mapping: 4', 'JCL: 1', 'Agile: 1', 'CICS: 4', 'COBOL: 3', 'File Handling: 3', 'Debugging: 4', 'Software Maintenance: 3', 'Data Migration: 2', 'Unit Testing: 1'], 'soft': ['Time Optimization: 1', 'Personality Awareness: 4', 'Self-Regulation: 2', 'Global Awareness: 3', 'Problem Solving: 1', 'Feedback Delivery: 4', 'Service Orientation: 1', 'Relationship Building: 1', 'Client Management: 2', 'Data Interpretation: 2', 'Influencing: 3', 'Decision Making: 4']}"
Melissa,Lee,73721637,Paraguay,DevOps Engineer,sr1,"{'hard': ['Disaster Recovery: 1', 'Agile: 1', 'Custom Scripts: 2', 'Collaboration Tools: 3', 'Continuous Integration/Continuous Deployment (CI/CD): 3', 'Version Control (Git): 3', 'Release Management: 1', 'Error Tracking: 3', 'Networking: 1', 'User Access Control: 2'], 'soft': ['Motivation: 1', 'Interpersonal Skills: 3', 'Responsibility: 2', 'Risk Management: 3', 'Resilience: 2', 'Strategic Communication: 1', 'Critical Observation: 2', 'Innovation: 1', 'Writing Skills: 3', 'Civic Engagement: 3', 'Intuition: 2', 'Active Listening: 2']}"
Lisa,Davis,26511514,Colombia,Test Automation Engineer,sr1,"{'hard': ['Python: 1', 'TestNG: 1', 'Integration Testing: 1', 'Test Management Tools: 2', 'Automation Strategy: 3', 'Data-Driven Testing: 2', 'JavaScript: 2', 'User Interface Testing: 2', 'API Testing: 2', 'Framework Development: 2'], 'soft': ['Research Skills: 1', 'Feedback Delivery: 3', 'Adaptability: 1', 'Problem Solving: 1', 'Persuasion: 3', 'Attention to Detail: 3', 'Motivational Skills: 3', 'Strategic Communication: 1', 'Emotional Resilience: 1', 'Resource Allocation: 3', 'Decision Making: 3', 'Process Improvement: 1']}"
Cody,Johnson,36756108,Venezuela,NodeJs Developer,jr,"{'hard': ['Frontend Frameworks (React/Vue): 1', 'Socket.io: 1', 'Unit Testing: 1', 'Data Structures: 1', 'TypeScript: 1'], 'soft': ['Flexibility: 1', 'Open-mindedness: 1', 'Negotiation: 1', 'Authenticity: 1', 'Feedback Delivery: 1']}"
Lisa,Brown,19128054,Ecuador,Test Automation Engineer,sr2,"{'hard': ['Regression Testing: 3', 'Framework Development: 2', 'CI/CD: 4', 'Scripting: 1', 'Version Control: 1', 'Version Control (Git): 1', 'Cross-Browser Testing: 4', 'Java: 2', 'Data-Driven Testing: 1', 'Reporting Tools: 3'], 'soft': ['Intellectual Curiosity: 3', 'Delegation: 3', 'Situational Awareness: 1', 'Conflict Management: 3', 'Teamwork: 2', 'Relationship Building: 4', 'Writing Skills: 4', 'Negotiation: 2', 'Professionalism: 1', 'Communication: 3', 'Intuition: 1', 'Analytical Thinking: 1']}"
Lauren,Wilson,87563048,Argentina,Salesforce Developer,sr3,"{'hard': ['Business Process Automation: 2', 'REST APIs: 4', 'Reports and Dashboards: 3', 'SOQL: 4', 'Lightning Web Components: 4', 'Triggers: 2', 'Data Modeling: 5', 'Custom Objects: 5', 'User Authentication: 4', 'Agile: 2', 'Salesforce DX: 3', 'Visualforce: 3', 'Salesforce CRM: 5', 'Debugging: 5'], 'soft': ['Interpersonal Skills: 5', 'Intuition: 5', 'Social Intelligence: 5', 'Risk Management: 3', 'Cultural Awareness: 5', 'Intellectual Curiosity: 4', 'Writing Skills: 3', 'Crisis Management: 4', 'Problem Analysis: 4', 'Feedback Acceptance: 4', 'Feedback Delivery: 2', 'Work Ethic: 3', 'Civic Engagement: 2', 'Civic Responsibility: 3', 'Persuasion: 5']}"
Jennifer,Miller,31204542,Paraguay,Flutter Developer,jr,"{'hard': ['Accessibility Features: 1', 'Security Best Practices: 1', 'State Management: 1', 'User Interface Testing: 1', 'Platform Channels: 1'], 'soft': ['Cognitive Flexibility: 1', 'Time Management: 1', 'Problem Solving: 1', 'Civic Responsibility: 1', 'Conflict Management: 1']}"
Laura,Adams,11161055,Mexico,SQL Developer,sr3,"{'hard': ['Agile: 2', 'Database Design: 5', 'Triggers: 3', 'Debugging: 4', 'SQL: 3', 'Business Intelligence Tools: 5', 'Stored Procedures: 3', 'T-SQL: 4', 'Data Warehousing: 4', 'Query Optimization: 4', 'Security Best Practices: 2', 'Version Control: 3', 'Database Administration: 2', 'MySQL: 5'], 'soft': ['Self-Regulation: 5', 'Resourcefulness: 2', 'Entrepreneurial Mindset: 2', 'Team Building: 3', 'Change Management: 2', 'Visionary Thinking: 3', 'Visionary Leadership: 5', 'Research Skills: 4', 'Attention to Detail: 3', 'Humility: 3', 'Ethical Judgment: 4', 'Civic Responsibility: 5', 'Professionalism: 5', 'Work Ethic: 2', 'Inclusivity: 2']}"
Evan,Brown,11786957,Venezuela,iOS Mobile Developer,sr1,"{'hard': ['Firebase: 3', 'UIKit: 2', 'Third-party Libraries: 3', 'Performance Optimization: 3', 'RESTful APIs: 3', 'In-App Purchases: 2', 'User Interface Design: 2', 'Animation: 1', 'App Store Submission: 1', 'Push Notifications: 3'], 'soft': ['Flexibility: 2', 'Entrepreneurial Mindset: 2', 'Crisis Communication: 1', 'Professionalism: 2', 'Networking Skills: 3', 'Self-Confidence: 2', 'Work-Life Balance: 1', 'Humility: 3', 'Feedback Acceptance: 3', 'Interpersonal Communication: 3', 'Social Intelligence: 1', 'Crisis Management: 2']}"
Troy,Burns,27156707,Argentina,Web Mobile Developer,sr3,"{'hard': ['Debugging: 5', 'Progressive Web Apps (PWAs): 5', 'Data Structures: 4', 'React Native: 2', 'Testing Frameworks: 4', 'State Management: 2', 'Version Control: 3', 'Analytics Integration: 5', 'Mobile First Design: 4', 'Service Workers: 3', 'REST APIs: 3', 'GraphQL: 3', 'Deployment Techniques: 3', 'Responsive Design: 4'], 'soft': ['Integrity: 5', 'Cultural Awareness: 5', 'Technology Savvy: 5', 'Strategic Communication: 2', 'Social Skills: 2', 'Trust Building: 5', 'Writing Skills: 2', 'Professionalism: 3', 'Risk Management: 2', 'Public Relations: 5', 'Attention to Detail: 3', 'Crisis Management: 3', 'Facilitation Skills: 2', 'Stress Management: 5', 'Interpersonal Communication: 4']}"
Kendra,Bass,55606054,Chile,Ruby Developer,sr2,"{'hard': ['Data Migration: 4', 'Version Control: 4', 'Testing Frameworks (RSpec): 1', 'Middleware: 4', 'Caching Techniques: 2', 'Security Best Practices: 3', 'Error Handling: 3', 'Responsive Design: 4', 'Deployment Techniques: 4', 'Ruby: 2'], 'soft': ['Public Relations: 3', 'Motivation: 1', 'Resourcefulness: 3', 'Crisis Communication: 3', 'Resource Allocation: 1', 'Creativity: 4', 'Networking: 1', 'Motivational Skills: 4', 'Situational Awareness: 3', 'Inclusivity: 1', 'Self-Discipline: 3', 'Persuasion: 4']}"
Jesus,Ali,44847596,Ecuador,Web Mobile Developer,sr3,"{'hard': ['Testing Frameworks: 3', 'Data Structures: 2', 'React Native: 4', 'Third-party Libraries: 4', 'State Management: 3', 'Debugging: 2', 'JavaScript: 4', 'GraphQL: 3', 'Progressive Web Apps (PWAs): 4', 'REST APIs: 2', 'Deployment Techniques: 3', 'Code Review: 2', 'Mobile First Design: 2', 'Authentication Mechanisms: 3'], 'soft': ['Relationship Building: 2', 'Learning Agility: 2', 'Self-Motivation: 4', 'Mentoring: 2', 'Cultural Awareness: 5', 'Interpersonal Communication: 4', 'Time Management: 2', 'Problem Analysis: 2', 'Creativity: 2', 'Networking Skills: 3', 'Crisis Communication: 5', 'Adaptability: 3', 'Personality Awareness: 2', 'Feedback Acceptance: 4', 'Stress Resilience: 5']}"
Alicia,Rodriguez,85255038,Argentina,C++ Developer,ssr,"{'hard': ['Automated Testing: 1', 'Linux Development: 2', 'DirectX: 1', 'Code Review: 1', 'Data Structures: 1'], 'soft': ['Decision Making: 2', 'Trustworthiness: 1', 'Emotional Intelligence: 2', 'Time Management: 1', 'Learning Agility: 2']}"
Jennifer,Fox,92758598,Paraguay,Data Engineer,jr,"{'hard': ['Apache Spark: 1', 'ETL Processes: 1', 'Data Cataloging: 1', 'NoSQL Databases: 1', 'Testing and Validation: 1'], 'soft': ['Responsibility: 1', 'Critical Thinking: 1', 'Innovation: 1', 'Teamwork: 1', 'Open-mindedness: 1']}"
Connie,Wolf,76074911,Colombia,.Net Developer,jr,"{'hard': ['DevOps: 1', 'Data Structures: 1', 'JavaScript: 1', 'Cloud Services (Azure): 1', '.NET Framework: 1'], 'soft': ['Conflict Management: 1', 'Public Relations: 1', 'Client Management: 1', 'Creativity: 1', 'Cultural Competence: 1']}"
Alejandro,Kennedy,25553629,Venezuela,.Net Developer,ssr,"{'hard': ['.NET Core: 2', 'DevOps: 2', 'Code Review: 1', 'Web API: 2', 'Entity Framework: 2'], 'soft': ['Social Intelligence: 1', 'Coaching: 1', 'Change Management: 1', 'Public Speaking: 2', 'Performance Management: 2']}"
Samantha,Winters,94101550,Venezuela,Cloud Engineer,sr3,"{'hard': ['Agile: 2', 'Cloud Security: 2', 'Networking: 4', 'Docker: 3', 'Infrastructure as Code (IaC): 4', 'Automation Tools: 3', 'Google Cloud Platform: 3', 'DevOps: 4', 'CI/CD: 5', 'API Management: 4', 'Database Management: 4', 'AWS: 4', 'Azure: 5', 'Load Balancing: 4'], 'soft': ['Goal Setting: 2', 'Data Interpretation: 4', 'Time Management: 4', 'Resilience: 4', 'Trustworthiness: 2', 'Leadership: 5', 'Entrepreneurial Mindset: 5', 'Emotional Intelligence: 2', 'Crisis Communication: 4', 'Crisis Management: 2', 'Teamwork: 4', 'Creativity: 4', 'Cultural Awareness: 4', 'Cognitive Flexibility: 5', 'Service Orientation: 2']}"
Miguel,Gordon,43355163,Paraguay,.Net Developer,sr2,"{'hard': ['Visual Studio: 3', 'Dependency Injection: 2', 'Cloud Services (Azure): 2', 'REST APIs: 1', 'Debugging: 3', 'SQL Server: 3', 'DevOps: 2', 'Web API: 3', 'Unit Testing: 3', 'Version Control (Git): 3'], 'soft': ['Crisis Management: 2', 'Self-Regulation: 2', 'Emotional Intelligence: 2', 'Emotional Resilience: 2', 'Visionary Leadership: 1', 'Personality Awareness: 1', 'Relationship Building: 2', 'Adaptability to Change: 1', 'Authenticity: 2', 'Leadership: 4', 'Process Improvement: 4', 'Change Facilitation: 2']}"
Sean,Gardner,94731481,Ecuador,Data Engineer,sr3,"{'hard': ['Performance Tuning: 4', 'Testing and Validation: 2', 'Cloud Data Solutions (AWS, Azure, GCP): 3', 'Data Modeling: 4', 'Data Visualization Tools (Tableau, Power BI): 4', 'Data Lakes: 2', 'Machine Learning Basics: 2', 'API Development: 5', 'Data Integration Tools: 5', 'Metadata Management: 3', 'Data Governance: 5', 'Data Transformation: 2', 'ETL Processes: 5', 'Data Pipeline Development: 3'], 'soft': ['Mentoring: 3', 'Technology Savvy: 3', 'Attention to Detail: 5', 'Self-Discipline: 4', 'Humility: 3', 'Analytical Thinking: 4', 'Self-Regulation: 4', 'Self-Motivation: 3', 'Resourcefulness: 2', 'Workplace Culture Awareness: 4', 'Facilitation Skills: 2', 'Interpersonal Communication: 4', 'Integrity: 4', 'Change Management: 4', 'Visionary Thinking: 2']}"
Lindsey,Stanton,87603461,Chile,Ruby Developer,sr2,"{'hard': ['Testing Frameworks (RSpec): 1', 'User Authentication: 2', 'Database Design: 4', 'Continuous Integration: 2', 'Git: 1', 'Data Structures: 1', 'Deployment Techniques: 3', 'Active Record: 3', 'Object-Oriented Programming: 3', 'Version Control: 3'], 'soft': ['Decision Making: 4', 'Service Orientation: 2', 'Visionary Leadership: 1', 'Public Relations: 4', 'Civic Responsibility: 2', 'Problem Analysis: 3', 'Goal Setting: 2', 'Ethical Judgment: 2', 'Networking Skills: 2', 'Virtual Collaboration: 2', 'Authenticity: 1', 'Strategic Thinking: 4']}"
Frank,Moore,97260269,Mexico,RPA Developer,jr,"{'hard': ['Java: 1', 'Agile: 1', 'UiPath: 1', 'Security Best Practices: 1', 'Reporting: 1'], 'soft': ['Visionary Leadership: 1', 'Self-Regulation: 1', 'Time Optimization: 1', 'Virtual Collaboration: 1', 'Strategic Communication: 1']}"
Alexander,Joseph,11816343,Bolivia,iOS Mobile Developer,sr3,"{'hard': ['Design Patterns: 4', 'User Experience (UX): 4', 'App Store Submission: 3', 'In-App Purchases: 3', 'Xcode: 2', 'Multithreading: 4', 'Core Data: 2', 'Cocoa Touch: 5', 'Debugging: 5', 'Core Animation: 5', 'Auto Layout: 5', 'Unit Testing: 3', 'Agile: 3', 'Accessibility Features: 4'], 'soft': ['Workplace Culture Awareness: 2', 'Resilience: 2', 'Global Awareness: 3', 'Analytical Thinking: 3', 'Self-Discipline: 3', 'Intellectual Curiosity: 2', 'Problem Solving: 2', 'Networking: 3', 'Open-mindedness: 5', 'Adaptability: 4', 'Resource Allocation: 2', 'Negotiation: 2', 'Critical Observation: 3', 'Stress Management: 3', 'Writing Skills: 2']}"
Whitney,Watkins,86398532,Venezuela,Cobol Developer,sr3,"{'hard': ['JCL: 3', 'System Integration: 4', 'Software Maintenance: 5', 'IBM z/OS: 4', 'SQL: 3', 'File Handling: 4', 'System Analysis: 2', 'Data Structures: 5', 'Legacy Systems: 3', 'Performance Tuning: 2', 'Batch Processing: 2', 'CICS: 5', 'User Acceptance Testing (UAT): 3', 'Mainframe: 5'], 'soft': ['Mentoring: 2', 'Client Management: 3', 'Trustworthiness: 4', 'Stress Management: 2', 'Emotional Resilience: 2', 'Self-Discipline: 4', 'Responsibility: 4', 'Networking: 3', 'Technology Savvy: 2', 'Visionary Thinking: 3', 'Ethical Judgment: 4', 'Service Orientation: 5', 'Resourcefulness: 4', 'Task Prioritization: 4', 'Civic Responsibility: 4']}"
Thomas,Myers,97837738,Mexico,Web Mobile Developer,ssr,"{'hard': ['State Management: 2', 'GraphQL: 1', 'Application Security: 1', 'Code Review: 2', 'Debugging: 2'], 'soft': ['Resourcefulness: 2', 'Innovation: 2', 'Persuasion: 2', 'Process Improvement: 1', 'Self-Confidence: 2']}"
Joshua,Peters,30787653,Argentina,Web UI Developer,ssr,"{'hard': ['Progressive Enhancement: 2', 'Front-End Frameworks: 2', 'Accessibility Standards: 2', 'Cross-Browser Compatibility: 2', 'Web Design Principles: 2'], 'soft': ['Presentation Skills: 1', 'Social Intelligence: 1', 'Conflict Resolution: 2', 'Problem Solving: 2', 'Open-mindedness: 2']}"
Timothy,Johnson,26555500,Chile,Game Developer,jr,"{'hard': ['Game Optimization: 1', 'User Interface Design: 1', 'VR/AR Development: 1', 'Agile: 1', 'Cross-platform Development: 1'], 'soft': ['Self-Motivation: 1', 'Critical Thinking: 1', 'Visionary Thinking: 1', 'Quality Assurance: 1', 'Diversity Awareness: 1']}"
Rebecca,Branch,94245917,Bolivia,Cloud Engineer,sr3,"{'hard': ['Version Control (Git): 2', 'Application Networking: 3', 'Disaster Recovery Planning: 5', 'Cost Optimization: 5', 'Configuration Management: 4', 'Networking: 3', 'Cloud Architecture: 5', 'Kubernetes: 2', 'Cloud Security: 5', 'AWS: 5', 'Service Mesh: 3', 'Infrastructure as Code (IaC): 4', 'Scripting (Python, Bash): 3', 'Load Balancing: 5'], 'soft': ['Civic Engagement: 2', 'Cultural Awareness: 3', 'Authenticity: 3', 'Situational Awareness: 4', 'Negotiation Tactics: 2', 'Ethical Judgment: 2', 'Empathy: 5', 'Emotional Resilience: 5', 'Integrity: 5', 'Scientific Thinking: 2', 'Innovation: 4', 'Persuasion: 2', 'Presentation Skills: 3', 'Data Interpretation: 5', 'Quality Assurance: 4']}"
Jessica,Bruce,67411899,Colombia,Salesforce Developer,jr,"{'hard': ['Community Cloud: 1', 'Change Sets: 1', 'Data Migration: 1', 'Sales Cloud: 1', 'Workflows: 1'], 'soft': ['Diversity Awareness: 1', 'Feedback Acceptance: 1', 'Initiative: 1', 'Teamwork: 1', 'Workplace Culture Awareness: 1']}"
Austin,Hall,19639197,Chile,Cobol Developer,ssr,"{'hard': ['Micro Focus: 2', 'Data Warehousing: 1', 'Agile: 1', 'Data Processing: 1', 'Application Development: 1'], 'soft': ['Trust Building: 1', 'Professionalism: 1', 'Performance Management: 2', 'Cultural Awareness: 2', 'Presentation Skills: 2']}"
Jenna,Davis,69865779,Mexico,Sharepoint Developer,sr3,"{'hard': ['Database Design: 3', 'Custom Web Parts: 3', 'User Authentication: 3', 'Agile: 5', 'REST APIs: 4', 'SharePoint Framework (SPFx): 3', 'Version Control: 4', 'User Interface Design: 5', 'Git: 4', 'Security Best Practices: 2', 'Integration with Third-party Services: 3', 'Workflow Automation: 5', 'Team Sites: 3', 'Data Migration: 3'], 'soft': ['Relationship Building: 3', 'Writing Skills: 5', 'Visionary Leadership: 2', 'Self-Regulation: 5', 'Cultural Competence: 5', 'Negotiation Tactics: 4', 'Innovation: 5', 'Conflict Resolution: 2', 'Intuition: 3', 'Feedback Delivery: 2', 'Professionalism: 2', 'Workplace Culture Awareness: 3', 'Strategic Thinking: 2', 'Problem Solving: 3', 'Process Improvement: 3']}"
Russell,Rivera,78517440,Paraguay,Test Automation Engineer,ssr,"{'hard': ['JavaScript: 2', 'Version Control (Git): 1', 'Scripting: 1', 'Cloud Testing: 1', 'CI/CD: 2'], 'soft': ['Work-Life Balance: 1', 'Conflict Resolution: 1', 'Client Management: 2', 'Influencing: 1', 'Writing Skills: 1']}"
Christine,Miller,95100655,Uruguay,SQL Developer,sr3,"{'hard': ['Version Control: 5', 'Data Structures: 4', 'Business Intelligence Tools: 3', 'SQL: 2', 'Security Best Practices: 3', 'Oracle Database: 5', 'Database Administration: 5', 'Integration with Third-party Tools: 3', 'Stored Procedures: 3', 'Data Migration: 3', 'Query Optimization: 5', 'Debugging: 4', 'Data Analysis: 5', 'Triggers: 3'], 'soft': ['Self-Discipline: 2', 'Time Management: 5', 'Analytical Thinking: 3', 'Change Facilitation: 4', 'Resilience: 2', 'Risk Management: 4', 'Cognitive Flexibility: 2', 'Networking Skills: 4', 'Attention to Detail: 3', 'Critical Thinking: 2', 'Situational Awareness: 2', 'Professionalism: 5', 'Visionary Thinking: 5', 'Writing Skills: 4', 'Conflict Management: 2']}"
Deanna,Butler,58123732,Uruguay,RPA Developer,ssr,"{'hard': ['Business Process Mapping: 2', 'REST APIs: 1', 'Reporting: 2', 'Automation Anywhere: 1', 'Data Manipulation: 2'], 'soft': ['Empathy: 1', 'Delegation: 1', 'Negotiation Tactics: 2', 'Attention to Detail: 1', 'Feedback Acceptance: 1']}"
Melissa,Bowman,46102096,Paraguay,IOT Platform Engineer,sr1,"{'hard': ['Version Control: 1', 'Big Data Technologies: 3', 'Data Visualization: 1', 'Agile: 2', 'Real-time Data Processing: 2', 'Network Security: 3', 'Edge Computing: 1', 'API Development: 2', 'Firmware Development: 3', 'Remote Device Monitoring: 1'], 'soft': ['Performance Management: 1', 'Influencing: 3', 'Critical Thinking: 2', 'Leadership: 3', 'Change Management: 3', 'Diversity Awareness: 3', 'Professionalism: 3', 'Interpersonal Skills: 1', 'Responsibility: 1', 'Self-Confidence: 3', 'Open-mindedness: 1', 'Initiative: 3']}"
Gregory,Gentry,73958378,Uruguay,SQL Developer,ssr,"{'hard': ['Data Modeling: 1', 'Data Structures: 2', 'MySQL: 1', 'PL/SQL: 2', 'Database Administration: 2'], 'soft': ['Decision Making: 2', 'Resource Allocation: 1', 'Quality Assurance: 2', 'Visionary Leadership: 1', 'Research Skills: 1']}"
Tanya,Meadows,53557854,Peru,Sharepoint Developer,sr1,"{'hard': ['Custom Web Parts: 3', 'SharePoint Designer: 3', 'User Interface Design: 3', 'ASP.NET: 3', 'Team Sites: 2', 'C#: 1', 'Business Intelligence: 3', 'Agile: 3', 'Integration with Third-party Services: 3', 'REST APIs: 2'], 'soft': ['Motivation: 2', 'Integrity: 1', 'Virtual Collaboration: 3', 'Interpersonal Skills: 3', 'Process Improvement: 2', 'Open-mindedness: 1', 'Active Listening: 3', 'Entrepreneurial Mindset: 1', 'Diversity Awareness: 2', 'Public Relations: 1', 'Time Optimization: 2', 'Visionary Leadership: 2']}"
Douglas,Middleton,47018443,Uruguay,Cloud Engineer,sr1,"{'hard': ['Automation Tools: 1', 'Kubernetes: 1', 'Networking: 3', 'Docker: 3', 'Monitoring and Logging: 1', 'Azure: 3', 'DevOps: 1', 'Infrastructure as Code (IaC): 1', 'Disaster Recovery Planning: 1', 'AWS: 3'], 'soft': ['Emotional Resilience: 3', 'Public Relations: 1', 'Authenticity: 3', 'Entrepreneurial Mindset: 2', 'Creativity: 3', 'Positivity: 3', 'Interpersonal Skills: 3', 'Motivation: 1', 'Inclusivity: 3', 'Trustworthiness: 1', 'Interpersonal Communication: 1', 'Situational Awareness: 3']}"
Jennifer,Potts,24993718,Uruguay,SQL Developer,jr,"{'hard': ['Security Best Practices: 1', 'Data Warehousing: 1', 'Data Governance: 1', 'Stored Procedures: 1', 'MySQL: 1'], 'soft': ['Workplace Culture Awareness: 1', 'Delegation: 1', 'Mentoring Skills: 1', 'Inclusivity: 1', 'Open-mindedness: 1']}"
Charles,Stone,62822506,Paraguay,Game Developer,sr2,"{'hard': ['AI Programming: 2', 'User Interface Design: 3', 'Unreal Engine: 4', 'Sound Design: 3', 'C#: 1', 'Game Analytics: 1', 'Game Monetization: 4', 'Asset Management: 1', 'Gameplay Programming: 2', 'Multiplayer Networking: 3'], 'soft': ['Influencing: 4', 'Data Interpretation: 3', 'Task Prioritization: 2', 'Cultural Awareness: 2', 'Networking: 4', 'Diversity Awareness: 2', 'Feedback Acceptance: 4', 'Scientific Thinking: 1', 'Motivational Skills: 4', 'Attention to Detail: 3', 'Performance Management: 1', 'Inclusivity: 2']}"
Charles,Jackson,46492300,Paraguay,Flutter Developer,sr1,"{'hard': ['App Deployment: 3', 'Agile: 1', 'Network Connectivity: 3', 'Security Best Practices: 3', 'Localization: 2', 'Accessibility Features: 2', 'Versioning: 3', 'Animations: 2', 'Third-party Libraries: 3', 'User Interface Testing: 1'], 'soft': ['Inclusivity: 3', 'Intuition: 3', 'Motivation: 3', 'Influencing: 3', 'Attention to Detail: 1', 'Time Awareness: 1', 'Diversity Awareness: 2', 'Research Skills: 1', 'Facilitation Skills: 3', 'Public Relations: 2', 'Self-Motivation: 2', 'Writing Skills: 1']}"
Monica,Davis,78367019,Chile,SQL Developer,sr3,"{'hard': ['Business Intelligence Tools: 3', 'Stored Procedures: 5', 'Database Design: 3', 'Debugging: 4', 'Data Visualization: 3', 'Data Structures: 4', 'Database Administration: 4', 'Query Optimization: 4', 'NoSQL Databases: 2', 'MySQL: 2', 'Version Control: 5', 'Indexing: 4', 'Data Modeling: 2', 'Security Best Practices: 4'], 'soft': ['Entrepreneurial Mindset: 3', 'Client Management: 5', 'Resilience: 3', 'Self-Confidence: 5', 'Adaptability to Change: 5', 'Authenticity: 4', 'Self-Discipline: 2', 'Interpersonal Communication: 5', 'Responsibility: 2', 'Virtual Collaboration: 4', 'Intellectual Curiosity: 2', 'Emotional Intelligence: 2', 'Service Orientation: 2', 'Negotiation Tactics: 2', 'Motivational Skills: 2']}"
Pamela,Davis,35426479,Argentina,Data Engineer,sr1,"{'hard': ['Data Transformation: 3', 'Big Data Technologies: 1', 'Data Modeling: 3', 'Data Lakes: 2', 'NoSQL Databases: 3', 'Apache Spark: 2', 'Version Control (Git): 1', 'Testing and Validation: 3', 'Data Security: 3', 'Data Warehousing: 3'], 'soft': ['Crisis Communication: 1', 'Networking: 1', 'Positivity: 1', 'Goal Setting: 3', 'Team Building: 2', 'Mentoring: 2', 'Cultural Awareness: 2', 'Emotional Resilience: 1', 'Open-mindedness: 3', 'Communication: 3', 'Integrity: 2', 'Civic Responsibility: 1']}"
Abigail,Chandler,97647791,Venezuela,SQL Developer,sr1,"{'hard': ['Database Administration: 3', 'Version Control: 2', 'Data Warehousing: 3', 'Data Modeling: 2', 'Triggers: 2', 'T-SQL: 1', 'Stored Procedures: 2', 'Performance Tuning: 3', 'MySQL: 3', 'Security Best Practices: 1'], 'soft': ['Quality Assurance: 2', 'Trustworthiness: 2', 'Intellectual Curiosity: 1', 'Learning Agility: 1', 'Crisis Management: 3', 'Responsibility: 2', 'Problem Solving: 3', 'Crisis Communication: 2', 'Data Interpretation: 1', 'Team Building: 1', 'Coaching: 2', 'Process Improvement: 1']}"
Mikayla,Ross,85112194,Chile,IOT Platform Engineer,jr,"{'hard': ['Edge Computing: 1', 'Sensor Technologies: 1', 'Big Data Technologies: 1', 'Data Visualization: 1', 'Real-time Data Processing: 1'], 'soft': ['Humility: 1', 'Empathy: 1', 'Team Building: 1', 'Adaptability: 1', 'Interpersonal Skills: 1']}"
Victoria,Johnson,29948332,Bolivia,SQL Developer,jr,"{'hard': ['Stored Procedures: 1', 'Database Design: 1', 'Backup and Recovery: 1', 'Database Administration: 1', 'Debugging: 1'], 'soft': ['Public Relations: 1', 'Technology Savvy: 1', 'Stress Management: 1', 'Feedback Delivery: 1', 'Active Listening: 1']}"
Aaron,White,98733931,Uruguay,Sharepoint Developer,sr3,"{'hard': ['Integration with Third-party Services: 3', 'Team Sites: 2', 'Document Libraries: 3', 'Performance Optimization: 5', 'PowerShell: 4', 'Custom Web Parts: 2', 'Microsoft Flow: 4', 'SQL Server: 5', 'Business Intelligence: 5', 'Testing Automation: 4', 'Git: 4', 'SharePoint Framework (SPFx): 2', 'C#: 2', 'JavaScript: 5'], 'soft': ['Leadership: 2', 'Flexibility: 3', 'Innovation: 3', 'Change Facilitation: 3', 'Interpersonal Skills: 4', 'Inclusivity: 5', 'Intellectual Curiosity: 3', 'Risk Management: 2', 'Persuasion: 5', 'Emotional Resilience: 3', 'Responsibility: 5', 'Client Management: 5', 'Goal Setting: 3', 'Self-Confidence: 5', 'Mentoring: 3']}"
Luis,Griffith,85925219,Paraguay,RPA Developer,sr2,"{'hard': ['Automation Anywhere: 3', 'Blue Prism: 1', 'Integration with Third-party Applications: 3', 'Business Process Mapping: 4', 'Java: 4', 'Business Intelligence Tools: 4', 'Scripting: 1', 'Process Analysis: 1', 'Data Manipulation: 1', 'Continuous Improvement: 3'], 'soft': ['Trustworthiness: 3', 'Feedback Acceptance: 2', 'Open-mindedness: 2', 'Process Improvement: 4', 'Active Listening: 3', 'Cultural Competence: 3', 'Quality Assurance: 2', 'Delegation: 3', 'Creativity: 3', 'Visionary Leadership: 3', 'Stress Resilience: 1', 'Intellectual Curiosity: 2']}"
Denise,Ruiz,79588201,Paraguay,.Net Developer,ssr,"{'hard': ['DevOps: 1', 'Security Best Practices: 1', 'Performance Optimization: 1', '.NET Core: 1', 'Design Patterns: 1'], 'soft': ['Civic Engagement: 2', 'Social Intelligence: 2', 'Humility: 2', 'Crisis Management: 1', 'Critical Observation: 1']}"
Todd,Campbell,74490646,Colombia,SQL Developer,sr1,"{'hard': ['Data Migration: 1', 'Performance Tuning: 3', 'Stored Procedures: 3', 'Integration with Third-party Tools: 2', 'Data Governance: 3', 'SQL Server: 1', 'Debugging: 3', 'Oracle Database: 3', 'Database Administration: 1', 'Reporting Tools: 2'], 'soft': ['Innovation: 1', 'Initiative: 3', 'Work Ethic: 1', 'Responsibility: 2', 'Professionalism: 1', 'Civic Responsibility: 3', 'Stress Resilience: 2', 'Situational Awareness: 1', 'Cultural Competence: 2', 'Stress Management: 3', 'Data Interpretation: 2', 'Motivation: 1']}"
Samantha,Roberts,78496980,Peru,Sharepoint Developer,sr2,"{'hard': ['Database Design: 4', 'ASP.NET: 3', 'User Authentication: 2', 'PowerShell: 3', 'Office 365: 3', 'Testing Automation: 4', 'Data Migration: 4', 'Debugging: 3', 'SharePoint Online: 4', 'Workflow Automation: 2'], 'soft': ['Change Facilitation: 4', 'Resource Allocation: 1', 'Virtual Collaboration: 4', 'Active Listening: 4', 'Time Optimization: 3', 'Customer Service: 4', 'Adaptability to Change: 2', 'Resilience: 3', 'Time Management: 2', 'Trustworthiness: 1', 'Problem Analysis: 4', 'Public Speaking: 2']}"
Virginia,Figueroa,78514180,Venezuela,Salesforce Developer,sr2,"{'hard': ['Deployment Techniques: 3', 'API Development: 2', 'Salesforce DX: 3', 'Version Control: 2', 'Visualforce: 4', 'Workflows: 4', 'Business Process Automation: 1', 'Salesforce Apex: 2', 'Service Cloud: 3', 'Security Best Practices: 4'], 'soft': ['Presentation Skills: 1', 'Positivity: 2', 'Technology Savvy: 3', 'Research Skills: 4', 'Strategic Communication: 1', 'Trustworthiness: 1', 'Integrity: 3', 'Interpersonal Communication: 2', 'Humility: 4', 'Teamwork: 1', 'Conflict Resolution: 3', 'Public Relations: 2']}"
Misty,Melton,94905702,Argentina,Test Automation Engineer,jr,"{'hard': ['Framework Development: 1', 'Regression Testing: 1', 'Scripting: 1', 'Test Management Tools: 1', 'JUnit: 1'], 'soft': ['Feedback Delivery: 1', 'Critical Observation: 1', 'Negotiation Tactics: 1', 'Presentation Skills: 1', 'Decision Making: 1']}"
Mary,Rivers,26352254,Uruguay,RPA Developer,sr3,"{'hard': ['UiPath: 5', 'Robotic Process Automation Frameworks: 3', 'Integration with Third-party Applications: 2', 'Process Analysis: 4', 'Version Control: 4', 'Task Automation: 5', 'Change Management: 2', 'Reporting: 4', 'User Training: 5', 'Blue Prism: 5', 'Python: 2', 'Data Extraction: 4', 'Testing Automation: 3', 'Scripting: 3'], 'soft': ['Performance Management: 2', 'Networking Skills: 3', 'Mentoring: 4', 'Crisis Management: 5', 'Social Skills: 4', 'Communication: 2', 'Goal Setting: 2', 'Mentoring Skills: 2', 'Time Optimization: 5', 'Creativity: 3', 'Active Listening: 2', 'Flexibility: 3', 'Change Management: 4', 'Problem Solving: 3', 'Virtual Collaboration: 4']}"
Matthew,Ortiz,51954994,Venezuela,iOS Mobile Developer,sr2,"{'hard': ['Git: 3', 'UIKit: 3', 'RESTful APIs: 2', 'Auto Layout: 2', 'Core Animation: 1', 'Animation: 4', 'Design Patterns: 2', 'Firebase: 1', 'Core Data: 1', 'App Store Submission: 2'], 'soft': ['Teamwork: 3', 'Change Facilitation: 4', 'Trustworthiness: 2', 'Empathy: 1', 'Cognitive Flexibility: 2', 'Research Skills: 2', 'Cultural Competence: 4', 'Technology Savvy: 3', 'Analytical Thinking: 3', 'Networking Skills: 2', 'Work Ethic: 4', 'Positivity: 3']}"
Connie,Scott,11852746,Paraguay,Flutter Developer,ssr,"{'hard': ['UI/UX Design: 2', 'State Management: 2', 'Animations: 2', 'Platform Channels: 2', 'Internationalization: 2'], 'soft': ['Resilience: 1', 'Stress Resilience: 2', 'Quality Assurance: 1', 'Trustworthiness: 1', 'Interpersonal Skills: 2']}"
Walter,Wolf,42650341,Colombia,SQL Developer,jr,"{'hard': ['Data Warehousing: 1', 'Version Control: 1', 'Data Governance: 1', 'SQL: 1', 'NoSQL Databases: 1'], 'soft': ['Influencing: 1', 'Coaching: 1', 'Cultural Competence: 1', 'Strategic Thinking: 1', 'Communication: 1']}"
Courtney,Moore,22413107,Colombia,DevOps Engineer,ssr,"{'hard': ['Release Management: 1', 'Change Management: 2', 'Application Performance Monitoring (APM): 1', 'Testing Automation: 2', 'Scripting (Bash, Python): 1'], 'soft': ['Conflict Management: 1', 'Feedback Acceptance: 2', 'Self-Confidence: 2', 'Networking: 1', 'Time Optimization: 2']}"
Joshua,Pittman,79231010,Uruguay,Web Mobile Developer,jr,"{'hard': ['Performance Optimization: 1', 'UI/UX Design: 1', 'Deployment Techniques: 1', 'State Management: 1', 'Debugging: 1'], 'soft': ['Creativity: 1', 'Self-Regulation: 1', 'Persuasion: 1', 'Quality Assurance: 1', 'Problem Solving: 1']}"
Bradley,Ryan,14386293,Paraguay,C++ Developer,sr2,"{'hard': ['Code Review: 4', 'Concurrency: 1', 'Unit Testing: 3', 'DirectX: 2', 'Algorithms: 2', 'Boost Library: 1', 'Cross-Platform Development: 3', 'CMake: 4', 'Design Patterns: 2', 'Automated Testing: 1'], 'soft': ['Time Awareness: 2', 'Flexibility: 1', 'Active Listening: 3', 'Intuition: 3', 'Cultural Competence: 2', 'Public Relations: 1', 'Task Prioritization: 1', 'Work Ethic: 1', 'Leadership: 1', 'Humility: 3', 'Trust Building: 3', 'Writing Skills: 4']}"
Sara,Martinez,40858417,Colombia,Cybersecurity Engineer,ssr,"{'hard': ['DevSecOps: 1', 'Agile: 2', 'Threat Intelligence: 1', 'Security Auditing: 2', 'Incident Response: 2'], 'soft': ['Positivity: 2', 'Creativity: 2', 'Presentation Skills: 1', 'Civic Engagement: 2', 'Authenticity: 2']}"
Rebecca,Rogers,26863907,Chile,Cobol Developer,ssr,"{'hard': ['Data Mapping: 2', 'DB2: 1', 'IBM z/OS: 1', 'Change Management: 2', 'Business Logic: 2'], 'soft': ['Self-Confidence: 1', 'Resourcefulness: 1', 'Negotiation: 2', 'Feedback Delivery: 1', 'Situational Awareness: 1']}"
Christopher,Holmes,92077649,Argentina,C++ Developer,sr1,"{'hard': ['Cross-Platform Development: 2', 'Version Control (Git): 1', 'Static and Dynamic Libraries: 2', 'Automated Testing: 3', 'System Programming: 1', 'Code Review: 2', 'File I/O: 1', 'Networking: 2', 'Data Structures: 3', 'Windows API: 3'], 'soft': ['Trustworthiness: 3', 'Coaching: 1', 'Global Awareness: 3', 'Social Skills: 2', 'Public Speaking: 3', 'Personality Awareness: 1', 'Visionary Leadership: 2', 'Responsibility: 3', 'Stress Resilience: 2', 'Analytical Thinking: 1', 'Time Optimization: 3', 'Intuition: 1']}"
Katelyn,Adams,81186446,Venezuela,iOS Mobile Developer,sr3,"{'hard': ['Firebase: 2', 'Core Data: 2', 'User Experience (UX): 5', 'Unit Testing: 5', 'Swift: 5', 'Design Patterns: 2', 'Accessibility Features: 2', 'UIKit: 4', 'Debugging: 2', 'Cocoa Touch: 2', 'SwiftUI: 4', 'Xcode: 3', 'Core Location: 4', 'Security Best Practices: 3'], 'soft': ['Leadership: 2', 'Communication: 3', 'Workplace Culture Awareness: 5', 'Self-Confidence: 5', 'Self-Regulation: 2', 'Process Improvement: 3', 'Presentation Skills: 5', 'Work Ethic: 3', 'Creativity: 3', 'Public Speaking: 3', 'Service Orientation: 3', 'Crisis Management: 3', 'Cultural Awareness: 5', 'Work-Life Balance: 4', 'Social Skills: 4']}"
Brandon,Hill,15475825,Argentina,iOS Mobile Developer,sr2,"{'hard': ['Auto Layout: 3', 'Performance Optimization: 4', 'Accessibility Features: 4', 'Xcode: 3', 'iOS SDK: 1', 'App Store Submission: 1', 'Animation: 2', 'Security Best Practices: 2', 'Network Connectivity: 3', 'Core Data: 1'], 'soft': ['Cognitive Flexibility: 3', 'Technology Savvy: 2', 'Negotiation Tactics: 4', 'Work-Life Balance: 2', 'Virtual Collaboration: 4', 'Time Management: 1', 'Leadership: 4', 'Strategic Communication: 3', 'Intellectual Curiosity: 4', 'Change Facilitation: 3', 'Decision Making: 3', 'Trust Building: 3']}"
Toni,Cabrera,52209441,Uruguay,Android Mobile Developer,sr3,"{'hard': ['REST APIs: 2', 'Kotlin Coroutines: 2', 'Data Binding: 2', 'Firebase: 4', 'LiveData: 5', 'MVP: 2', 'Agile: 2', 'Dependency Injection: 3', 'UI/UX Design: 3', 'Flutter: 4', 'MVVM: 3', 'Git: 4', 'Material Design: 2', 'Android SDK: 2'], 'soft': ['Social Intelligence: 5', 'Workplace Culture Awareness: 4', 'Stress Resilience: 4', 'Analytical Thinking: 2', 'Personality Awareness: 5', 'Goal Setting: 5', 'Empathy: 3', 'Writing Skills: 2', 'Work-Life Balance: 3', 'Self-Regulation: 2', 'Strategic Communication: 3', 'Social Skills: 3', 'Positivity: 4', 'Negotiation: 5', 'Relationship Building: 2']}"
Angela,Walter,38213904,Mexico,.Net Developer,sr1,"{'hard': ['REST APIs: 1', 'LINQ: 3', 'Data Structures: 3', 'Containerization: 3', 'User Authentication: 3', 'Entity Framework: 2', 'Application Lifecycle Management: 3', 'JavaScript: 1', 'Web API: 2', 'Design Patterns: 2'], 'soft': ['Cultural Awareness: 1', 'Change Facilitation: 1', 'Motivation: 1', 'Influencing: 3', 'Creativity: 1', 'Inclusivity: 3', 'Stress Management: 3', 'Virtual Collaboration: 2', 'Communication: 2', 'Interpersonal Communication: 2', 'Stress Resilience: 2', 'Conflict Resolution: 3']}"
Andrew,Butler,62789359,Argentina,Cobol Developer,sr2,"{'hard': ['Software Maintenance: 4', 'COBOL: 1', 'Version Control (Git): 2', 'User Acceptance Testing (UAT): 4', 'Reporting: 3', 'System Analysis: 4', 'Change Management: 4', 'Business Logic: 3', 'VSAM: 3', 'Client Interaction: 3'], 'soft': ['Responsibility: 4', 'Intellectual Curiosity: 1', 'Time Management: 2', 'Change Facilitation: 3', 'Persuasion: 3', 'Performance Management: 1', 'Emotional Intelligence: 3', 'Motivational Skills: 4', 'Mentoring Skills: 4', 'Time Optimization: 2', 'Self-Confidence: 2', 'Visionary Thinking: 3']}"
Thomas,Hogan,97575022,Colombia,iOS Mobile Developer,sr1,"{'hard': ['Firebase: 1', 'iCloud: 2', 'SwiftUI: 3', 'In-App Purchases: 1', 'RESTful APIs: 1', 'Core Location: 2', 'Design Patterns: 2', 'Core Data: 2', 'App Store Submission: 3', 'Security Best Practices: 2'], 'soft': ['Adaptability: 2', 'Quality Assurance: 1', 'Social Skills: 3', 'Authenticity: 1', 'Work-Life Balance: 2', 'Inclusivity: 2', 'Communication: 2', 'Global Awareness: 1', 'Critical Observation: 1', 'Intuition: 3', 'Strategic Thinking: 1', 'Entrepreneurial Mindset: 1']}"
Darren,Hodges,13422723,Argentina,Salesforce Developer,jr,"{'hard': ['Lightning Web Components: 1', 'Salesforce Apex: 1', 'SOQL: 1', 'Change Sets: 1', 'Sales Cloud: 1'], 'soft': ['Cultural Awareness: 1', 'Customer Service: 1', 'Presentation Skills: 1', 'Problem Analysis: 1', 'Writing Skills: 1']}"
Julia,Crawford,52531793,Argentina,Flutter Developer,ssr,"{'hard': ['State Management: 1', 'Version Control (Git): 2', 'User Interface Testing: 2', 'Error Handling: 2', 'UI/UX Design: 1'], 'soft': ['Trustworthiness: 1', 'Adaptability: 2', 'Strategic Communication: 2', 'Problem Analysis: 2', 'Critical Observation: 1']}"
Amy,Clay,36259567,Venezuela,RPA Developer,sr3,"{'hard': ['Continuous Improvement: 4', 'Workflow Design: 3', 'Java: 2', 'Testing Automation: 2', 'Scripting: 4', 'Blue Prism: 5', 'REST APIs: 3', 'Business Intelligence Tools: 5', 'Automation Anywhere: 4', 'Robotic Process Automation Frameworks: 4', 'Version Control: 2', 'Data Manipulation: 5', 'Integration with Third-party Applications: 2', 'Data Quality Management: 2'], 'soft': ['Resource Allocation: 3', 'Work-Life Balance: 5', 'Networking: 2', 'Innovation: 4', 'Persuasion: 5', 'Networking Skills: 5', 'Integrity: 5', 'Self-Regulation: 3', 'Interpersonal Communication: 3', 'Resilience: 3', 'Empathy: 5', 'Flexibility: 5', 'Crisis Communication: 5', 'Coaching: 4', 'Negotiation: 2']}"
David,Allen,67274176,Mexico,SQL Developer,sr2,"{'hard': ['Query Optimization: 2', 'Data Migration: 2', 'Debugging: 2', 'Data Structures: 3', 'Oracle Database: 3', 'SQL: 3', 'Integration with Third-party Tools: 3', 'Data Analysis: 2', 'ETL: 1', 'Data Visualization: 2'], 'soft': ['Active Listening: 3', 'Work Ethic: 1', 'Teamwork: 2', 'Inclusivity: 4', 'Self-Confidence: 4', 'Strategic Thinking: 2', 'Service Orientation: 4', 'Delegation: 3', 'Motivation: 2', 'Stress Resilience: 2', 'Critical Thinking: 3', 'Problem Solving: 1']}"
Lynn,Hinton,98085195,Argentina,Web Mobile Developer,ssr,"{'hard': ['Accessibility Standards: 1', 'GraphQL: 1', 'React Native: 2', 'Network Communication: 2', 'Service Workers: 2'], 'soft': ['Leadership: 1', 'Time Awareness: 1', 'Professionalism: 2', 'Persuasion: 1', 'Delegation: 2']}"
Joel,Soto,78100784,Argentina,Ruby Developer,ssr,"{'hard': ['MVC Architecture: 2', 'Security Best Practices: 2', 'Git: 1', 'Caching Techniques: 2', 'Ruby: 2'], 'soft': ['Emotional Resilience: 1', 'Interpersonal Communication: 1', 'Technology Savvy: 2', 'Time Management: 2', 'Collaboration: 2']}"
Carol,Howe,85822730,Colombia,Python Developer,sr3,"{'hard': ['REST APIs: 3', 'Data Analysis: 2', 'Unit Testing: 2', 'Matplotlib: 4', 'Security Best Practices: 3', 'Data Structures: 5', 'Agile: 3', 'Git: 5', 'Pandas: 3', 'Algorithms: 4', 'Cloud Services: 4', 'TensorFlow: 5', 'Concurrency: 3', 'Pytorch: 5'], 'soft': ['Trustworthiness: 3', 'Strategic Thinking: 5', 'Relationship Building: 2', 'Mentoring Skills: 5', 'Trust Building: 2', 'Feedback Acceptance: 2', 'Coaching: 3', 'Virtual Collaboration: 4', 'Personality Awareness: 2', 'Self-Confidence: 3', 'Cultural Competence: 4', 'Intellectual Curiosity: 3', 'Quality Assurance: 5', 'Flexibility: 3', 'Global Awareness: 2']}"
Richard,Zamora,25190810,Uruguay,Ruby Developer,sr3,"{'hard': ['Database Design: 5', 'SQL: 2', 'Performance Optimization: 3', 'REST APIs: 2', 'HTML: 5', 'Front-end Frameworks: 2', 'JavaScript: 5', 'Responsive Design: 5', 'Middleware: 4', 'Testing Frameworks (RSpec): 3', 'Caching Techniques: 2', 'Active Record: 4', 'Continuous Integration: 3', 'Error Handling: 3'], 'soft': ['Resilience: 5', 'Motivation: 4', 'Humility: 5', 'Problem Analysis: 2', 'Process Improvement: 5', 'Cultural Competence: 4', 'Quality Assurance: 3', 'Stress Resilience: 3', 'Intellectual Curiosity: 4', 'Authenticity: 5', 'Public Speaking: 2', 'Customer Service: 2', 'Time Awareness: 3', 'Data Interpretation: 2', 'Critical Observation: 2']}"
Whitney,Alvarez,64000133,Peru,Test Automation Engineer,sr3,"{'hard': ['Version Control (Git): 3', 'Test Environment Setup: 5', 'Automation Strategy: 4', 'CI/CD: 2', 'Scripting: 5', 'JavaScript: 2', 'API Testing: 4', 'Integration Testing: 3', 'Regression Testing: 2', 'Security Testing: 2', 'Test Management Tools: 2', 'Defect Tracking: 2', 'Load Testing: 3', 'Framework Development: 5'], 'soft': ['Time Management: 4', 'Problem Analysis: 3', 'Attention to Detail: 4', 'Negotiation: 3', 'Inclusivity: 2', 'Data Interpretation: 5', 'Active Listening: 5', 'Motivation: 3', 'Critical Thinking: 4', 'Cultural Competence: 4', 'Self-Motivation: 2', 'Risk Management: 4', 'Civic Responsibility: 2', 'Self-Confidence: 4', 'Visionary Leadership: 5']}"
Mary,Austin,32387538,Mexico,Android Mobile Developer,sr1,"{'hard': ['Kotlin Coroutines: 2', 'REST APIs: 3', 'Android SDK: 2', 'Agile: 1', 'Dagger: 3', 'Coroutines: 2', 'MVP: 3', 'Retrofit: 3', 'Test-Driven Development: 1', 'Flutter: 3'], 'soft': ['Quality Assurance: 1', 'Authenticity: 1', 'Strategic Communication: 1', 'Visionary Thinking: 3', 'Civic Responsibility: 3', 'Client Management: 1', 'Adaptability: 1', 'Analytical Thinking: 1', 'Critical Observation: 3', 'Interpersonal Communication: 1', 'Negotiation Tactics: 1', 'Cultural Competence: 3']}"
Allen,Robinson,56385472,Colombia,Test Automation Engineer,sr2,"{'hard': ['Cloud Testing: 4', 'Automation Strategy: 2', 'Scripting: 1', 'Framework Development: 4', 'Python: 1', 'JUnit: 2', 'TestNG: 4', 'Integration Testing: 4', 'Load Testing: 2', 'Selenium: 1'], 'soft': ['Personality Awareness: 3', 'Time Optimization: 3', 'Workplace Culture Awareness: 3', 'Entrepreneurial Mindset: 2', 'Stress Resilience: 4', 'Motivation: 4', 'Visionary Thinking: 4', 'Self-Confidence: 1', 'Emotional Intelligence: 1', 'Process Improvement: 2', 'Customer Service: 2', 'Crisis Communication: 3']}"
Jeremy,Griffin,73743537,Bolivia,Cobol Developer,sr2,"{'hard': ['Documentation: 1', 'File Handling: 1', 'COBOL: 3', 'Data Mapping: 2', 'Micro Focus: 2', 'System Integration: 1', 'Version Control (Git): 1', 'Reporting: 1', 'SQL: 4', 'DB2: 4'], 'soft': ['Cultural Competence: 2', 'Work-Life Balance: 2', 'Feedback Delivery: 4', 'Communication: 4', 'Cultural Awareness: 3', 'Coaching: 2', 'Data Interpretation: 2', 'Ethical Judgment: 4', 'Crisis Communication: 1', 'Entrepreneurial Mindset: 2', 'Civic Engagement: 4', 'Critical Observation: 4']}"
Stacey,Hurley,85739233,Paraguay,SQL Developer,sr3,"{'hard': ['T-SQL: 5', 'Data Warehousing: 2', 'Backup and Recovery: 2', 'Version Control: 3', 'Data Visualization: 2', 'SQL Server: 3', 'Data Modeling: 3', 'Debugging: 4', 'ETL: 2', 'NoSQL Databases: 2', 'Database Administration: 3', 'Integration with Third-party Tools: 4', 'MySQL: 3', 'Agile: 2'], 'soft': ['Change Facilitation: 4', 'Leadership: 3', 'Personality Awareness: 5', 'Diversity Awareness: 3', 'Problem Solving: 5', 'Task Prioritization: 3', 'Stress Management: 2', 'Intellectual Curiosity: 5', 'Scientific Thinking: 5', 'Stress Resilience: 2', 'Adaptability: 5', 'Open-mindedness: 2', 'Client Management: 5', 'Feedback Acceptance: 5', 'Professionalism: 4']}"
Christopher,Green,55982188,Mexico,Cobol Developer,sr3,"{'hard': ['Micro Focus: 5', 'Unit Testing: 5', 'Data Mapping: 2', 'Mainframe: 5', 'CICS: 4', 'IBM z/OS: 3', 'Legacy Systems: 5', 'Application Development: 2', 'Business Logic: 5', 'Agile: 2', 'Batch Processing: 3', 'DB2: 2', 'Performance Tuning: 5', 'Documentation: 5'], 'soft': ['Motivational Skills: 3', 'Positivity: 5', 'Interpersonal Communication: 3', 'Learning Agility: 3', 'Trustworthiness: 2', 'Resource Allocation: 2', 'Problem Solving: 3', 'Mentoring: 2', 'Coaching: 5', 'Interpersonal Skills: 2', 'Teamwork: 5', 'Responsibility: 4', 'Resourcefulness: 5', 'Adaptability to Change: 3', 'Intellectual Curiosity: 3']}"
Darrell,Davis,18166226,Venezuela,Cloud Engineer,sr2,"{'hard': ['Azure: 4', 'Kubernetes: 3', 'Version Control (Git): 2', 'Cloud Migration: 2', 'Application Networking: 4', 'Configuration Management: 3', 'AWS: 3', 'Virtualization: 4', 'Docker: 2', 'Disaster Recovery Planning: 3'], 'soft': ['Persuasion: 4', 'Communication: 2', 'Negotiation Tactics: 4', 'Professionalism: 3', 'Resource Allocation: 1', 'Quality Assurance: 2', 'Resourcefulness: 2', 'Adaptability to Change: 4', 'Problem Solving: 4', 'Integrity: 3', 'Civic Engagement: 1', 'Strategic Thinking: 1']}"
Raymond,Mueller,36979878,Mexico,Sharepoint Developer,sr3,"{'hard': ['Security Best Practices: 2', 'Testing Automation: 5', 'Data Migration: 2', 'PowerShell: 5', 'Agile: 2', 'Integration with Third-party Services: 4', 'Microsoft Flow: 3', 'SQL Server: 5', 'Debugging: 2', 'Version Control: 3', 'REST APIs: 2', 'Git: 5', 'Office 365: 3', 'ASP.NET: 3'], 'soft': ['Workplace Culture Awareness: 2', 'Team Building: 2', 'Flexibility: 4', 'Emotional Resilience: 3', 'Problem Solving: 3', 'Active Listening: 4', 'Communication: 3', 'Quality Assurance: 3', 'Ethical Judgment: 2', 'Conflict Management: 5', 'Global Awareness: 5', 'Decision Making: 4', 'Problem Analysis: 4', 'Adaptability: 5', 'Work-Life Balance: 4']}"
Christopher,Moore,96950378,Mexico,Python Developer,sr1,"{'hard': ['Agile: 1', 'Machine Learning: 1', 'SQL: 3', 'Git: 1', 'Pandas: 3', 'Pytorch: 3', 'Data Mining: 3', 'REST APIs: 1', 'Docker: 3', 'Unit Testing: 3'], 'soft': ['Mentoring: 1', 'Emotional Intelligence: 1', 'Intellectual Curiosity: 2', 'Decision Making: 2', 'Crisis Communication: 1', 'Creativity: 3', 'Facilitation Skills: 1', 'Conflict Resolution: 1', 'Stress Management: 2', 'Process Improvement: 2', 'Mentoring Skills: 3', 'Relationship Building: 2']}"
Susan,Johnson,33081899,Paraguay,Cloud Engineer,sr1,"{'hard': ['Database Management: 1', 'AWS: 3', 'Virtualization: 3', 'Scripting (Python, Bash): 1', 'Load Balancing: 3', 'Security Best Practices: 1', 'Docker: 3', 'DevOps: 2', 'Performance Tuning: 1', 'Cloud Security: 2'], 'soft': ['Coaching: 3', 'Communication: 1', 'Resource Allocation: 1', 'Time Management: 3', 'Stress Resilience: 3', 'Innovation: 1', 'Data Interpretation: 1', 'Negotiation Tactics: 3', 'Conflict Management: 1', 'Work-Life Balance: 3', 'Problem Solving: 1', 'Flexibility: 3']}"
Jacob,Nash,70803956,Colombia,IOT Platform Engineer,sr3,"{'hard': ['Network Security: 4', 'Cloud Platforms (AWS IoT, Azure IoT): 2', 'Data Analytics: 2', 'Firmware Development: 5', 'IoT Protocols (MQTT, CoAP): 4', 'Cloud Computing: 3', 'Data Processing: 3', 'Real-time Data Processing: 5', 'Big Data Technologies: 3', 'Sensor Technologies: 5', 'Edge Computing: 4', 'Analytics Integration: 2', 'Embedded Systems: 3', 'Testing and Validation: 4'], 'soft': ['Flexibility: 4', 'Negotiation Tactics: 5', 'Feedback Delivery: 3', 'Initiative: 5', 'Mentoring: 3', 'Data Interpretation: 2', 'Task Prioritization: 3', 'Teamwork: 4', 'Goal Setting: 2', 'Self-Discipline: 4', 'Responsibility: 3', 'Communication: 5', 'Delegation: 3', 'Innovation: 4', 'Stress Resilience: 2']}"
Alexander,Holmes,47074404,Colombia,IOT Platform Engineer,ssr,"{'hard': ['Lifecycle Management: 2', 'Remote Device Monitoring: 2', 'Database Management: 2', 'Data Analytics: 2', 'Interoperability Standards: 2'], 'soft': ['Leadership: 1', 'Resilience: 2', 'Task Prioritization: 2', 'Critical Thinking: 1', 'Analytical Thinking: 2']}"
Crystal,Stephens,28435716,Ecuador,Test Automation Engineer,jr,"{'hard': ['Integration Testing: 1', 'JavaScript: 1', 'JUnit: 1', 'Performance Testing: 1', 'Defect Tracking: 1'], 'soft': ['Learning Agility: 1', 'Active Listening: 1', 'Entrepreneurial Mindset: 1', 'Professionalism: 1', 'Inclusivity: 1']}"
Crystal,Strong,59745862,Ecuador,Android Mobile Developer,sr1,"{'hard': ['MVP: 3', 'MVVM: 3', 'XML: 3', 'RxJava: 1', 'Firebase: 1', 'Retrofit: 1', 'Agile: 1', 'Dependency Injection: 3', 'Kotlin Coroutines: 3', 'LiveData: 1'], 'soft': ['Open-mindedness: 2', 'Active Listening: 1', 'Workplace Culture Awareness: 1', 'Conflict Resolution: 2', 'Problem Solving: 3', 'Attention to Detail: 1', 'Public Speaking: 3', 'Negotiation: 1', 'Mentoring: 2', 'Trustworthiness: 3', 'Networking: 1', 'Goal Setting: 3']}"
Julia,Wilkinson,99519454,Argentina,Salesforce Developer,sr2,"{'hard': ['Debugging: 2', 'Community Cloud: 2', 'Lightning Web Components: 4', 'Reports and Dashboards: 3', 'Workflows: 1', 'Visualforce: 4', 'Sales Cloud: 2', 'Salesforce DX: 3', 'Data Migration: 3', 'Salesforce CRM: 1'], 'soft': ['Global Awareness: 4', 'Time Management: 1', 'Ethical Judgment: 3', 'Social Skills: 1', 'Strategic Thinking: 1', 'Conflict Resolution: 2', 'Goal Setting: 2', 'Relationship Building: 3', 'Self-Motivation: 2', 'Public Relations: 4', 'Trust Building: 4', 'Time Awareness: 4']}"
Erin,Oneal,90725647,Ecuador,Sharepoint Developer,sr1,"{'hard': ['Data Migration: 2', 'REST APIs: 1', 'Agile: 2', 'JavaScript: 2', 'Team Sites: 3', 'ASP.NET: 2', 'PowerShell: 2', 'Information Architecture: 3', 'Content Management: 3', 'User Interface Design: 1'], 'soft': ['Workplace Culture Awareness: 2', 'Mentoring: 1', 'Active Listening: 1', 'Time Optimization: 3', 'Problem Solving: 2', 'Critical Observation: 3', 'Public Speaking: 1', 'Service Orientation: 1', 'Civic Responsibility: 2', 'Research Skills: 1', 'Facilitation Skills: 1', 'Process Improvement: 1']}"
Christopher,Guerrero,74145249,Paraguay,Cloud Engineer,sr1,"{'hard': ['Disaster Recovery Planning: 3', 'Database Management: 1', 'Security Best Practices: 2', 'Serverless Computing: 3', 'Monitoring and Logging: 2', 'Application Networking: 3', 'API Management: 3', 'Infrastructure as Code (IaC): 1', 'Service Mesh: 2', 'Cost Optimization: 2'], 'soft': ['Emotional Intelligence: 3', 'Cultural Competence: 2', 'Research Skills: 3', 'Initiative: 2', 'Critical Thinking: 2', 'Visionary Thinking: 2', 'Creativity: 2', 'Critical Observation: 2', 'Visionary Leadership: 2', 'Crisis Management: 3', 'Crisis Communication: 1', 'Social Skills: 1']}"
Shelley,Clark,62655597,Venezuela,Data Engineer,sr1,"{'hard': ['Data Lakes: 2', 'Performance Tuning: 3', 'NoSQL Databases: 3', 'Business Intelligence: 2', 'Hadoop: 3', 'Data Cataloging: 2', 'Scripting (Bash, Python): 1', 'Cloud Data Solutions (AWS, Azure, GCP): 2', 'Data Integration Tools: 3', 'Agile: 2'], 'soft': ['Time Management: 1', 'Writing Skills: 1', 'Work Ethic: 3', 'Motivational Skills: 2', 'Conflict Resolution: 1', 'Scientific Thinking: 1', 'Self-Regulation: 2', 'Persuasion: 2', 'Leadership: 2', 'Ethical Judgment: 1', 'Creativity: 3', 'Civic Engagement: 1']}"
Steven,Beard,50805394,Colombia,Web Mobile Developer,jr,"{'hard': ['Cross-Browser Compatibility: 1', 'Service Workers: 1', 'Responsive Design: 1', 'Analytics Integration: 1', 'JavaScript: 1'], 'soft': ['Decision Making: 1', 'Resource Allocation: 1', 'Persuasion: 1', 'Critical Observation: 1', 'Positivity: 1']}"
Christine,Welch,83297065,Paraguay,iOS Mobile Developer,sr3,"{'hard': ['In-App Purchases: 3', 'Swift: 3', 'iCloud: 5', 'User Experience (UX): 2', 'Multithreading: 2', 'Auto Layout: 4', 'iOS SDK: 4', 'Debugging: 5', 'UIKit: 2', 'Firebase: 5', 'User Interface Design: 3', 'Git: 3', 'Third-party Libraries: 5', 'Objective-C: 5'], 'soft': ['Conflict Resolution: 2', 'Performance Management: 5', 'Problem Solving: 4', 'Active Listening: 4', 'Trust Building: 5', 'Leadership: 5', 'Presentation Skills: 4', 'Global Awareness: 3', 'Visionary Leadership: 3', 'Stress Resilience: 5', 'Intuition: 3', 'Cultural Awareness: 4', 'Critical Thinking: 2', 'Team Building: 5', 'Cultural Competence: 4']}"
Taylor,White,61191839,Argentina,Web UI Developer,sr1,"{'hard': ['CSS: 2', 'React: 3', 'Cross-Browser Compatibility: 1', 'Design Systems: 1', 'Accessibility Standards: 1', 'Color Theory: 2', 'Web Design Principles: 1', 'Progressive Enhancement: 3', 'Version Control: 1', 'SEO Best Practices: 1'], 'soft': ['Strategic Thinking: 3', 'Cognitive Flexibility: 2', 'Professionalism: 3', 'Empathy: 3', 'Critical Thinking: 2', 'Creativity: 2', 'Self-Confidence: 2', 'Attention to Detail: 3', 'Cultural Awareness: 1', 'Negotiation Tactics: 1', 'Social Skills: 3', 'Process Improvement: 1']}"
Danielle,Cooper,16079812,Mexico,Web UI Developer,sr3,"{'hard': ['Design Systems: 2', 'Web Standards: 4', 'Responsive Design: 4', 'Animations: 2', 'Microinteractions: 3', 'Typography: 5', 'Angular: 5', 'CSS Preprocessors (Sass, LESS): 4', 'Cross-Browser Compatibility: 2', 'React: 5', 'REST APIs: 5', 'Progressive Enhancement: 5', 'User Interaction Design: 2', 'Figma/Adobe XD: 3'], 'soft': ['Feedback Delivery: 3', 'Crisis Communication: 2', 'Strategic Thinking: 3', 'Negotiation: 2', 'Innovation: 2', 'Creativity: 4', 'Active Listening: 4', 'Open-mindedness: 2', 'Relationship Building: 3', 'Crisis Management: 3', 'Work Ethic: 5', 'Emotional Resilience: 4', 'Resourcefulness: 3', 'Learning Agility: 5', 'Writing Skills: 2']}"
Wendy,Garcia,38535260,Venezuela,RPA Developer,jr,"{'hard': ['Blue Prism: 1', 'Debugging: 1', 'Business Process Mapping: 1', 'Process Analysis: 1', 'REST APIs: 1'], 'soft': ['Problem Analysis: 1', 'Professionalism: 1', 'Adaptability: 1', 'Resourcefulness: 1', 'Initiative: 1']}"
Shannon,Mitchell,72832333,Mexico,Android Mobile Developer,sr3,"{'hard': ['LiveData: 2', 'Retrofit: 4', 'Agile: 5', 'Android NDK: 5', 'Java: 5', 'Android Architecture Components: 4', 'Kotlin Coroutines: 2', 'Constraint Layout: 3', 'Android Jetpack: 3', 'Gradle: 3', 'Firebase: 4', 'Security Best Practices: 4', 'JUnit: 4', 'MVVM: 2'], 'soft': ['Positivity: 3', 'Influencing: 3', 'Presentation Skills: 5', 'Self-Discipline: 2', 'Strategic Thinking: 5', 'Stress Management: 4', 'Scientific Thinking: 3', 'Innovation: 5', 'Motivation: 4', 'Persuasion: 3', 'Open-mindedness: 2', 'Workplace Culture Awareness: 4', 'Cultural Awareness: 2', 'Team Building: 3', 'Relationship Building: 2']}"
William,Williams,30940512,Paraguay,Android Mobile Developer,sr1,"{'hard': ['Gradle: 2', 'Motion Layout: 1', 'RxJava: 2', 'Android Architecture Components: 1', 'LiveData: 3', 'Material Design: 1', 'UI/UX Design: 1', 'Security Best Practices: 3', 'Dagger: 2', 'Performance Tuning: 1'], 'soft': ['Mentoring Skills: 2', 'Scientific Thinking: 2', 'Task Prioritization: 3', 'Teamwork: 3', 'Adaptability: 1', 'Leadership: 1', 'Customer Service: 1', 'Service Orientation: 1', 'Negotiation: 3', 'Performance Management: 3', 'Self-Regulation: 2', 'Trustworthiness: 1']}"
Matthew,West,33798686,Mexico,iOS Mobile Developer,sr3,"{'hard': ['Push Notifications: 2', 'Third-party Libraries: 2', 'User Experience (UX): 2', 'In-App Purchases: 3', 'Agile: 3', 'Xcode: 4', 'Design Patterns: 4', 'SwiftUI: 5', 'Firebase: 3', 'Auto Layout: 2', 'Network Connectivity: 3', 'Accessibility Features: 3', 'Multithreading: 4', 'Unit Testing: 5'], 'soft': ['Personality Awareness: 3', 'Feedback Delivery: 5', 'Time Awareness: 2', 'Motivational Skills: 5', 'Stress Management: 4', 'Performance Management: 4', 'Interpersonal Skills: 2', 'Interpersonal Communication: 4', 'Responsibility: 2', 'Adaptability: 5', 'Situational Awareness: 4', 'Critical Observation: 3', 'Resourcefulness: 4', 'Civic Responsibility: 4', 'Service Orientation: 5']}"
Scott,Mathis,43053807,Argentina,Cloud Engineer,sr1,"{'hard': ['Virtualization: 2', 'Azure: 2', 'Google Cloud Platform: 1', 'Event-Driven Architecture: 2', 'Service Mesh: 1', 'Agile: 2', 'Networking: 1', 'Application Networking: 3', 'Performance Tuning: 3', 'Cost Optimization: 2'], 'soft': ['Workplace Culture Awareness: 2', 'Interpersonal Skills: 2', 'Crisis Communication: 2', 'Positivity: 3', 'Research Skills: 1', 'Technology Savvy: 2', 'Leadership: 1', 'Writing Skills: 3', 'Intellectual Curiosity: 2', 'Negotiation Tactics: 3', 'Integrity: 1', 'Critical Thinking: 3']}"
Kevin,Harris,77506343,Paraguay,PHP Developer,jr,"{'hard': ['Performance Optimization: 1', 'Symfony: 1', 'JavaScript: 1', 'Web Services: 1', 'Caching Techniques: 1'], 'soft': ['Technology Savvy: 1', 'Networking: 1', 'Professionalism: 1', 'Conflict Management: 1', 'Resilience: 1']}"
Karen,Cabrera,50842233,Bolivia,Cybersecurity Engineer,sr3,"{'hard': ['Cloud Security: 5', 'Firewalls: 2', 'Agile: 4', 'Risk Assessment: 4', 'Intrusion Detection Systems (IDS): 5', 'Security Auditing: 3', 'Endpoint Protection: 2', 'Threat Intelligence: 5', 'Security Awareness Training: 2', 'Identity and Access Management (IAM): 2', 'Penetration Testing: 4', 'Network Security: 4', 'Mobile Security: 3', 'Encryption Techniques: 5'], 'soft': ['Teamwork: 2', 'Social Intelligence: 2', 'Motivational Skills: 5', 'Active Listening: 4', 'Analytical Thinking: 3', 'Visionary Leadership: 2', 'Intuition: 5', 'Risk Management: 5', 'Interpersonal Skills: 3', 'Writing Skills: 3', 'Data Interpretation: 3', 'Flexibility: 2', 'Creativity: 3', 'Client Management: 5', 'Persuasion: 3']}"
Christopher,Taylor,98552041,Uruguay,Sharepoint Developer,jr,"{'hard': ['REST APIs: 1', 'SharePoint Framework (SPFx): 1', 'ASP.NET: 1', 'Business Intelligence: 1', 'Team Sites: 1'], 'soft': ['Negotiation Tactics: 1', 'Change Facilitation: 1', 'Professionalism: 1', 'Mentoring Skills: 1', 'Coaching: 1']}"
Jeffery,Strickland,71647744,Argentina,Test Automation Engineer,ssr,"{'hard': ['API Testing: 1', 'Security Testing: 2', 'Agile: 1', 'User Interface Testing: 2', 'Test Management Tools: 1'], 'soft': ['Emotional Intelligence: 1', 'Inclusivity: 2', 'Cultural Awareness: 1', 'Visionary Leadership: 2', 'Goal Setting: 2']}"
Robert,Kelley,99970449,Paraguay,Flutter Developer,ssr,"{'hard': ['User Interface Testing: 1', 'Asynchronous Programming: 2', 'Localization: 2', 'Agile: 1', 'Third-party Libraries: 1'], 'soft': ['Personality Awareness: 1', 'Team Building: 1', 'Crisis Communication: 1', 'Visionary Leadership: 2', 'Public Speaking: 2']}"
Carrie,Gonzalez,14029112,Peru,Cobol Developer,sr1,"{'hard': ['System Analysis: 3', 'DB2: 2', 'Batch Processing: 1', 'VSAM: 1', 'Mainframe: 1', 'Micro Focus: 2', 'Performance Tuning: 1', 'Data Mapping: 1', 'Legacy Systems: 2', 'Data Structures: 3'], 'soft': ['Problem Solving: 3', 'Problem Analysis: 1', 'Delegation: 2', 'Motivational Skills: 3', 'Negotiation: 3', 'Virtual Collaboration: 3', 'Resource Allocation: 3', 'Feedback Acceptance: 1', 'Visionary Leadership: 2', 'Social Skills: 2', 'Humility: 1', 'Work Ethic: 3']}"
Desiree,Williams,59334763,Peru,Java Developer,sr1,"{'hard': ['Internationalization: 1', 'Design Patterns: 3', 'Thread Management: 3', 'JavaFX: 2', 'Kubernetes: 3', 'Algorithms: 1', 'Maven: 2', 'Security: 2', 'SOAP: 3', 'Data Access Layer: 3'], 'soft': ['Writing Skills: 1', 'Networking: 2', 'Stress Management: 2', 'Open-mindedness: 1', 'Innovation: 1', 'Humility: 3', 'Resourcefulness: 1', 'Negotiation: 2', 'Mentoring: 2', 'Influencing: 3', 'Motivation: 3', 'Quality Assurance: 2']}"
Victoria,Smith,40345071,Ecuador,Web UI Developer,sr1,"{'hard': ['Content Management Systems (CMS): 1', 'Performance Optimization: 3', 'Web Standards: 2', 'Vue.js: 1', 'User Interaction Design: 3', 'Agile: 3', 'Animations: 1', 'Image Optimization: 3', 'Front-End Frameworks: 3', 'Testing Frameworks (Jest, Mocha): 1'], 'soft': ['Decision Making: 1', 'Influencing: 3', 'Facilitation Skills: 2', 'Technology Savvy: 1', 'Crisis Communication: 2', 'Motivation: 3', 'Flexibility: 3', 'Resilience: 2', 'Scientific Thinking: 2', 'Time Awareness: 2', 'Client Management: 1', 'Resourcefulness: 2']}"
Carol,Owens,75743139,Argentina,.Net Developer,ssr,"{'hard': ['LINQ: 1', 'Web API: 1', 'WCF: 2', 'Agile: 1', 'Debugging: 2'], 'soft': ['Emotional Intelligence: 2', 'Self-Confidence: 1', 'Work-Life Balance: 1', 'Feedback Delivery: 1', 'Visionary Thinking: 2']}"
Keith,Johnson,61704798,Bolivia,Sharepoint Developer,ssr,"{'hard': ['Integration with Third-party Services: 1', 'Content Management: 1', 'JavaScript: 1', 'ASP.NET: 1', 'Security Best Practices: 2'], 'soft': ['Cultural Awareness: 2', 'Self-Confidence: 1', 'Technology Savvy: 2', 'Time Management: 2', 'Interpersonal Skills: 1']}"
Paul,Andrade,84045337,Ecuador,.Net Developer,ssr,"{'hard': ['HTML/CSS: 1', 'Cloud Services (Azure): 1', 'C#: 1', 'Web API: 1', 'Unit Testing: 2'], 'soft': ['Motivational Skills: 1', 'Influencing: 2', 'Personality Awareness: 1', 'Writing Skills: 2', 'Emotional Resilience: 2']}"
John,Webster,62190780,Colombia,Android Mobile Developer,sr1,"{'hard': ['Constraint Layout: 3', 'REST APIs: 2', 'MVP: 1', 'Android NDK: 1', 'UI/UX Design: 3', 'Retrofit: 1', 'Git: 2', 'Android Jetpack: 2', 'Flutter: 1', 'Agile: 3'], 'soft': ['Self-Motivation: 1', 'Relationship Building: 2', 'Negotiation: 3', 'Conflict Resolution: 1', 'Emotional Resilience: 3', 'Feedback Acceptance: 3', 'Strategic Communication: 3', 'Cultural Awareness: 2', 'Resource Allocation: 2', 'Critical Observation: 1', 'Flexibility: 1', 'Analytical Thinking: 1']}"
Michael,Campbell,79335849,Chile,PHP Developer,sr3,"{'hard': ['XML: 4', 'Command Line Interface (CLI): 5', 'Security Best Practices: 2', 'User Authentication: 2', 'Database Design: 3', 'MySQL: 3', 'Performance Optimization: 4', 'Continuous Integration: 4', 'Composer: 4', 'Symfony: 5', 'Session Management: 5', 'Composer: 5', 'Git: 2', 'Laravel: 5'], 'soft': ['Visionary Leadership: 2', 'Self-Motivation: 5', 'Feedback Acceptance: 2', 'Time Management: 5', 'Coaching: 4', 'Negotiation: 5', 'Global Awareness: 3', 'Inclusivity: 3', 'Flexibility: 3', 'Persuasion: 5', 'Technology Savvy: 2', 'Work Ethic: 4', 'Stress Resilience: 2', 'Mentoring Skills: 5', 'Change Facilitation: 4']}"
Teresa,Bailey,77580310,Paraguay,Cloud Engineer,ssr,"{'hard': ['AWS: 2', 'Configuration Management: 1', 'Kubernetes: 2', 'Version Control (Git): 1', 'Virtualization: 2'], 'soft': ['Task Prioritization: 2', 'Creativity: 2', 'Feedback Acceptance: 2', 'Facilitation Skills: 1', 'Mentoring Skills: 1']}"
Brendan,Hughes,97512861,Uruguay,.Net Developer,sr3,"{'hard': ['Agile: 4', 'SQL Server: 3', 'Web API: 3', 'Application Lifecycle Management: 4', 'Data Structures: 4', 'C#: 4', 'Containerization: 3', 'ASP.NET: 4', 'HTML/CSS: 2', 'User Authentication: 2', 'SignalR: 3', 'Web Services: 4', 'Code Review: 3', '.NET Framework: 4'], 'soft': ['Communication: 5', 'Facilitation Skills: 5', 'Social Intelligence: 4', 'Trust Building: 4', 'Civic Engagement: 3', 'Persuasion: 3', 'Crisis Management: 2', 'Task Prioritization: 3', 'Writing Skills: 3', 'Public Speaking: 4', 'Problem Solving: 5', 'Leadership: 3', 'Cultural Competence: 5', 'Relationship Building: 4', 'Initiative: 2']}"
Ronald,Holmes,44642298,Argentina,iOS Mobile Developer,jr,"{'hard': ['Debugging: 1', 'In-App Purchases: 1', 'RESTful APIs: 1', 'Security Best Practices: 1', 'User Interface Design: 1'], 'soft': ['Responsibility: 1', 'Technology Savvy: 1', 'Goal Setting: 1', 'Positivity: 1', 'Social Skills: 1']}"
Veronica,Garcia,35729224,Mexico,PHP Developer,ssr,"{'hard': ['Command Line Interface (CLI): 2', 'Agile: 2', 'Caching Techniques: 1', 'Web Services: 1', 'Performance Optimization: 2'], 'soft': ['Situational Awareness: 1', 'Cognitive Flexibility: 2', 'Presentation Skills: 2', 'Strategic Communication: 2', 'Client Management: 2']}"
Paul,Moyer,52614150,Bolivia,NodeJs Developer,jr,"{'hard': ['HTML/CSS: 1', 'Postman: 1', 'WebSockets: 1', 'TypeScript: 1', 'Version Control: 1'], 'soft': ['Initiative: 1', 'Social Skills: 1', 'Conflict Management: 1', 'Adaptability: 1', 'Trust Building: 1']}"
Jennifer,Hernandez,43828557,Uruguay,PHP Developer,sr3,"{'hard': ['Web Services: 5', 'MVC Architecture: 5', 'Database Design: 3', 'Version Control: 5', 'XML: 3', 'Composer: 4', 'MySQL: 3', 'Integration with Third-party Services: 4', 'Command Line Interface (CLI): 3', 'Continuous Integration: 4', 'CSS: 3', 'Debugging: 5', 'Data Structures: 5', 'Caching Techniques: 2'], 'soft': ['Service Orientation: 3', 'Workplace Culture Awareness: 4', 'Strategic Thinking: 3', 'Feedback Acceptance: 3', 'Collaboration: 2', 'Creativity: 4', 'Self-Regulation: 2', 'Innovation: 2', 'Communication: 3', 'Visionary Thinking: 3', 'Interpersonal Communication: 3', 'Time Awareness: 4', 'Decision Making: 4', 'Resilience: 4', 'Research Skills: 5']}"
Sherry,Vaughan,34296386,Paraguay,Data Engineer,sr1,"{'hard': ['Data Visualization Tools (Tableau, Power BI): 1', 'Apache Kafka: 2', 'Data Architecture: 1', 'Business Intelligence: 3', 'Agile: 3', 'SQL: 1', 'Data Integration Tools: 1', 'Apache Spark: 3', 'Version Control (Git): 3', 'Data Lakes: 1'], 'soft': ['Performance Management: 1', 'Public Relations: 2', 'Team Building: 1', 'Learning Agility: 2', 'Critical Observation: 2', 'Persuasion: 3', 'Networking: 3', 'Responsibility: 1', 'Time Management: 2', 'Change Facilitation: 2', 'Collaboration: 2', 'Innovation: 1']}"
James,Harris,74064819,Mexico,Cloud Engineer,sr1,"{'hard': ['AWS: 2', 'Monitoring and Logging: 2', 'Disaster Recovery Planning: 2', 'Cloud Migration: 1', 'DevOps: 2', 'Data Storage Solutions: 2', 'Cloud Security: 1', 'Google Cloud Platform: 2', 'Security Best Practices: 1', 'Cost Optimization: 1'], 'soft': ['Global Awareness: 2', 'Active Listening: 2', 'Feedback Acceptance: 1', 'Resourcefulness: 3', 'Team Building: 2', 'Cultural Awareness: 3', 'Negotiation Tactics: 1', 'Critical Thinking: 3', 'Crisis Communication: 3', 'Negotiation: 1', 'Public Relations: 1', 'Learning Agility: 3']}"
Melanie,Wilkinson,37018543,Peru,Java Developer,jr,"{'hard': ['Logging Frameworks: 1', 'Java: 1', 'Spring Boot: 1', 'Maven: 1', 'REST APIs: 1'], 'soft': ['Coaching: 1', 'Resource Allocation: 1', 'Critical Observation: 1', 'Public Speaking: 1', 'Client Management: 1']}"
Kimberly,King,58555802,Colombia,Web Mobile Developer,ssr,"{'hard': ['Frontend Frameworks: 1', 'Mobile First Design: 2', 'Continuous Integration/Continuous Deployment (CI/CD): 2', 'Third-party Libraries: 1', 'Application Security: 2'], 'soft': ['Feedback Delivery: 1', 'Authenticity: 2', 'Writing Skills: 1', 'Personality Awareness: 1', 'Performance Management: 1']}"
Howard,Glenn,79699061,Mexico,C++ Developer,sr3,"{'hard': ['Design Patterns: 4', 'Windows API: 2', 'System Programming: 3', 'Game Development: 3', 'Version Control (Git): 4', 'DirectX: 5', 'Graphics Programming: 2', 'Qt Framework: 3', 'Boost Library: 4', 'Standard Template Library (STL): 4', 'Templates: 5', 'Compiler Optimization: 2', 'Automated Testing: 3', 'Data Structures: 2'], 'soft': ['Influencing: 2', 'Interpersonal Communication: 5', 'Negotiation: 3', 'Data Interpretation: 2', 'Cognitive Flexibility: 3', 'Crisis Management: 5', 'Time Awareness: 2', 'Visionary Thinking: 4', 'Adaptability: 3', 'Civic Engagement: 4', 'Self-Discipline: 3', 'Time Management: 3', 'Cultural Competence: 3', 'Mentoring: 4', 'Attention to Detail: 3']}"
Alexandra,Rose,55034269,Uruguay,Java Developer,sr2,"{'hard': ['Data Access Layer: 2', 'Security: 3', 'Algorithms: 1', 'Thread Management: 3', 'Maven: 4', 'Hibernate: 1', 'Git: 2', 'REST APIs: 4', 'Docker: 4', 'XML: 2'], 'soft': ['Visionary Thinking: 1', 'Attention to Detail: 3', 'Cultural Competence: 1', 'Intellectual Curiosity: 1', 'Adaptability: 4', 'Visionary Leadership: 4', 'Persuasion: 2', 'Cultural Awareness: 2', 'Emotional Resilience: 1', 'Mentoring Skills: 4', 'Work Ethic: 3', 'Civic Responsibility: 3']}"
Kristi,Brady,56077781,Peru,Java Developer,sr3,"{'hard': ['REST APIs: 3', 'XML: 3', 'Git: 4', 'Performance Tuning: 2', 'Spring Boot: 4', 'Cloud Services: 3', 'Internationalization: 4', 'API Development: 5', 'Continuous Integration: 4', 'SOAP: 2', 'Multi-threading: 4', 'JDBC: 4', 'Thread Management: 2', 'Web Services: 4'], 'soft': ['Scientific Thinking: 4', 'Stress Resilience: 5', 'Social Intelligence: 3', 'Self-Motivation: 3', 'Problem Analysis: 2', 'Resource Allocation: 5', 'Coaching: 4', 'Work-Life Balance: 5', 'Networking: 5', 'Flexibility: 4', 'Mentoring Skills: 5', 'Teamwork: 4', 'Public Speaking: 3', 'Quality Assurance: 2', 'Resilience: 3']}"
Michael,Davis,27365231,Colombia,Cloud Engineer,sr3,"{'hard': ['Automation Tools: 2', 'Security Best Practices: 4', 'Networking: 5', 'Cloud Security: 2', 'Backup and Recovery: 4', 'Kubernetes: 5', 'Virtualization: 5', 'Database Management: 4', 'Resource Allocation: 3', 'Service Mesh: 2', 'Data Storage Solutions: 2', 'Disaster Recovery Planning: 5', 'Application Networking: 4', 'Cost Optimization: 3'], 'soft': ['Negotiation Tactics: 2', 'Self-Confidence: 4', 'Mentoring Skills: 3', 'Emotional Intelligence: 2', 'Inclusivity: 2', 'Scientific Thinking: 4', 'Conflict Resolution: 3', 'Civic Engagement: 3', 'Self-Discipline: 4', 'Virtual Collaboration: 5', 'Conflict Management: 3', 'Crisis Communication: 3', 'Technology Savvy: 3', 'Personality Awareness: 3', 'Stress Management: 3']}"
Erin,Romero,77097789,Venezuela,iOS Mobile Developer,ssr,"{'hard': ['RESTful APIs: 2', 'Third-party Libraries: 2', 'SwiftUI: 1', 'iCloud: 2', 'Objective-C: 1'], 'soft': ['Self-Regulation: 2', 'Intellectual Curiosity: 2', 'Stress Management: 1', 'Service Orientation: 2', 'Collaboration: 2']}"
Peggy,Berry,17962111,Uruguay,Python Developer,sr3,"{'hard': ['Data Structures: 5', 'Jupyter Notebooks: 2', 'TensorFlow: 4', 'Debugging: 3', 'Natural Language Processing (NLP): 3', 'Security Best Practices: 5', 'Data Visualization: 4', 'Pytorch: 2', 'Python: 5', 'APIs: 4', 'Data Quality Assessment: 4', 'Docker: 2', 'Git: 3', 'Web Scraping: 3'], 'soft': ['Change Facilitation: 5', 'Motivational Skills: 5', 'Active Listening: 3', 'Crisis Communication: 4', 'Ethical Judgment: 3', 'Persuasion: 2', 'Professionalism: 5', 'Research Skills: 3', 'Quality Assurance: 5', 'Mentoring: 4', 'Critical Thinking: 5', 'Time Awareness: 2', 'Visionary Leadership: 2', 'Customer Service: 2', 'Responsibility: 5']}"
Caleb,Adams,66675934,Colombia,IOT Platform Engineer,ssr,"{'hard': ['Device Connectivity: 2', 'Agile: 2', 'Data Analytics: 1', 'Version Control: 1', 'IoT Protocols (MQTT, CoAP): 1'], 'soft': ['Time Management: 2', 'Humility: 1', 'Critical Thinking: 1', 'Motivation: 1', 'Adaptability to Change: 2']}"
Zachary,Romero,50461171,Chile,Salesforce Developer,sr1,"{'hard': ['Community Cloud: 1', 'Sales Cloud: 1', 'Visualforce: 1', 'Custom Objects: 2', 'Triggers: 1', 'SOQL: 1', 'Testing Frameworks: 1', 'API Development: 2', 'Lightning Components: 2', 'Agile: 2'], 'soft': ['Humility: 3', 'Goal Setting: 1', 'Problem Solving: 2', 'Self-Confidence: 1', 'Social Intelligence: 3', 'Innovation: 1', 'Process Improvement: 1', 'Public Relations: 2', 'Professionalism: 1', 'Visionary Leadership: 3', 'Analytical Thinking: 3', 'Cognitive Flexibility: 1']}"
William,Elliott,51710568,Colombia,Android Mobile Developer,jr,"{'hard': ['Java: 1', 'Security Best Practices: 1', 'Gradle: 1', 'MVVM: 1', 'RxJava: 1'], 'soft': ['Influencing: 1', 'Adaptability to Change: 1', 'Empathy: 1', 'Performance Management: 1', 'Entrepreneurial Mindset: 1']}"
Valerie,Chavez,25512092,Uruguay,Game Developer,ssr,"{'hard': ['Graphics Programming: 2', 'Cross-platform Development: 1', 'Shader Programming: 2', 'User Interface Design: 2', 'Level Design: 2'], 'soft': ['Technology Savvy: 2', 'Emotional Intelligence: 2', 'Communication: 2', 'Delegation: 1', 'Performance Management: 1']}"
Joshua,Schwartz,93028001,Ecuador,iOS Mobile Developer,jr,"{'hard': ['Animation: 1', 'iCloud: 1', 'Security Best Practices: 1', 'App Store Submission: 1', 'Design Patterns: 1'], 'soft': ['Civic Responsibility: 1', 'Emotional Intelligence: 1', 'Positivity: 1', 'Cognitive Flexibility: 1', 'Feedback Acceptance: 1']}"
Amanda,Maldonado,49275915,Argentina,DevOps Engineer,sr1,"{'hard': ['Scripting (Bash, Python): 2', 'Release Management: 3', 'Load Balancing: 1', 'Backup Strategies: 2', 'Version Control (Git): 1', 'Microservices Architecture: 3', 'Automation Tools: 2', 'Kubernetes: 3', 'Incident Management: 3', 'Change Management: 3'], 'soft': ['Research Skills: 2', 'Presentation Skills: 3', 'Open-mindedness: 3', 'Creativity: 2', 'Work-Life Balance: 2', 'Team Building: 3', 'Risk Management: 1', 'Self-Discipline: 1', 'Coaching: 3', 'Mentoring Skills: 2', 'Stress Management: 1', 'Innovation: 1']}"
Bryan,Sanchez,77421469,Argentina,Sharepoint Developer,ssr,"{'hard': ['Debugging: 1', 'Performance Optimization: 2', 'REST APIs: 1', 'SharePoint Online: 2', 'HTML: 2'], 'soft': ['Analytical Thinking: 2', 'Team Building: 2', 'Cultural Competence: 2', 'Initiative: 2', 'Feedback Delivery: 1']}"
Valerie,Anderson,86014852,Paraguay,.Net Developer,sr1,"{'hard': ['LINQ: 3', 'REST APIs: 1', 'Performance Optimization: 3', 'Cloud Services (Azure): 1', 'Security Best Practices: 2', 'Dependency Injection: 1', 'Web Services: 2', 'Microservices: 3', 'SQL Server: 2', 'MVC: 3'], 'soft': ['Quality Assurance: 2', 'Service Orientation: 3', 'Mentoring Skills: 1', 'Visionary Thinking: 3', 'Time Optimization: 2', 'Performance Management: 3', 'Entrepreneurial Mindset: 1', 'Motivational Skills: 3', 'Professionalism: 2', 'Scientific Thinking: 2', 'Negotiation: 3', 'Creativity: 1']}"
David,Peters,86273229,Bolivia,DevOps Engineer,sr1,"{'hard': ['Testing Automation: 3', 'Backup Strategies: 2', 'Performance Tuning: 2', 'Database Management: 1', 'Continuous Integration/Continuous Deployment (CI/CD): 1', 'Application Performance Monitoring (APM): 3', 'Monitoring and Logging: 3', 'Kubernetes: 3', 'Infrastructure as Code (IaC): 2', 'Change Management: 1'], 'soft': ['Performance Management: 1', 'Decision Making: 3', 'Innovation: 3', 'Creativity: 3', 'Problem Analysis: 1', 'Mentoring Skills: 3', 'Writing Skills: 2', 'Professionalism: 1', 'Entrepreneurial Mindset: 3', 'Crisis Communication: 2', 'Process Improvement: 1', 'Virtual Collaboration: 1']}"
Gregory,Riley,22245618,Bolivia,Sharepoint Developer,jr,"{'hard': ['Information Architecture: 1', 'Git: 1', 'JavaScript: 1', 'Content Management: 1', 'Performance Optimization: 1'], 'soft': ['Integrity: 1', 'Cultural Competence: 1', 'Self-Discipline: 1', 'Presentation Skills: 1', 'Conflict Resolution: 1']}"
Nicholas,Roy,56482055,Paraguay,Python Developer,sr3,"{'hard': ['Selenium: 2', 'Django: 3', 'Agile: 4', 'Data Engineering: 5', 'Jupyter Notebooks: 2', 'Unit Testing: 5', 'APIs: 4', 'Algorithms: 3', 'Web Scraping: 5', 'Cloud Services: 5', 'Debugging: 5', 'Natural Language Processing (NLP): 3', 'Spark: 2', 'Flask: 5'], 'soft': ['Conflict Management: 3', 'Collaboration: 5', 'Personality Awareness: 5', 'Risk Management: 3', 'Decision Making: 5', 'Situational Awareness: 3', 'Empathy: 3', 'Positivity: 4', 'Crisis Communication: 2', 'Facilitation Skills: 2', 'Interpersonal Communication: 3', 'Critical Thinking: 4', 'Persuasion: 2', 'Humility: 4', 'Relationship Building: 2']}"
Matthew,Hodges,85348461,Colombia,Ruby Developer,jr,"{'hard': ['Version Control: 1', 'SQL: 1', 'CSS: 1', 'Ruby: 1', 'Task Scheduling: 1'], 'soft': ['Adaptability: 1', 'Ethical Judgment: 1', 'Strategic Thinking: 1', 'Client Management: 1', 'Conflict Management: 1']}"
Devin,Jordan,76847244,Argentina,Python Developer,sr2,"{'hard': ['Agile: 1', 'Matplotlib: 1', 'Data Structures: 4', 'APIs: 2', 'Jupyter Notebooks: 1', 'Security Best Practices: 3', 'Docker: 3', 'REST APIs: 4', 'Unit Testing: 4', 'Web Scraping: 4'], 'soft': ['Positivity: 2', 'Time Awareness: 3', 'Process Improvement: 1', 'Public Speaking: 4', 'Humility: 4', 'Change Management: 1', 'Self-Discipline: 1', 'Quality Assurance: 2', 'Time Management: 3', 'Time Optimization: 4', 'Service Orientation: 1', 'Self-Motivation: 4']}"
Wayne,Ortiz,26734347,Argentina,Web UI Developer,sr3,"{'hard': ['Cross-Browser Compatibility: 4', 'Angular: 2', 'JavaScript: 4', 'Version Control: 2', 'UI/UX Design: 2', 'Accessibility Standards: 5', 'User Interaction Design: 2', 'Responsive Design: 2', 'REST APIs: 5', 'Web Design Principles: 3', 'Progressive Enhancement: 3', 'Animations: 2', 'Vue.js: 3', 'CSS Preprocessors (Sass, LESS): 3'], 'soft': ['Change Management: 3', 'Critical Thinking: 5', 'Leadership: 3', 'Strategic Communication: 5', 'Active Listening: 2', 'Facilitation Skills: 4', 'Conflict Resolution: 4', 'Personality Awareness: 3', 'Self-Regulation: 3', 'Problem Solving: 2', 'Stress Management: 4', 'Cultural Awareness: 3', 'Resilience: 5', 'Motivation: 4', 'Public Relations: 2']}"
Jennifer,Gallegos,80094013,Venezuela,Ruby Developer,sr1,"{'hard': ['Object-Oriented Programming: 3', 'Gem Management: 1', 'Git: 2', 'Error Handling: 3', 'Ruby on Rails: 2', 'JavaScript: 3', 'SQL: 1', 'Responsive Design: 3', 'Integration with Third-party APIs: 3', 'API Development: 1'], 'soft': ['Mentoring Skills: 2', 'Attention to Detail: 1', 'Civic Responsibility: 1', 'Active Listening: 3', 'Creativity: 3', 'Cognitive Flexibility: 1', 'Motivation: 3', 'Trustworthiness: 2', 'Mentoring: 1', 'Feedback Delivery: 2', 'Persuasion: 3', 'Scientific Thinking: 2']}"
Jason,Garcia,24028539,Argentina,Sharepoint Developer,ssr,"{'hard': ['Version Control: 1', 'Information Architecture: 2', 'Team Sites: 1', 'Database Design: 1', 'SharePoint Designer: 2'], 'soft': ['Goal Setting: 2', 'Ethical Judgment: 1', 'Decision Making: 2', 'Civic Responsibility: 1', 'Positivity: 1']}"
Todd,Walker,48110426,Bolivia,Python Developer,sr1,"{'hard': ['Data Mining: 1', 'Unit Testing: 3', 'Data Engineering: 1', 'Data Structures: 2', 'Pytorch: 3', 'Cloud Services: 2', 'Data Visualization: 2', 'Web Scraping: 1', 'Jupyter Notebooks: 1', 'Pandas: 3'], 'soft': ['Open-mindedness: 1', 'Stress Management: 2', 'Self-Motivation: 1', 'Creativity: 1', 'Time Awareness: 2', 'Strategic Thinking: 2', 'Public Speaking: 2', 'Active Listening: 1', 'Self-Confidence: 2', 'Entrepreneurial Mindset: 1', 'Analytical Thinking: 1', 'Intuition: 1']}"
Kayla,Schroeder,12817043,Chile,SQL Developer,sr1,"{'hard': ['Database Design: 3', 'Query Optimization: 1', 'Debugging: 3', 'Security Best Practices: 3', 'Triggers: 2', 'Data Warehousing: 1', 'Data Quality Management: 2', 'Reporting Tools: 2', 'Oracle Database: 2', 'ETL: 3'], 'soft': ['Self-Regulation: 2', 'Professionalism: 3', 'Public Speaking: 3', 'Visionary Thinking: 1', 'Adaptability: 2', 'Cognitive Flexibility: 1', 'Persuasion: 2', 'Critical Observation: 3', 'Intuition: 2', 'Work Ethic: 3', 'Emotional Resilience: 2', 'Motivational Skills: 1']}"
Joel,Osborne,17144976,Venezuela,Game Developer,ssr,"{'hard': ['Sound Design: 1', 'Physics Simulation: 2', 'Game Monetization: 2', '3D Modeling: 1', 'User Interface Design: 1'], 'soft': ['Adaptability to Change: 1', 'Inclusivity: 1', 'Teamwork: 1', 'Conflict Management: 2', 'Data Interpretation: 1']}"
Theresa,Porter,33987874,Bolivia,IOT Platform Engineer,ssr,"{'hard': ['Analytics Integration: 1', 'Device Connectivity: 1', 'Edge Computing: 1', 'User Interface Design: 1', 'Network Security: 2'], 'soft': ['Stress Management: 1', 'Feedback Delivery: 1', 'Crisis Management: 1', 'Negotiation Tactics: 2', 'Technology Savvy: 1']}"
Melissa,Bryan,64966762,Venezuela,Game Developer,sr2,"{'hard': ['Procedural Generation: 4', 'Live Ops: 3', 'Cross-platform Development: 2', 'Unreal Engine: 1', 'Game Prototyping: 2', 'Visual Scripting: 3', 'Asset Management: 3', 'Game Optimization: 3', 'Unity: 4', 'Sound Design: 1'], 'soft': ['Facilitation Skills: 2', 'Process Improvement: 2', 'Motivational Skills: 4', 'Cultural Awareness: 4', 'Integrity: 2', 'Work Ethic: 4', 'Feedback Acceptance: 4', 'Personality Awareness: 2', 'Flexibility: 3', 'Negotiation: 2', 'Research Skills: 1', 'Inclusivity: 4']}"
Briana,James,66154375,Paraguay,iOS Mobile Developer,sr2,"{'hard': ['Cocoa Touch: 1', 'Unit Testing: 3', 'Accessibility Features: 2', 'Performance Optimization: 3', 'Reactive Programming: 3', 'In-App Purchases: 3', 'Swift: 3', 'UIKit: 4', 'RESTful APIs: 4', 'Firebase: 4'], 'soft': ['Cultural Competence: 3', 'Integrity: 1', 'Trustworthiness: 3', 'Stress Management: 3', 'Emotional Resilience: 3', 'Conflict Management: 3', 'Communication: 3', 'Creativity: 3', 'Goal Setting: 3', 'Research Skills: 4', 'Emotional Intelligence: 1', 'Risk Management: 1']}"
Kayla,Foster,30856809,Bolivia,Java Developer,sr1,"{'hard': ['Git: 3', 'Kubernetes: 2', 'Java: 3', 'JPA: 3', 'Thread Management: 3', 'SOAP: 3', 'Java EE: 1', 'Logging Frameworks: 3', 'REST APIs: 2', 'Data Access Layer: 2'], 'soft': ['Inclusivity: 3', 'Intellectual Curiosity: 1', 'Problem Analysis: 3', 'Authenticity: 1', 'Creativity: 1', 'Open-mindedness: 1', 'Crisis Communication: 3', 'Problem Solving: 2', 'Mentoring Skills: 3', 'Process Improvement: 3', 'Performance Management: 3', 'Feedback Acceptance: 1']}"
Matthew,Donovan,73157114,Colombia,C++ Developer,sr2,"{'hard': ['Version Control (Git): 1', 'System Programming: 3', 'Boost Library: 1', 'Static and Dynamic Libraries: 3', 'DirectX: 1', 'Game Development: 2', 'OpenGL: 4', 'Unit Testing: 1', 'OOP: 3', 'File I/O: 4'], 'soft': ['Entrepreneurial Mindset: 4', 'Open-mindedness: 3', 'Stress Management: 3', 'Interpersonal Skills: 4', 'Responsibility: 4', 'Teamwork: 1', 'Attention to Detail: 1', 'Change Management: 1', 'Technology Savvy: 4', 'Crisis Management: 3', 'Social Intelligence: 4', 'Mentoring: 1']}"
Julie,Hernandez,31550967,Venezuela,IOT Platform Engineer,sr3,"{'hard': ['Cloud Computing: 2', 'Database Management: 3', 'Network Security: 5', 'Interoperability Standards: 5', 'Testing and Validation: 2', 'Telemetry: 2', 'Data Visualization: 2', 'Sensor Technologies: 3', 'Cloud Platforms (AWS IoT, Azure IoT): 5', 'IoT Protocols (MQTT, CoAP): 4', 'Real-time Data Processing: 4', 'Embedded Systems: 5', 'Data Processing: 4', 'Edge Computing: 3'], 'soft': ['Work Ethic: 4', 'Time Optimization: 4', 'Facilitation Skills: 5', 'Authenticity: 2', 'Stress Resilience: 4', 'Crisis Communication: 3', 'Active Listening: 4', 'Learning Agility: 5', 'Mentoring: 4', 'Creativity: 3', 'Performance Management: 5', 'Networking Skills: 2', 'Cognitive Flexibility: 4', 'Critical Observation: 4', 'Change Management: 3']}"
Cassandra,Shields,58533815,Venezuela,iOS Mobile Developer,sr1,"{'hard': ['iOS SDK: 3', 'Agile: 3', 'Network Connectivity: 1', 'Objective-C: 2', 'Design Patterns: 1', 'Auto Layout: 3', 'Core Animation: 3', 'UIKit: 1', 'Performance Optimization: 2', 'Xcode: 3'], 'soft': ['Flexibility: 3', 'Communication: 3', 'Negotiation: 2', 'Social Intelligence: 2', 'Task Prioritization: 2', 'Mentoring: 2', 'Intuition: 2', 'Team Building: 3', 'Global Awareness: 1', 'Virtual Collaboration: 2', 'Problem Analysis: 1', 'Learning Agility: 1']}"
William,Lee,85693420,Chile,.Net Developer,sr1,"{'hard': ['Cloud Services (Azure): 1', '.NET Core: 2', 'Debugging: 3', 'REST APIs: 3', '.NET Framework: 1', 'MVC: 1', 'Design Patterns: 2', 'Containerization: 2', 'SQL Server: 3', 'Web Services: 3'], 'soft': ['Teamwork: 3', 'Stress Resilience: 2', 'Cognitive Flexibility: 2', 'Crisis Management: 2', 'Work Ethic: 2', 'Communication: 2', 'Resilience: 2', 'Scientific Thinking: 1', 'Self-Discipline: 1', 'Problem Solving: 2', 'Performance Management: 3', 'Research Skills: 2']}"
Denise,Khan,44255655,Bolivia,Sharepoint Developer,sr1,"{'hard': ['SharePoint Designer: 2', 'Testing Automation: 3', 'JavaScript: 2', 'Business Intelligence: 1', 'Team Sites: 2', 'C#: 2', 'Git: 1', 'User Authentication: 1', 'Information Architecture: 3', 'CSS: 1'], 'soft': ['Strategic Thinking: 1', 'Professionalism: 3', 'Motivational Skills: 2', 'Performance Management: 1', 'Negotiation Tactics: 2', 'Presentation Skills: 2', 'Decision Making: 1', 'Initiative: 3', 'Time Awareness: 1', 'Creativity: 2', 'Service Orientation: 3', 'Public Speaking: 3']}"
Jacob,Hughes,71488108,Ecuador,.Net Developer,sr3,"{'hard': ['Data Structures: 4', 'MVC: 5', 'Visual Studio: 3', 'Code Review: 3', 'Application Lifecycle Management: 3', 'Performance Optimization: 3', 'Entity Framework: 2', 'LINQ: 2', 'Version Control (Git): 4', 'REST APIs: 5', 'SQL Server: 4', 'Web Services: 4', '.NET Framework: 2', 'HTML/CSS: 4'], 'soft': ['Decision Making: 3', 'Resource Allocation: 2', 'Team Building: 5', 'Scientific Thinking: 4', 'Entrepreneurial Mindset: 5', 'Client Management: 3', 'Emotional Intelligence: 5', 'Self-Regulation: 5', 'Communication: 4', 'Civic Responsibility: 3', 'Process Improvement: 2', 'Time Awareness: 5', 'Virtual Collaboration: 5', 'Delegation: 4', 'Workplace Culture Awareness: 3']}"
David,Bradford,15021597,Mexico,NodeJs Developer,sr3,"{'hard': ['Event-Driven Architecture: 2', 'Mocha: 2', 'Logging Frameworks: 2', 'Docker: 4', 'REST APIs: 5', 'Microservices: 4', 'AWS: 5', 'Performance Optimization: 4', 'CI/CD: 4', 'Socket.io: 5', 'Node.js: 5', 'Chai: 3', 'NPM: 3', 'MongoDB: 5'], 'soft': ['Strategic Thinking: 4', 'Quality Assurance: 4', 'Learning Agility: 5', 'Negotiation Tactics: 3', 'Networking: 5', 'Crisis Management: 2', 'Negotiation: 5', 'Relationship Building: 3', 'Motivational Skills: 2', 'Scientific Thinking: 5', 'Crisis Communication: 4', 'Time Management: 4', 'Technology Savvy: 2', 'Civic Responsibility: 4', 'Creativity: 2']}"
Kerri,Kim,38384001,Bolivia,PHP Developer,jr,"{'hard': ['Command Line Interface (CLI): 1', 'Version Control: 1', 'HTML: 1', 'Unit Testing: 1', 'Agile: 1'], 'soft': ['Time Management: 1', 'Cultural Competence: 1', 'Initiative: 1', 'Change Management: 1', 'Workplace Culture Awareness: 1']}"
Kevin,Dickson,47144384,Mexico,Flutter Developer,sr3,"{'hard': ['Native Modules: 2', 'Dart: 4', 'Security Best Practices: 5', 'Agile: 5', 'Internationalization: 2', 'Error Handling: 5', 'Version Control (Git): 5', 'Asynchronous Programming: 2', 'Flutter: 2', 'User Interface Testing: 3', 'Cross-Platform Development: 3', 'App Deployment: 4', 'Network Connectivity: 4', 'Debugging: 4'], 'soft': ['Coaching: 3', 'Task Prioritization: 2', 'Conflict Management: 2', 'Cultural Competence: 5', 'Professionalism: 2', 'Process Improvement: 4', 'Emotional Intelligence: 2', 'Motivation: 2', 'Virtual Collaboration: 4', 'Self-Regulation: 2', 'Intellectual Curiosity: 3', 'Trustworthiness: 5', 'Technology Savvy: 5', 'Self-Discipline: 5', 'Resilience: 5']}"
Matthew,Hodges,43133317,Peru,IOT Platform Engineer,jr,"{'hard': ['Telemetry: 1', 'IoT Protocols (MQTT, CoAP): 1', 'Agile: 1', 'Device Management: 1', 'Data Processing: 1'], 'soft': ['Conflict Management: 1', 'Global Awareness: 1', 'Virtual Collaboration: 1', 'Process Improvement: 1', 'Adaptability: 1']}"
Lisa,Ramos,40132752,Ecuador,Web Mobile Developer,jr,"{'hard': ['Responsive Design: 1', 'HTML: 1', 'Performance Optimization: 1', 'Frontend Frameworks: 1', 'Cross-Browser Compatibility: 1'], 'soft': ['Collaboration: 1', 'Service Orientation: 1', 'Communication: 1', 'Interpersonal Skills: 1', 'Resource Allocation: 1']}"
Nancy,Bender,33082823,Mexico,C++ Developer,sr1,"{'hard': ['Concurrency: 1', 'Windows API: 1', 'OpenGL: 3', 'Cross-Platform Development: 2', 'Data Structures: 2', 'Version Control (Git): 1', 'Graphics Programming: 1', 'Memory Management: 1', 'Code Review: 2', 'Templates: 2'], 'soft': ['Learning Agility: 3', 'Work-Life Balance: 3', 'Intellectual Curiosity: 3', 'Writing Skills: 2', 'Creativity: 2', 'Social Skills: 2', 'Motivation: 2', 'Trust Building: 1', 'Empathy: 2', 'Initiative: 1', 'Feedback Acceptance: 1', 'Intuition: 3']}"
Brian,Jackson,86317463,Peru,Test Automation Engineer,jr,"{'hard': ['JUnit: 1', 'Scripting: 1', 'Cross-Browser Testing: 1', 'Cloud Testing: 1', 'Java: 1'], 'soft': ['Process Improvement: 1', 'Scientific Thinking: 1', 'Emotional Resilience: 1', 'Presentation Skills: 1', 'Customer Service: 1']}"
Heather,Kirby,35997926,Colombia,DevOps Engineer,sr1,"{'hard': ['Version Control (Git): 1', 'Database Management: 2', 'Backup Strategies: 2', 'Docker: 2', 'Cloud Services: 3', 'AWS: 2', 'Change Management: 2', 'Kubernetes: 1', 'Load Balancing: 2', 'User Access Control: 2'], 'soft': ['Active Listening: 2', 'Influencing: 2', 'Facilitation Skills: 2', 'Delegation: 3', 'Customer Service: 2', 'Stress Resilience: 2', 'Collaboration: 1', 'Work Ethic: 3', 'Decision Making: 2', 'Strategic Thinking: 2', 'Intellectual Curiosity: 2', 'Mentoring Skills: 3']}"
Robert,Fox,99085530,Chile,Cobol Developer,sr3,"{'hard': ['Debugging: 5', 'Software Maintenance: 4', 'Change Management: 2', 'Legacy Systems: 5', 'SQL: 3', 'Data Migration: 3', 'COBOL: 2', 'Application Development: 5', 'Batch Processing: 5', 'Unit Testing: 5', 'Documentation: 4', 'Data Warehousing: 2', 'Version Control (Git): 5', 'Agile: 2'], 'soft': ['Work Ethic: 2', 'Critical Observation: 2', 'Visionary Leadership: 5', 'Customer Service: 5', 'Global Awareness: 3', 'Resilience: 4', 'Creativity: 5', 'Creativity: 5', 'Feedback Acceptance: 4', 'Public Relations: 5', 'Motivational Skills: 2', 'Feedback Delivery: 3', 'Self-Motivation: 2', 'Open-mindedness: 2', 'Writing Skills: 5']}"
Michael,Woodward,45846522,Colombia,Game Developer,jr,"{'hard': ['Cross-platform Development: 1', 'Networking: 1', 'Level Design: 1', 'AI Programming: 1', 'Game Testing: 1'], 'soft': ['Professionalism: 1', 'Resourcefulness: 1', 'Risk Management: 1', 'Flexibility: 1', 'Strategic Communication: 1']}"
Nicholas,Wood,86941996,Paraguay,C++ Developer,jr,"{'hard': ['Multithreading: 1', 'C++: 1', 'Code Review: 1', 'Design Patterns: 1', 'Qt Framework: 1'], 'soft': ['Global Awareness: 1', 'Social Skills: 1', 'Self-Motivation: 1', 'Creativity: 1', 'Time Management: 1']}"
Rachel,Brown,65317843,Mexico,DevOps Engineer,sr3,"{'hard': ['Docker: 3', 'Custom Scripts: 5', 'Testing Automation: 3', 'Collaboration Tools: 2', 'Scripting (Bash, Python): 3', 'Configuration Management: 4', 'AWS: 4', 'Load Balancing: 5', 'User Access Control: 2', 'Microservices Architecture: 2', 'Server Management: 4', 'API Management: 5', 'Release Management: 2', 'Version Control (Git): 3'], 'soft': ['Initiative: 2', 'Data Interpretation: 4', 'Customer Service: 2', 'Intellectual Curiosity: 4', 'Technology Savvy: 5', 'Goal Setting: 5', 'Diversity Awareness: 3', 'Learning Agility: 3', 'Team Building: 2', 'Open-mindedness: 3', 'Feedback Acceptance: 5', 'Self-Regulation: 4', 'Conflict Management: 2', 'Civic Engagement: 5', 'Change Facilitation: 5']}"
Christy,Duncan,26075640,Colombia,Web UI Developer,jr,"{'hard': ['UI/UX Design: 1', 'Web Design Principles: 1', 'Agile: 1', 'CSS Preprocessors (Sass, LESS): 1', 'Vue.js: 1'], 'soft': ['Self-Regulation: 1', 'Problem Analysis: 1', 'Mentoring Skills: 1', 'Civic Responsibility: 1', 'Research Skills: 1']}"
Daniel,Barnes,97539191,Paraguay,Python Developer,sr2,"{'hard': ['Algorithms: 3', 'TensorFlow: 4', 'Flask: 4', 'Debugging: 1', 'Data Engineering: 4', 'Agile: 4', 'Natural Language Processing (NLP): 1', 'Matplotlib: 4', 'Pandas: 2', 'Django: 2'], 'soft': ['Problem Analysis: 4', 'Public Relations: 3', 'Mentoring Skills: 4', 'Motivational Skills: 1', 'Trustworthiness: 2', 'Creativity: 1', 'Open-mindedness: 4', 'Professionalism: 3', 'Self-Discipline: 4', 'Research Skills: 4', 'Critical Thinking: 1', 'Influencing: 1']}"
David,Duncan,15649761,Ecuador,Web UI Developer,sr2,"{'hard': ['Web Design Principles: 1', 'Content Management Systems (CMS): 3', 'Image Optimization: 4', 'Web Standards: 2', 'React: 2', 'SEO Best Practices: 2', 'Typography: 4', 'REST APIs: 2', 'Color Theory: 2', 'Progressive Enhancement: 3'], 'soft': ['Open-mindedness: 1', 'Technology Savvy: 4', 'Service Orientation: 3', 'Self-Motivation: 2', 'Situational Awareness: 1', 'Communication: 4', 'Self-Confidence: 4', 'Self-Discipline: 2', 'Networking: 3', 'Process Improvement: 4', 'Interpersonal Skills: 2', 'Public Speaking: 3']}"
Heather,Thomas,42978936,Colombia,Java Developer,sr1,"{'hard': ['Cloud Services: 1', 'Spring Boot: 1', 'JUnit: 2', 'Maven: 3', 'Design Patterns: 2', 'REST APIs: 1', 'Docker: 3', 'Continuous Integration: 2', 'Algorithms: 3', 'Agile: 3'], 'soft': ['Ethical Judgment: 3', 'Stress Resilience: 3', 'Relationship Building: 1', 'Teamwork: 3', 'Negotiation: 1', 'Networking: 3', 'Social Skills: 1', 'Inclusivity: 2', 'Global Awareness: 1', 'Time Optimization: 2', 'Professionalism: 3', 'Positivity: 3']}"
Derek,Smith,83944648,Colombia,Ruby Developer,ssr,"{'hard': ['Git: 2', 'Ruby on Rails: 2', 'Gem Management: 2', 'HTML: 2', 'JavaScript: 1'], 'soft': ['Negotiation Tactics: 1', 'Networking Skills: 1', 'Trustworthiness: 2', 'Resilience: 2', 'Decision Making: 2']}"
Amanda,Parker,72190505,Bolivia,Python Developer,sr1,"{'hard': ['SQL: 3', 'Data Engineering: 2', 'APIs: 1', 'Data Mining: 1', 'Selenium: 1', 'Flask: 2', 'Spark: 2', 'REST APIs: 2', 'Docker: 1', 'Cloud Services: 1'], 'soft': ['Process Improvement: 2', 'Emotional Intelligence: 2', 'Civic Responsibility: 1', 'Global Awareness: 2', 'Intuition: 2', 'Entrepreneurial Mindset: 2', 'Conflict Management: 3', 'Innovation: 1', 'Stress Resilience: 1', 'Adaptability to Change: 3', 'Facilitation Skills: 2', 'Presentation Skills: 3']}"
Tyler,Larsen,22474658,Ecuador,Cobol Developer,sr3,"{'hard': ['Mainframe: 2', 'Unit Testing: 3', 'Reporting: 5', 'Application Development: 3', 'Software Maintenance: 5', 'VSAM: 4', 'User Acceptance Testing (UAT): 4', 'Data Structures: 5', 'System Integration: 2', 'DB2: 3', 'Legacy Systems: 3', 'Business Logic: 5', 'Data Mapping: 4', 'Micro Focus: 2'], 'soft': ['Inclusivity: 5', 'Persuasion: 4', 'Mentoring: 2', 'Presentation Skills: 2', 'Decision Making: 5', 'Public Speaking: 3', 'Teamwork: 5', 'Time Management: 3', 'Time Optimization: 4', 'Interpersonal Communication: 2', 'Public Relations: 2', 'Adaptability to Change: 3', 'Active Listening: 5', 'Entrepreneurial Mindset: 3', 'Open-mindedness: 5']}"
Dorothy,Lewis,42017205,Mexico,Android Mobile Developer,ssr,"{'hard': ['LiveData: 1', 'Kotlin Coroutines: 2', 'Android NDK: 2', 'Firebase: 1', 'Performance Tuning: 1'], 'soft': ['Collaboration: 1', 'Emotional Intelligence: 1', 'Professionalism: 2', 'Motivational Skills: 1', 'Feedback Delivery: 2']}"
Joanna,Johnson,84753147,Ecuador,PHP Developer,sr2,"{'hard': ['Composer: 2', 'Composer: 3', 'Agile: 1', 'Object-Oriented Programming: 3', 'Security Best Practices: 1', 'Version Control: 3', 'Session Management: 4', 'Debugging: 2', 'User Authentication: 4', 'REST APIs: 1'], 'soft': ['Attention to Detail: 2', 'Technology Savvy: 3', 'Inclusivity: 1', 'Positivity: 1', 'Risk Management: 1', 'Strategic Communication: 2', 'Mentoring Skills: 3', 'Quality Assurance: 4', 'Mentoring: 1', 'Communication: 4', 'Self-Discipline: 3', 'Crisis Communication: 4']}"
Timothy,Gibbs,56154091,Chile,RPA Developer,ssr,"{'hard': ['Scripting: 1', 'User Training: 1', 'Python: 1', 'Debugging: 2', 'Security Best Practices: 2'], 'soft': ['Civic Responsibility: 2', 'Quality Assurance: 2', 'Initiative: 1', 'Goal Setting: 2', 'Open-mindedness: 1']}"
Kenneth,Martinez,14499254,Argentina,NodeJs Developer,sr2,"{'hard': ['Kubernetes: 1', 'Security Best Practices: 4', 'Version Control: 1', 'Agile: 2', 'WebSockets: 2', 'Middleware: 4', 'Docker: 1', 'Mocha: 3', 'HTML/CSS: 4', 'JavaScript: 3'], 'soft': ['Teamwork: 1', 'Self-Confidence: 1', 'Social Skills: 4', 'Professionalism: 4', 'Adaptability: 2', 'Initiative: 2', 'Entrepreneurial Mindset: 1', 'Responsibility: 2', 'Performance Management: 2', 'Time Awareness: 4', 'Public Speaking: 3', 'Virtual Collaboration: 2']}"
James,Nelson,83157694,Colombia,Web UI Developer,sr1,"{'hard': ['Vue.js: 2', 'Version Control: 2', 'JavaScript: 2', 'Progressive Enhancement: 3', 'Content Management Systems (CMS): 1', 'Debugging: 2', 'Color Theory: 1', 'Image Optimization: 3', 'Figma/Adobe XD: 1', 'REST APIs: 3'], 'soft': ['Open-mindedness: 1', 'Resourcefulness: 3', 'Social Skills: 1', 'Empathy: 2', 'Strategic Communication: 3', 'Critical Thinking: 1', 'Cultural Awareness: 3', 'Feedback Delivery: 1', 'Self-Discipline: 2', 'Positivity: 2', 'Flexibility: 1', 'Facilitation Skills: 3']}"
James,Brown,66780919,Uruguay,Game Developer,sr1,"{'hard': ['Game Testing: 3', 'AI Programming: 2', 'Visual Scripting: 3', 'Debugging: 1', 'Graphics Programming: 2', 'Gameplay Programming: 3', 'Sound Design: 3', 'Storyboarding: 3', 'Networking: 2', 'Game Prototyping: 3'], 'soft': ['Problem Analysis: 1', 'Team Building: 1', 'Adaptability: 3', 'Workplace Culture Awareness: 2', 'Situational Awareness: 1', 'Negotiation: 3', 'Teamwork: 3', 'Stress Management: 1', 'Positivity: 1', 'Leadership: 2', 'Visionary Leadership: 3', 'Integrity: 1']}"
Emily,Love,62613263,Argentina,PHP Developer,ssr,"{'hard': ['Unit Testing: 2', 'Integration with Third-party Services: 1', 'Object-Oriented Programming: 1', 'Security Best Practices: 2', 'Database Design: 1'], 'soft': ['Self-Discipline: 1', 'Risk Management: 2', 'Positivity: 2', 'Learning Agility: 1', 'Motivation: 1']}"
Michelle,Brown,91738871,Argentina,Android Mobile Developer,ssr,"{'hard': ['SQLite: 2', 'Retrofit: 1', 'Constraint Layout: 2', 'Java: 1', 'Dagger: 1'], 'soft': ['Empathy: 2', 'Work Ethic: 1', 'Technology Savvy: 1', 'Cognitive Flexibility: 1', 'Teamwork: 2']}"
Cassidy,Rodriguez,37493578,Argentina,Cloud Engineer,sr2,"{'hard': ['Event-Driven Architecture: 2', 'DevOps: 1', 'Backup and Recovery: 1', 'Load Balancing: 1', 'Data Storage Solutions: 1', 'Docker: 2', 'Cost Optimization: 4', 'Automation Tools: 1', 'Cloud Security: 2', 'Performance Tuning: 3'], 'soft': ['Negotiation: 1', 'Mentoring Skills: 4', 'Social Skills: 1', 'Time Management: 4', 'Feedback Acceptance: 4', 'Teamwork: 4', 'Communication: 2', 'Negotiation Tactics: 3', 'Self-Discipline: 1', 'Collaboration: 3', 'Time Awareness: 4', 'Positivity: 4']}"
Janet,Myers,17371031,Peru,C++ Developer,jr,"{'hard': ['File I/O: 1', 'Profiling: 1', 'Qt Framework: 1', 'Concurrency: 1', 'Graphics Programming: 1'], 'soft': ['Entrepreneurial Mindset: 1', 'Civic Responsibility: 1', 'Teamwork: 1', 'Active Listening: 1', 'Motivation: 1']}"
Nicholas,Knapp,21478708,Argentina,Sharepoint Developer,jr,"{'hard': ['Agile: 1', 'Microsoft Flow: 1', 'Custom Web Parts: 1', 'REST APIs: 1', 'SharePoint Online: 1'], 'soft': ['Interpersonal Communication: 1', 'Situational Awareness: 1', 'Client Management: 1', 'Performance Management: 1', 'Strategic Communication: 1']}"
Tracey,Jimenez,36665032,Venezuela,RPA Developer,ssr,"{'hard': ['Agile: 1', 'Business Process Mapping: 2', 'Scripting: 2', 'Security Best Practices: 2', 'Change Management: 2'], 'soft': ['Adaptability: 2', 'Collaboration: 1', 'Crisis Management: 2', 'Problem Solving: 2', 'Problem Analysis: 1']}"
Scott,Barnes,28985125,Venezuela,Test Automation Engineer,jr,"{'hard': ['User Interface Testing: 1', 'Security Testing: 1', 'Continuous Testing: 1', 'Framework Development: 1', 'Java: 1'], 'soft': ['Ethical Judgment: 1', 'Diversity Awareness: 1', 'Team Building: 1', 'Self-Motivation: 1', 'Motivational Skills: 1']}"
Lisa,Santiago,73979004,Bolivia,Python Developer,jr,"{'hard': ['Docker: 1', 'Pytorch: 1', 'Python: 1', 'Selenium: 1', 'Matplotlib: 1'], 'soft': ['Work-Life Balance: 1', 'Strategic Communication: 1', 'Intuition: 1', 'Delegation: 1', 'Negotiation: 1']}"
Michael,Morse,52132989,Chile,Python Developer,sr2,"{'hard': ['Unit Testing: 3', 'Data Analysis: 2', 'Cloud Services: 4', 'SQL: 4', 'Concurrency: 4', 'Pandas: 2', 'Matplotlib: 1', 'Machine Learning: 3', 'Agile: 2', 'Git: 2'], 'soft': ['Critical Observation: 1', 'Writing Skills: 4', 'Creativity: 4', 'Cognitive Flexibility: 2', 'Responsibility: 4', 'Mentoring: 4', 'Client Management: 1', 'Customer Service: 1', 'Time Optimization: 3', 'Adaptability to Change: 2', 'Process Improvement: 4', 'Civic Engagement: 3']}"
Alexandra,Allen,30412495,Peru,NodeJs Developer,sr3,"{'hard': ['Error Handling: 3', 'Agile: 2', 'Docker: 2', 'Redis: 3', 'CI/CD: 3', 'SQL: 5', 'JavaScript: 2', 'JWT: 5', 'Asynchronous Programming: 4', 'Performance Optimization: 2', 'MongoDB: 4', 'REST APIs: 3', 'Kubernetes: 3', 'Logging Frameworks: 3'], 'soft': ['Visionary Thinking: 2', 'Feedback Delivery: 4', 'Problem Solving: 5', 'Work-Life Balance: 2', 'Self-Motivation: 3', 'Visionary Leadership: 2', 'Authenticity: 4', 'Inclusivity: 5', 'Customer Service: 3', 'Team Building: 2', 'Goal Setting: 5', 'Coaching: 3', 'Civic Responsibility: 3', 'Change Management: 2', 'Learning Agility: 4']}"
Tammy,French,54300083,Venezuela,Cloud Engineer,sr1,"{'hard': ['Scripting (Python, Bash): 2', 'CI/CD: 2', 'Resource Allocation: 2', 'Performance Tuning: 1', 'Backup and Recovery: 3', 'Kubernetes: 3', 'AWS: 3', 'Configuration Management: 1', 'Infrastructure as Code (IaC): 3', 'Database Management: 2'], 'soft': ['Public Relations: 3', 'Time Awareness: 3', 'Civic Engagement: 3', 'Ethical Judgment: 1', 'Social Skills: 1', 'Visionary Thinking: 3', 'Learning Agility: 2', 'Collaboration: 3', 'Social Intelligence: 2', 'Workplace Culture Awareness: 2', 'Active Listening: 3', 'Trust Building: 2']}"
Courtney,Gibson,18451325,Ecuador,.Net Developer,sr3,"{'hard': ['.NET Framework: 4', 'SignalR: 5', 'Application Lifecycle Management: 4', 'WCF: 4', 'LINQ: 5', 'REST APIs: 5', 'ASP.NET: 5', 'TDD: 3', 'Design Patterns: 4', 'Web Services: 4', 'Data Structures: 5', 'Web API: 4', 'Dependency Injection: 3', 'Version Control (Git): 4'], 'soft': ['Learning Agility: 3', 'Work-Life Balance: 3', 'Creativity: 2', 'Stress Resilience: 3', 'Writing Skills: 4', 'Goal Setting: 4', 'Time Optimization: 3', 'Interpersonal Skills: 3', 'Technology Savvy: 5', 'Workplace Culture Awareness: 4', 'Scientific Thinking: 3', 'Active Listening: 4', 'Teamwork: 5', 'Intellectual Curiosity: 2', 'Open-mindedness: 4']}"
Jennifer,Tucker,93453986,Mexico,Python Developer,sr2,"{'hard': ['Django: 1', 'Python: 2', 'Unit Testing: 4', 'Git: 2', 'Machine Learning: 4', 'APIs: 4', 'Algorithms: 3', 'Debugging: 1', 'Data Visualization: 4', 'Docker: 4'], 'soft': ['Quality Assurance: 4', 'Relationship Building: 4', 'Negotiation Tactics: 2', 'Team Building: 1', 'Critical Observation: 4', 'Workplace Culture Awareness: 2', 'Positivity: 2', 'Civic Engagement: 4', 'Self-Discipline: 2', 'Critical Thinking: 4', 'Conflict Management: 3', 'Adaptability: 4']}"
Janet,Munoz,42971660,Uruguay,IOT Platform Engineer,sr1,"{'hard': ['Analytics Integration: 2', 'Cloud Platforms (AWS IoT, Azure IoT): 3', 'Embedded Systems: 2', 'Version Control: 1', 'Data Visualization: 3', 'Telemetry: 1', 'Device Management: 1', 'Data Analytics: 1', 'Microservices Architecture: 1', 'Cloud Computing: 3'], 'soft': ['Positivity: 2', 'Cultural Competence: 3', 'Influencing: 3', 'Negotiation Tactics: 3', 'Authenticity: 1', 'Stress Management: 2', 'Collaboration: 1', 'Analytical Thinking: 1', 'Networking: 3', 'Adaptability: 1', 'Crisis Management: 3', 'Initiative: 1']}"
Ryan,Wyatt,86338016,Argentina,Salesforce Developer,sr1,"{'hard': ['Version Control: 1', 'Lightning Components: 1', 'API Development: 2', 'Data Modeling: 1', 'Testing Frameworks: 2', 'Change Sets: 1', 'Service Cloud: 3', 'Git: 3', 'Community Cloud: 3', 'Deployment Techniques: 3'], 'soft': ['Influencing: 3', 'Trustworthiness: 2', 'Attention to Detail: 3', 'Self-Regulation: 2', 'Quality Assurance: 2', 'Conflict Resolution: 1', 'Customer Service: 1', 'Service Orientation: 2', 'Risk Management: 2', 'Adaptability to Change: 2', 'Situational Awareness: 1', 'Intellectual Curiosity: 1']}"
Jacob,Poole,63305618,Paraguay,PHP Developer,sr1,"{'hard': ['Git: 1', 'Data Structures: 2', 'Symfony: 1', 'User Authentication: 3', 'Database Design: 3', 'Composer: 1', 'Version Control: 1', 'Performance Optimization: 2', 'Integration with Third-party Services: 3', 'Continuous Integration: 1'], 'soft': ['Attention to Detail: 1', 'Critical Thinking: 3', 'Professionalism: 3', 'Visionary Leadership: 2', 'Service Orientation: 1', 'Problem Analysis: 1', 'Civic Responsibility: 2', 'Negotiation Tactics: 3', 'Process Improvement: 1', 'Stress Resilience: 2', 'Self-Confidence: 2', 'Learning Agility: 3']}"
Eric,Payne,21277031,Argentina,Java Developer,sr3,"{'hard': ['Unit Testing: 4', 'Algorithms: 3', 'Docker: 2', 'Hibernate: 3', 'Thread Management: 2', 'REST APIs: 2', 'API Development: 3', 'Spring: 2', 'JDBC: 4', 'Java: 4', 'XML: 5', 'JPA: 2', 'Java EE: 2', 'Spring Boot: 4'], 'soft': ['Change Facilitation: 5', 'Personality Awareness: 5', 'Time Management: 2', 'Inclusivity: 2', 'Coaching: 3', 'Mentoring Skills: 5', 'Analytical Thinking: 5', 'Cognitive Flexibility: 2', 'Work-Life Balance: 4', 'Public Speaking: 2', 'Research Skills: 3', 'Problem Analysis: 4', 'Work Ethic: 3', 'Relationship Building: 2', 'Presentation Skills: 5']}"
Sara,Whitney,14804600,Peru,iOS Mobile Developer,jr,"{'hard': ['RESTful APIs: 1', 'Objective-C: 1', 'Core Location: 1', 'Agile: 1', 'iCloud: 1'], 'soft': ['Time Optimization: 1', 'Data Interpretation: 1', 'Cognitive Flexibility: 1', 'Social Skills: 1', 'Integrity: 1']}"
Amy,Craig,74140732,Chile,Cloud Engineer,jr,"{'hard': ['Cloud Security: 1', 'Database Management: 1', 'Load Balancing: 1', 'Data Storage Solutions: 1', 'CI/CD: 1'], 'soft': ['Problem Solving: 1', 'Work Ethic: 1', 'Resourcefulness: 1', 'Empathy: 1', 'Civic Responsibility: 1']}"
Kathy,Johnson,34786780,Uruguay,PHP Developer,ssr,"{'hard': ['User Authentication: 1', 'Web Services: 2', 'Symfony: 2', 'Composer: 2', 'Agile: 1'], 'soft': ['Interpersonal Skills: 1', 'Stress Management: 1', 'Empathy: 1', 'Presentation Skills: 2', 'Entrepreneurial Mindset: 2']}"
Vanessa,Lewis,50660683,Argentina,.Net Developer,sr1,"{'hard': ['C#: 2', 'Entity Framework Core: 2', '.NET Core: 1', 'Security Best Practices: 3', '.NET Framework: 3', 'Performance Optimization: 1', 'Application Lifecycle Management: 3', 'Visual Studio: 1', 'Code Review: 1', 'MVC: 2'], 'soft': ['Adaptability: 2', 'Relationship Building: 1', 'Task Prioritization: 3', 'Flexibility: 1', 'Change Management: 1', 'Time Management: 2', 'Personality Awareness: 3', 'Research Skills: 1', 'Public Speaking: 3', 'Service Orientation: 2', 'Interpersonal Skills: 1', 'Authenticity: 2']}"
Vanessa,Sparks,72696086,Peru,Web Mobile Developer,jr,"{'hard': ['Cross-Browser Compatibility: 1', 'State Management: 1', 'Authentication Mechanisms: 1', 'Mobile First Design: 1', 'React Native: 1'], 'soft': ['Public Speaking: 1', 'Service Orientation: 1', 'Trust Building: 1', 'Coaching: 1', 'Authenticity: 1']}"
Kelly,Zuniga,42585798,Argentina,Python Developer,sr2,"{'hard': ['Selenium: 2', 'Data Quality Assessment: 1', 'Debugging: 4', 'Data Structures: 3', 'Data Mining: 1', 'Pytorch: 2', 'Data Analysis: 3', 'Web Scraping: 4', 'REST APIs: 2', 'Matplotlib: 3'], 'soft': ['Self-Motivation: 1', 'Cultural Awareness: 2', 'Client Management: 2', 'Service Orientation: 1', 'Stress Resilience: 4', 'Critical Thinking: 4', 'Strategic Thinking: 4', 'Risk Management: 4', 'Innovation: 3', 'Professionalism: 3', 'Critical Observation: 1', 'Conflict Management: 2']}"
Michelle,Fox,16260594,Ecuador,iOS Mobile Developer,ssr,"{'hard': ['Design Patterns: 1', 'iCloud: 1', 'UIKit: 1', 'SiriKit: 1', 'Security Best Practices: 2'], 'soft': ['Team Building: 2', 'Intuition: 1', 'Change Facilitation: 1', 'Service Orientation: 1', 'Trustworthiness: 2']}"
Allison,Cox,10188566,Argentina,Python Developer,sr3,"{'hard': ['Agile: 3', 'Natural Language Processing (NLP): 5', 'Pytorch: 4', 'Matplotlib: 2', 'Machine Learning: 4', 'Python: 5', 'Selenium: 2', 'Docker: 4', 'Django: 2', 'Algorithms: 3', 'Cloud Services: 2', 'Data Engineering: 4', 'SQL: 3', 'APIs: 3'], 'soft': ['Client Management: 4', 'Goal Setting: 3', 'Trust Building: 3', 'Self-Motivation: 3', 'Resource Allocation: 3', 'Trustworthiness: 4', 'Performance Management: 3', 'Innovation: 5', 'Attention to Detail: 5', 'Crisis Management: 4', 'Process Improvement: 4', 'Relationship Building: 4', 'Persuasion: 3', 'Social Skills: 5', 'Creativity: 4']}"
Edward,Brown,89885518,Venezuela,.Net Developer,sr3,"{'hard': ['Unit Testing: 3', 'HTML/CSS: 3', 'TDD: 2', 'REST APIs: 4', 'JavaScript: 2', '.NET Framework: 5', 'Web Services: 5', 'Design Patterns: 4', 'ASP.NET: 4', 'C#: 4', 'SQL Server: 4', 'Entity Framework Core: 3', 'User Authentication: 2', 'Data Structures: 5'], 'soft': ['Quality Assurance: 3', 'Client Management: 5', 'Leadership: 2', 'Creativity: 2', 'Trust Building: 2', 'Feedback Acceptance: 5', 'Resource Allocation: 4', 'Virtual Collaboration: 3', 'Goal Setting: 5', 'Networking: 2', 'Cultural Awareness: 4', 'Team Building: 5', 'Negotiation Tactics: 5', 'Self-Regulation: 5', 'Risk Management: 5']}"
Charles,Smith,68691607,Uruguay,Ruby Developer,ssr,"{'hard': ['MVC Architecture: 1', 'SQL: 1', 'Task Scheduling: 2', 'Deployment Techniques: 1', 'Integration with Third-party APIs: 1'], 'soft': ['Global Awareness: 1', 'Motivation: 2', 'Adaptability: 2', 'Teamwork: 1', 'Change Management: 1']}"
James,Ryan,20607154,Ecuador,C++ Developer,sr2,"{'hard': ['Code Review: 3', 'Networking: 2', 'Unit Testing: 1', 'Automated Testing: 2', 'Standard Template Library (STL): 2', 'Memory Management: 1', 'Windows API: 1', 'Data Structures: 4', 'DirectX: 1', 'Profiling: 1'], 'soft': ['Active Listening: 4', 'Empathy: 2', 'Motivation: 3', 'Change Management: 4', 'Interpersonal Communication: 1', 'Emotional Intelligence: 4', 'Time Optimization: 1', 'Ethical Judgment: 3', 'Cognitive Flexibility: 3', 'Positivity: 3', 'Resilience: 3', 'Strategic Thinking: 2']}"
Joseph,James,80525273,Argentina,Game Developer,ssr,"{'hard': ['AI Programming: 2', 'Animation: 2', 'Game Optimization: 1', 'Sound Design: 1', 'Networking: 1'], 'soft': ['Trust Building: 1', 'Strategic Thinking: 2', 'Diversity Awareness: 1', 'Networking Skills: 1', 'Integrity: 2']}"
Sandra,Hamilton,29559689,Bolivia,Flutter Developer,sr1,"{'hard': ['Versioning: 1', 'Asynchronous Programming: 2', 'Material Design: 3', 'Continuous Integration: 3', 'Code Refactoring: 3', 'Dart: 1', 'User Interface Testing: 3', 'UI/UX Design: 1', 'Agile: 1', 'Localization: 1'], 'soft': ['Research Skills: 3', 'Virtual Collaboration: 1', 'Problem Analysis: 1', 'Teamwork: 2', 'Persuasion: 2', 'Goal Setting: 1', 'Crisis Communication: 2', 'Public Speaking: 2', 'Feedback Acceptance: 2', 'Change Facilitation: 1', 'Writing Skills: 3', 'Feedback Delivery: 3']}"
Raymond,Hernandez,76377433,Bolivia,IOT Platform Engineer,sr1,"{'hard': ['API Development: 1', 'Network Security: 1', 'Device Connectivity: 2', 'Remote Device Monitoring: 3', 'User Interface Design: 2', 'Agile: 2', 'Lifecycle Management: 2', 'IoT Protocols (MQTT, CoAP): 2', 'Interoperability Standards: 3', 'Embedded Systems: 3'], 'soft': ['Public Speaking: 2', 'Interpersonal Communication: 3', 'Customer Service: 1', 'Technology Savvy: 2', 'Goal Setting: 1', 'Team Building: 1', 'Creativity: 1', 'Motivational Skills: 3', 'Cultural Competence: 1', 'Problem Solving: 3', 'Risk Management: 1', 'Integrity: 2']}"
Rebecca,Davis,99370620,Peru,Game Developer,ssr,"{'hard': ['Game Testing: 2', 'Debugging: 1', 'Asset Management: 1', 'Game Monetization: 2', 'Procedural Generation: 1'], 'soft': ['Cultural Awareness: 1', 'Inclusivity: 2', 'Performance Management: 1', 'Emotional Resilience: 1', 'Research Skills: 2']}"
Tiffany,Thomas,57559632,Argentina,Game Developer,sr1,"{'hard': ['Game Analytics: 2', 'Multiplayer Networking: 3', 'Debugging: 1', 'Unreal Engine: 1', 'Performance Optimization: 1', 'Version Control (Git): 1', 'Game Design: 3', 'Unity: 3', 'User Interface Design: 2', 'AI Programming: 1'], 'soft': ['Self-Regulation: 1', 'Interpersonal Skills: 2', 'Global Awareness: 1', 'Integrity: 1', 'Active Listening: 2', 'Adaptability: 2', 'Positivity: 3', 'Intuition: 2', 'Open-mindedness: 2', 'Empathy: 1', 'Flexibility: 3', 'Teamwork: 3']}"
Joseph,Russell,65045329,Uruguay,DevOps Engineer,jr,"{'hard': ['Incident Management: 1', 'Custom Scripts: 1', 'Security Best Practices: 1', 'Azure: 1', 'Error Tracking: 1'], 'soft': ['Open-mindedness: 1', 'Ethical Judgment: 1', 'Stress Resilience: 1', 'Social Intelligence: 1', 'Virtual Collaboration: 1']}"
Samantha,Smith,32546432,Chile,Cybersecurity Engineer,sr3,"{'hard': ['Security Awareness Training: 4', 'Encryption Techniques: 3', 'Cloud Security: 3', 'Mobile Security: 3', 'Application Hardening: 3', 'Endpoint Protection: 3', 'Data Loss Prevention (DLP): 2', 'Application Security: 3', 'Incident Response: 3', 'Scripting (Python, PowerShell): 4', 'Threat Intelligence: 2', 'Network Security: 4', 'Data Protection: 3', 'Network Protocols: 5'], 'soft': ['Creativity: 4', 'Problem Solving: 4', 'Cultural Awareness: 4', 'Strategic Thinking: 5', 'Empathy: 4', 'Visionary Leadership: 5', 'Resilience: 5', 'Customer Service: 3', 'Virtual Collaboration: 4', 'Feedback Delivery: 3', 'Trustworthiness: 2', 'Conflict Management: 3', 'Data Interpretation: 3', 'Authenticity: 2', 'Emotional Resilience: 5']}"
Phillip,Skinner,93852270,Argentina,IOT Platform Engineer,sr1,"{'hard': ['Data Processing: 1', 'Deployment Techniques: 2', 'Real-time Data Processing: 2', 'Firmware Development: 1', 'User Authentication: 3', 'Sensor Technologies: 3', 'Data Analytics: 3', 'Remote Device Monitoring: 1', 'Analytics Integration: 2', 'Embedded Systems: 2'], 'soft': ['Self-Motivation: 2', 'Emotional Intelligence: 3', 'Trustworthiness: 2', 'Adaptability to Change: 3', 'Crisis Management: 2', 'Performance Management: 3', 'Initiative: 1', 'Stress Resilience: 3', 'Attention to Detail: 2', 'Authenticity: 3', 'Writing Skills: 1', 'Service Orientation: 3']}"
Nicholas,Swanson,22815637,Argentina,Flutter Developer,sr3,"{'hard': ['RESTful APIs: 5', 'Agile: 4', 'Flutter: 3', 'Integration Testing: 4', 'Security Best Practices: 3', 'Performance Optimization: 3', 'User Interface Testing: 3', 'UI/UX Design: 2', 'Platform Channels: 5', 'Network Connectivity: 5', 'Firebase: 5', 'Dart: 3', 'Accessibility Features: 5', 'Material Design: 2'], 'soft': ['Risk Management: 2', 'Team Building: 3', 'Virtual Collaboration: 2', 'Learning Agility: 2', 'Feedback Acceptance: 2', 'Quality Assurance: 5', 'Emotional Intelligence: 3', 'Process Improvement: 3', 'Flexibility: 3', 'Networking Skills: 5', 'Critical Observation: 5', 'Influencing: 4', 'Strategic Thinking: 5', 'Task Prioritization: 2', 'Entrepreneurial Mindset: 3']}"
Andrea,Baker,70336702,Argentina,Python Developer,ssr,"{'hard': ['APIs: 1', 'Algorithms: 2', 'SQL: 1', 'Selenium: 1', 'Concurrency: 2'], 'soft': ['Problem Analysis: 1', 'Crisis Management: 1', 'Research Skills: 2', 'Mentoring Skills: 1', 'Time Awareness: 2']}"
Michael,Hill,96413036,Mexico,iOS Mobile Developer,ssr,"{'hard': ['Design Patterns: 2', 'In-App Purchases: 2', 'iCloud: 1', 'Reactive Programming: 2', 'Debugging: 1'], 'soft': ['Motivation: 1', 'Data Interpretation: 2', 'Self-Regulation: 2', 'Positivity: 2', 'Responsibility: 2']}"
Jeremy,Galvan,37671379,Venezuela,Game Developer,jr,"{'hard': ['Unity: 1', 'C#: 1', 'Gameplay Programming: 1', 'Storyboarding: 1', 'Networking: 1'], 'soft': ['Learning Agility: 1', 'Persuasion: 1', 'Virtual Collaboration: 1', 'Public Speaking: 1', 'Creativity: 1']}"
Tracy,Schroeder,11879234,Venezuela,Sharepoint Developer,ssr,"{'hard': ['Information Architecture: 2', 'User Authentication: 2', 'Integration with Third-party Services: 1', 'Microsoft Flow: 1', 'Data Migration: 1'], 'soft': ['Emotional Intelligence: 2', 'Time Awareness: 1', 'Civic Responsibility: 2', 'Networking: 2', 'Virtual Collaboration: 2']}"
Linda,Stevens,43249017,Ecuador,Ruby Developer,ssr,"{'hard': ['Performance Optimization: 1', 'Database Design: 1', 'Ruby: 2', 'Gem Management: 1', 'Ruby on Rails: 2'], 'soft': ['Intellectual Curiosity: 2', 'Open-mindedness: 2', 'Networking: 2', 'Social Intelligence: 1', 'Creativity: 1']}"
Matthew,James,61017580,Mexico,DevOps Engineer,sr1,"{'hard': ['Networking: 2', 'User Access Control: 2', 'Agile: 1', 'Incident Management: 2', 'Continuous Integration/Continuous Deployment (CI/CD): 3', 'Configuration Management: 3', 'Server Management: 1', 'Application Performance Monitoring (APM): 3', 'Microservices Architecture: 2', 'Custom Scripts: 3'], 'soft': ['Humility: 1', 'Inclusivity: 3', 'Flexibility: 2', 'Networking Skills: 1', 'Situational Awareness: 3', 'Delegation: 1', 'Social Intelligence: 3', 'Decision Making: 1', 'Team Building: 1', 'Professionalism: 2', 'Feedback Delivery: 2', 'Presentation Skills: 3']}"
Tonya,Miller,59871078,Chile,IOT Platform Engineer,jr,"{'hard': ['Lifecycle Management: 1', 'IoT Protocols (MQTT, CoAP): 1', 'Edge Computing: 1', 'Cloud Computing: 1', 'API Development: 1'], 'soft': ['Client Management: 1', 'Negotiation: 1', 'Emotional Intelligence: 1', 'Global Awareness: 1', 'Active Listening: 1']}"
Theresa,Wilson,30486563,Uruguay,Data Engineer,sr3,"{'hard': ['Analytics Integration: 5', 'Testing and Validation: 4', 'Data Warehousing: 2', 'Cloud Data Solutions (AWS, Azure, GCP): 2', 'Performance Tuning: 3', 'Data Governance: 2', 'Big Data Technologies: 5', 'ETL Processes: 5', 'Data Architecture: 4', 'Data Pipeline Development: 2', 'Data Quality Management: 5', 'Agile: 2', 'Metadata Management: 2', 'Python: 4'], 'soft': ['Inclusivity: 3', 'Situational Awareness: 4', 'Feedback Acceptance: 3', 'Emotional Resilience: 4', 'Work Ethic: 5', 'Trust Building: 5', 'Social Skills: 5', 'Relationship Building: 5', 'Cultural Competence: 2', 'Crisis Communication: 5', 'Scientific Thinking: 2', 'Change Management: 2', 'Goal Setting: 4', 'Communication: 2', 'Facilitation Skills: 2']}"
Kathleen,Moore,48794857,Paraguay,SQL Developer,ssr,"{'hard': ['Performance Tuning: 1', 'ETL: 2', 'Reporting Tools: 1', 'T-SQL: 2', 'Data Visualization: 1'], 'soft': ['Workplace Culture Awareness: 1', 'Leadership: 2', 'Emotional Resilience: 1', 'Creativity: 1', 'Ethical Judgment: 2']}"
Jeremy,Johnson,93004677,Venezuela,Java Developer,ssr,"{'hard': ['Java: 1', 'JDBC: 2', 'Agile: 2', 'Security: 1', 'SOAP: 1'], 'soft': ['Emotional Intelligence: 2', 'Influencing: 1', 'Critical Observation: 1', 'Collaboration: 1', 'Intellectual Curiosity: 2']}"
Michelle,Ashley,96452956,Venezuela,Sharepoint Developer,jr,"{'hard': ['C#: 1', 'PowerShell: 1', 'Workflow Automation: 1', 'Content Management: 1', 'SharePoint Online: 1'], 'soft': ['Communication: 1', 'Time Awareness: 1', 'Creativity: 1', 'Strategic Thinking: 1', 'Crisis Communication: 1']}"
Kevin,Diaz,13645646,Ecuador,RPA Developer,sr3,"{'hard': ['Exception Handling: 3', 'Documentation: 5', 'Testing Automation: 3', 'Integration with Third-party Applications: 3', 'SQL: 2', 'Change Management: 4', 'Security Best Practices: 3', 'Data Extraction: 2', 'Java: 2', 'Blue Prism: 2', 'Data Quality Management: 3', 'Data Manipulation: 2', 'Agile: 2', 'Version Control: 5'], 'soft': ['Crisis Communication: 4', 'Networking: 5', 'Client Management: 4', 'Virtual Collaboration: 5', 'Problem Analysis: 4', 'Ethical Judgment: 2', 'Adaptability: 4', 'Social Intelligence: 2', 'Visionary Leadership: 5', 'Coaching: 3', 'Responsibility: 4', 'Cognitive Flexibility: 4', 'Emotional Intelligence: 2', 'Self-Regulation: 5', 'Intellectual Curiosity: 5']}"
Sarah,Montgomery,85548804,Peru,Ruby Developer,ssr,"{'hard': ['Debugging: 2', 'Error Handling: 2', 'Object-Oriented Programming: 1', 'SQL: 1', 'Git: 2'], 'soft': ['Ethical Judgment: 2', 'Communication: 2', 'Diversity Awareness: 1', 'Decision Making: 2', 'Trust Building: 2']}"
Keith,Dixon,24968563,Chile,DevOps Engineer,sr3,"{'hard': ['Version Control (Git): 5', 'Infrastructure as Code (IaC): 2', 'Release Management: 2', 'Application Performance Monitoring (APM): 3', 'Performance Tuning: 2', 'Site Reliability Engineering (SRE): 3', 'User Access Control: 5', 'Incident Management: 5', 'Continuous Integration/Continuous Deployment (CI/CD): 5', 'Monitoring and Logging: 5', 'API Management: 2', 'Cloud Services: 3', 'Custom Scripts: 2', 'Change Management: 2'], 'soft': ['Trustworthiness: 4', 'Networking: 5', 'Conflict Management: 4', 'Scientific Thinking: 3', 'Service Orientation: 4', 'Self-Confidence: 3', 'Creativity: 2', 'Cultural Competence: 5', 'Work Ethic: 4', 'Persuasion: 2', 'Professionalism: 3', 'Task Prioritization: 5', 'Technology Savvy: 3', 'Data Interpretation: 4', 'Global Awareness: 2']}"
Brandy,Morris,85436574,Argentina,Salesforce Developer,ssr,"{'hard': ['Data Modeling: 2', 'Data Migration: 2', 'Version Control: 1', 'Agile: 2', 'User Authentication: 1'], 'soft': ['Situational Awareness: 1', 'Visionary Thinking: 2', 'Ethical Judgment: 2', 'Civic Engagement: 1', 'Workplace Culture Awareness: 2']}"
Veronica,Castillo,24265077,Chile,Cybersecurity Engineer,jr,"{'hard': ['Security Information and Event Management (SIEM): 1', 'Incident Management: 1', 'Security Frameworks (CIS, OWASP): 1', 'Data Loss Prevention (DLP): 1', 'Endpoint Protection: 1'], 'soft': ['Responsibility: 1', 'Critical Thinking: 1', 'Negotiation Tactics: 1', 'Change Facilitation: 1', 'Presentation Skills: 1']}"
Cynthia,Williams,65738006,Argentina,C++ Developer,sr3,"{'hard': ['Concurrency: 2', 'Graphics Programming: 2', 'Automated Testing: 3', 'Code Review: 5', 'Static and Dynamic Libraries: 4', 'C++: 4', 'Profiling: 4', 'File I/O: 5', 'Embedded Systems: 3', 'Memory Management: 4', 'OpenGL: 5', 'Data Structures: 2', 'Multithreading: 3', 'Boost Library: 4'], 'soft': ['Positivity: 2', 'Decision Making: 3', 'Strategic Thinking: 3', 'Interpersonal Communication: 5', 'Quality Assurance: 4', 'Cultural Competence: 4', 'Critical Observation: 2', 'Mentoring: 2', 'Initiative: 3', 'Diversity Awareness: 4', 'Influencing: 3', 'Strategic Communication: 5', 'Time Optimization: 3', 'Trustworthiness: 4', 'Coaching: 5']}"
Brian,Smith,76694178,Uruguay,Ruby Developer,sr2,"{'hard': ['Continuous Integration: 2', 'REST APIs: 2', 'Git: 4', 'Front-end Frameworks: 1', 'Agile: 2', 'Security Best Practices: 4', 'Gem Management: 4', 'User Authentication: 2', 'Debugging: 3', 'Middleware: 4'], 'soft': ['Stress Resilience: 2', 'Decision Making: 2', 'Data Interpretation: 4', 'Task Prioritization: 3', 'Innovation: 4', 'Personality Awareness: 4', 'Research Skills: 3', 'Workplace Culture Awareness: 3', 'Diversity Awareness: 1', 'Coaching: 1', 'Crisis Management: 1', 'Virtual Collaboration: 4']}"
Jared,Walker,91805138,Ecuador,Android Mobile Developer,jr,"{'hard': ['JUnit: 1', 'Android Jetpack: 1', 'Android Architecture Components: 1', 'Material Design: 1', 'Kotlin: 1'], 'soft': ['Service Orientation: 1', 'Work Ethic: 1', 'Quality Assurance: 1', 'Cultural Competence: 1', 'Analytical Thinking: 1']}"
Ashley,Lane,38826021,Peru,Test Automation Engineer,sr2,"{'hard': ['Performance Testing: 2', 'JUnit: 3', 'Cross-Browser Testing: 1', 'JavaScript: 3', 'Reporting Tools: 3', 'Debugging: 3', 'Test Case Design: 2', 'Security Testing: 3', 'Selenium: 3', 'Regression Testing: 1'], 'soft': ['Client Management: 3', 'Social Intelligence: 1', 'Cultural Awareness: 1', 'Scientific Thinking: 4', 'Positivity: 2', 'Cognitive Flexibility: 2', 'Mentoring: 1', 'Interpersonal Skills: 3', 'Motivational Skills: 1', 'Feedback Acceptance: 3', 'Presentation Skills: 2', 'Work-Life Balance: 4']}"
Christopher,Duran,51972454,Bolivia,Java Developer,sr2,"{'hard': ['Unit Testing: 3', 'Maven: 3', 'Dependency Injection: 4', 'Spring Boot: 4', 'Logging Frameworks: 3', 'Git: 3', 'API Development: 4', 'Kubernetes: 4', 'Security: 3', 'Algorithms: 1'], 'soft': ['Public Speaking: 3', 'Decision Making: 4', 'Analytical Thinking: 4', 'Coaching: 1', 'Relationship Building: 4', 'Data Interpretation: 2', 'Visionary Thinking: 3', 'Strategic Thinking: 2', 'Problem Solving: 2', 'Influencing: 3', 'Active Listening: 2', 'Ethical Judgment: 4']}"
Austin,Baker,18774190,Uruguay,Ruby Developer,jr,"{'hard': ['Caching Techniques: 1', 'REST APIs: 1', 'Object-Oriented Programming: 1', 'Front-end Frameworks: 1', 'CSS: 1'], 'soft': ['Trustworthiness: 1', 'Work Ethic: 1', 'Professionalism: 1', 'Collaboration: 1', 'Leadership: 1']}"
Christopher,Coffey,22892267,Chile,Cobol Developer,sr3,"{'hard': ['System Analysis: 4', 'Legacy Systems: 2', 'Data Mapping: 2', 'Agile: 4', 'SoftTech: 2', 'Unit Testing: 4', 'Data Warehousing: 3', 'Software Maintenance: 3', 'COBOL: 2', 'System Integration: 3', 'Debugging: 3', 'Documentation: 5', 'Business Logic: 3', 'Version Control (Git): 3'], 'soft': ['Collaboration: 3', 'Cognitive Flexibility: 2', 'Influencing: 2', 'Scientific Thinking: 3', 'Learning Agility: 2', 'Relationship Building: 5', 'Persuasion: 2', 'Stress Management: 4', 'Humility: 4', 'Resilience: 2', 'Task Prioritization: 4', 'Performance Management: 5', 'Leadership: 2', 'Technology Savvy: 2', 'Creativity: 3']}"
Kimberly,Waller,62902503,Mexico,Ruby Developer,sr1,"{'hard': ['CSS: 3', 'Object-Oriented Programming: 3', 'Web Services: 2', 'Performance Optimization: 3', 'JavaScript: 1', 'Ruby on Rails: 2', 'Testing Frameworks (RSpec): 1', 'Gem Management: 1', 'Front-end Frameworks: 1', 'Deployment Techniques: 1'], 'soft': ['Creativity: 2', 'Diversity Awareness: 1', 'Professionalism: 2', 'Negotiation Tactics: 1', 'Delegation: 3', 'Mentoring: 2', 'Trust Building: 3', 'Positivity: 3', 'Mentoring Skills: 1', 'Self-Motivation: 3', 'Negotiation: 2', 'Ethical Judgment: 3']}"
Samuel,Shepard,90549833,Venezuela,Ruby Developer,sr3,"{'hard': ['MVC Architecture: 5', 'Error Handling: 5', 'Active Record: 3', 'Deployment Techniques: 5', 'REST APIs: 4', 'JavaScript: 5', 'Object-Oriented Programming: 5', 'Ruby: 4', 'Version Control: 3', 'Performance Optimization: 3', 'Task Scheduling: 3', 'CSS: 3', 'User Authentication: 5', 'Data Migration: 5'], 'soft': ['Feedback Delivery: 2', 'Open-mindedness: 5', 'Mentoring: 4', 'Authenticity: 3', 'Workplace Culture Awareness: 2', 'Problem Solving: 4', 'Creativity: 4', 'Leadership: 5', 'Mentoring Skills: 5', 'Collaboration: 4', 'Time Awareness: 2', 'Visionary Leadership: 2', 'Conflict Management: 2', 'Cultural Awareness: 2', 'Problem Analysis: 3']}"
Heather,Mendoza,83197353,Argentina,Web UI Developer,sr2,"{'hard': ['Debugging: 2', 'Performance Optimization: 3', 'User Interaction Design: 1', 'REST APIs: 2', 'CSS: 1', 'Image Optimization: 3', 'Agile: 1', 'Design Systems: 4', 'Content Management Systems (CMS): 3', 'UI/UX Design: 4'], 'soft': ['Resourcefulness: 4', 'Empathy: 4', 'Coaching: 2', 'Feedback Acceptance: 4', 'Adaptability to Change: 4', 'Decision Making: 2', 'Quality Assurance: 4', 'Creativity: 3', 'Strategic Communication: 2', 'Client Management: 2', 'Teamwork: 1', 'Team Building: 2']}"
Bradley,Ward,95788480,Mexico,.Net Developer,sr2,"{'hard': ['User Authentication: 2', 'Debugging: 1', 'Dependency Injection: 1', 'HTML/CSS: 1', '.NET Framework: 4', 'SignalR: 1', 'Version Control (Git): 2', 'Data Structures: 2', 'Agile: 1', 'Web API: 2'], 'soft': ['Open-mindedness: 4', 'Cultural Awareness: 2', 'Learning Agility: 3', 'Integrity: 3', 'Active Listening: 3', 'Visionary Leadership: 3', 'Conflict Management: 4', 'Flexibility: 3', 'Professionalism: 2', 'Virtual Collaboration: 3', 'Creativity: 4', 'Public Relations: 4']}"
William,Tran,39429009,Colombia,Flutter Developer,sr3,"{'hard': ['Security Best Practices: 5', 'Testing: 3', 'Accessibility Features: 2', 'Performance Optimization: 3', 'RESTful APIs: 3', 'Code Refactoring: 3', 'UI/UX Design: 2', 'Asynchronous Programming: 2', 'Platform Channels: 4', 'Localization: 5', 'Responsive Design: 3', 'Agile: 2', 'App Deployment: 3', 'Debugging: 2'], 'soft': ['Task Prioritization: 2', 'Work-Life Balance: 3', 'Coaching: 4', 'Feedback Acceptance: 3', 'Integrity: 5', 'Time Optimization: 3', 'Crisis Management: 5', 'Work Ethic: 2', 'Cognitive Flexibility: 2', 'Authenticity: 4', 'Motivation: 4', 'Trustworthiness: 5', 'Initiative: 5', 'Open-mindedness: 3', 'Change Management: 2']}"
James,Hatfield,41188198,Uruguay,NodeJs Developer,jr,"{'hard': ['NPM: 1', 'Security Best Practices: 1', 'Middleware: 1', 'JavaScript: 1', 'Docker: 1'], 'soft': ['Active Listening: 1', 'Work Ethic: 1', 'Time Optimization: 1', 'Flexibility: 1', 'Emotional Resilience: 1']}"
Daniel,Barnett,97402663,Peru,Game Developer,jr,"{'hard': ['Physics Engines: 1', 'Procedural Generation: 1', 'Sound Design: 1', '3D Modeling: 1', 'Debugging: 1'], 'soft': ['Social Skills: 1', 'Adaptability to Change: 1', 'Writing Skills: 1', 'Data Interpretation: 1', 'Interpersonal Skills: 1']}"
Angela,Arnold,46143419,Venezuela,PHP Developer,ssr,"{'hard': ['User Authentication: 1', 'HTML: 2', 'Integration with Third-party Services: 2', 'Frameworks (CodeIgniter): 1', 'Security Best Practices: 2'], 'soft': ['Civic Engagement: 1', 'Customer Service: 1', 'Adaptability: 1', 'Negotiation Tactics: 1', 'Risk Management: 2']}"
Douglas,Rodriguez,58360174,Uruguay,Ruby Developer,ssr,"{'hard': ['SQL: 1', 'API Development: 2', 'HTML: 1', 'Error Handling: 1', 'JavaScript: 2'], 'soft': ['Teamwork: 2', 'Leadership: 2', 'Relationship Building: 1', 'Motivation: 2', 'Social Intelligence: 2']}"
Donna,Cole,93743899,Uruguay,Game Developer,ssr,"{'hard': ['Animation: 2', 'Graphics Programming: 2', 'Physics Simulation: 2', 'Debugging: 2', 'Multiplayer Networking: 1'], 'soft': ['Time Management: 1', 'Writing Skills: 2', 'Performance Management: 1', 'Motivational Skills: 2', 'Strategic Thinking: 2']}"
Sara,Schmitt,39985837,Bolivia,Android Mobile Developer,sr3,"{'hard': ['Android Architecture Components: 5', 'UI/UX Design: 4', 'RxJava: 2', 'Android Jetpack: 3', 'Gradle: 2', 'Kotlin: 4', 'Performance Tuning: 3', 'JUnit: 4', 'LiveData: 5', 'SQLite: 5', 'MVVM: 5', 'Security Best Practices: 4', 'Git: 5', 'Dagger: 3'], 'soft': ['Creativity: 2', 'Quality Assurance: 2', 'Goal Setting: 4', 'Conflict Resolution: 5', 'Decision Making: 2', 'Risk Management: 3', 'Social Intelligence: 4', 'Resilience: 3', 'Time Optimization: 3', 'Leadership: 2', 'Adaptability: 4', 'Problem Analysis: 5', 'Positivity: 2', 'Workplace Culture Awareness: 3', 'Stress Resilience: 5']}"
Briana,Miller,85302417,Paraguay,Web Mobile Developer,sr3,"{'hard': ['Testing Frameworks: 3', 'Git: 5', 'Data Structures: 5', 'HTML: 5', 'CSS: 5', 'Responsive Design: 3', 'Version Control: 5', 'State Management: 2', 'Debugging: 4', 'REST APIs: 4', 'Progressive Web Apps (PWAs): 4', 'Local Storage: 5', 'Service Workers: 3', 'Accessibility Standards: 4'], 'soft': ['Entrepreneurial Mindset: 5', 'Trustworthiness: 5', 'Task Prioritization: 5', 'Stress Resilience: 5', 'Open-mindedness: 4', 'Interpersonal Skills: 2', 'Customer Service: 4', 'Ethical Judgment: 5', 'Relationship Building: 3', 'Time Management: 4', 'Collaboration: 2', 'Conflict Resolution: 4', 'Self-Regulation: 4', 'Risk Management: 5', 'Goal Setting: 3']}"
George,Keller,63927225,Argentina,SQL Developer,sr1,"{'hard': ['Data Governance: 1', 'Business Intelligence Tools: 1', 'Stored Procedures: 3', 'Debugging: 2', 'ETL: 2', 'Version Control: 1', 'Data Visualization: 2', 'Oracle Database: 2', 'T-SQL: 1', 'Data Migration: 3'], 'soft': ['Presentation Skills: 2', 'Networking: 3', 'Time Management: 2', 'Resource Allocation: 3', 'Mentoring Skills: 2', 'Research Skills: 1', 'Problem Analysis: 3', 'Professionalism: 1', 'Ethical Judgment: 2', 'Resilience: 3', 'Interpersonal Skills: 1', 'Trust Building: 3']}"
Antonio,Mcmahon,54595622,Colombia,SQL Developer,ssr,"{'hard': ['Triggers: 2', 'Data Visualization: 2', 'PL/SQL: 2', 'Version Control: 2', 'Business Intelligence Tools: 2'], 'soft': ['Influencing: 2', 'Data Interpretation: 1', 'Creativity: 1', 'Adaptability: 2', 'Entrepreneurial Mindset: 1']}"
Michael,Nicholson,97155247,Venezuela,Sharepoint Developer,sr2,"{'hard': ['C#: 4', 'Integration with Third-party Services: 4', 'HTML: 1', 'ASP.NET: 3', 'Debugging: 4', 'Database Design: 2', 'SharePoint Online: 1', 'CSS: 4', 'Office 365: 1', 'SQL Server: 1'], 'soft': ['Feedback Acceptance: 2', 'Crisis Communication: 4', 'Technology Savvy: 1', 'Self-Discipline: 2', 'Civic Engagement: 1', 'Learning Agility: 1', 'Creativity: 4', 'Self-Confidence: 4', 'Team Building: 4', 'Data Interpretation: 2', 'Cultural Competence: 3', 'Negotiation: 1']}"
Kathleen,Mercado,83579008,Colombia,Cloud Engineer,sr2,"{'hard': ['Docker: 2', 'Cost Optimization: 2', 'Performance Tuning: 1', 'Backup and Recovery: 1', 'Security Best Practices: 3', 'Serverless Computing: 1', 'Application Networking: 3', 'AWS: 1', 'Resource Allocation: 1', 'API Management: 2'], 'soft': ['Service Orientation: 3', 'Trustworthiness: 3', 'Decision Making: 2', 'Influencing: 3', 'Self-Confidence: 4', 'Goal Setting: 4', 'Authenticity: 4', 'Strategic Thinking: 2', 'Civic Responsibility: 3', 'Stress Resilience: 1', 'Self-Regulation: 2', 'Interpersonal Communication: 1']}"
Dana,James,44903654,Venezuela,iOS Mobile Developer,jr,"{'hard': ['Firebase: 1', 'Multithreading: 1', 'Swift: 1', 'Core Animation: 1', 'Debugging: 1'], 'soft': ['Visionary Thinking: 1', 'Situational Awareness: 1', 'Problem Solving: 1', 'Task Prioritization: 1', 'Change Management: 1']}"
Melanie,Jackson,20890729,Uruguay,Test Automation Engineer,jr,"{'hard': ['API Testing: 1', 'Behavior-Driven Development (BDD): 1', 'Integration Testing: 1', 'Regression Testing: 1', 'Agile: 1'], 'soft': ['Crisis Communication: 1', 'Positivity: 1', 'Performance Management: 1', 'Professionalism: 1', 'Persuasion: 1']}"
John,Peters,20160596,Ecuador,Flutter Developer,sr3,"{'hard': ['Network Connectivity: 3', 'Version Control (Git): 4', 'Responsive Design: 3', 'App Deployment: 5', 'Accessibility Features: 4', 'Localization: 5', 'Dart: 2', 'Animations: 3', 'Firebase: 4', 'State Management: 2', 'Third-party Libraries: 2', 'User Interface Testing: 3', 'Cross-Platform Development: 5', 'Integration Testing: 2'], 'soft': ['Coaching: 3', 'Self-Regulation: 3', 'Teamwork: 3', 'Technology Savvy: 2', 'Critical Thinking: 5', 'Networking Skills: 2', 'Cultural Awareness: 4', 'Communication: 2', 'Workplace Culture Awareness: 2', 'Situational Awareness: 4', 'Scientific Thinking: 2', 'Attention to Detail: 4', 'Risk Management: 5', 'Negotiation Tactics: 3', 'Team Building: 4']}"
Mary,Stone,45766917,Colombia,Cloud Engineer,sr2,"{'hard': ['Serverless Computing: 4', 'Application Networking: 1', 'Azure: 4', 'Security Best Practices: 3', 'Cloud Security: 1', 'Event-Driven Architecture: 3', 'Networking: 3', 'CI/CD: 3', 'Configuration Management: 3', 'Backup and Recovery: 2'], 'soft': ['Motivation: 2', 'Crisis Management: 4', 'Responsibility: 3', 'Emotional Resilience: 2', 'Time Awareness: 2', 'Work-Life Balance: 3', 'Situational Awareness: 3', 'Collaboration: 1', 'Networking Skills: 4', 'Resourcefulness: 2', 'Work Ethic: 3', 'Personality Awareness: 3']}"
Ethan,Martinez,56650892,Chile,Python Developer,sr3,"{'hard': ['Algorithms: 3', 'Data Engineering: 5', 'Debugging: 2', 'Agile: 2', 'Jupyter Notebooks: 5', 'Data Mining: 4', 'Pytorch: 3', 'Python: 2', 'Cloud Services: 3', 'Data Structures: 2', 'Data Visualization: 3', 'NumPy: 4', 'TensorFlow: 4', 'Git: 2'], 'soft': ['Social Intelligence: 4', 'Analytical Thinking: 4', 'Change Facilitation: 3', 'Work-Life Balance: 5', 'Resource Allocation: 3', 'Positivity: 3', 'Mentoring Skills: 2', 'Self-Confidence: 2', 'Public Speaking: 3', 'Open-mindedness: 2', 'Influencing: 5', 'Learning Agility: 2', 'Leadership: 2', 'Emotional Intelligence: 3', 'Customer Service: 3']}"
Rebecca,Roberts,23699190,Paraguay,Cloud Engineer,sr3,"{'hard': ['Docker: 2', 'Backup and Recovery: 2', 'Application Networking: 2', 'Cloud Security: 3', 'DevOps: 5', 'Serverless Computing: 5', 'CI/CD: 3', 'Data Storage Solutions: 2', 'Load Balancing: 3', 'Database Management: 3', 'API Management: 3', 'Disaster Recovery Planning: 5', 'Networking: 3', 'Azure: 4'], 'soft': ['Persuasion: 3', 'Social Skills: 5', 'Innovation: 2', 'Communication: 2', 'Time Management: 5', 'Research Skills: 4', 'Problem Analysis: 5', 'Authenticity: 3', 'Mentoring Skills: 2', 'Team Building: 5', 'Work-Life Balance: 2', 'Decision Making: 4', 'Networking Skills: 2', 'Resourcefulness: 3', 'Self-Motivation: 4']}"
Joseph,Caldwell,12457163,Paraguay,C++ Developer,sr2,"{'hard': ['Standard Template Library (STL): 4', 'Templates: 2', 'Version Control (Git): 1', 'Linux Development: 3', 'Algorithms: 2', 'Static and Dynamic Libraries: 1', 'Data Structures: 3', 'C++: 1', 'Graphics Programming: 2', 'Debugging: 4'], 'soft': ['Team Building: 4', 'Integrity: 3', 'Mentoring Skills: 1', 'Strategic Thinking: 2', 'Time Optimization: 2', 'Cultural Awareness: 3', 'Resourcefulness: 2', 'Social Skills: 4', 'Work Ethic: 3', 'Flexibility: 2', 'Public Relations: 1', 'Feedback Delivery: 1']}"
Beth,Schultz,74472921,Mexico,C++ Developer,sr3,"{'hard': ['C++: 2', 'OpenGL: 5', 'File I/O: 3', 'CMake: 4', 'Linux Development: 2', 'Embedded Systems: 3', 'Templates: 3', 'Design Patterns: 5', 'System Programming: 2', 'Debugging: 4', 'DirectX: 3', 'Profiling: 5', 'Compiler Optimization: 4', 'Qt Framework: 3'], 'soft': ['Active Listening: 5', 'Empathy: 3', 'Civic Responsibility: 4', 'Persuasion: 4', 'Decision Making: 2', 'Motivational Skills: 5', 'Facilitation Skills: 2', 'Creativity: 4', 'Stress Management: 2', 'Feedback Acceptance: 5', 'Change Facilitation: 3', 'Crisis Communication: 3', 'Networking Skills: 2', 'Responsibility: 5', 'Research Skills: 2']}"
Deborah,Garza,49066524,Ecuador,Game Developer,sr3,"{'hard': ['Animation: 4', 'Graphics Programming: 3', 'Multiplayer Networking: 4', '3D Modeling: 5', 'Agile: 2', 'Game Analytics: 4', 'Game Monetization: 3', 'Game Testing: 2', 'Storyboarding: 3', 'Asset Management: 5', 'Unreal Engine: 3', 'Performance Optimization: 3', 'User Interface Design: 3', 'Sound Design: 5'], 'soft': ['Authenticity: 5', 'Crisis Management: 2', 'Flexibility: 5', 'Social Intelligence: 2', 'Virtual Collaboration: 4', 'Cultural Competence: 5', 'Empathy: 5', 'Learning Agility: 2', 'Cognitive Flexibility: 5', 'Facilitation Skills: 4', 'Social Skills: 2', 'Attention to Detail: 5', 'Global Awareness: 3', 'Public Speaking: 3', 'Creativity: 2']}"
Frederick,Taylor,78060441,Ecuador,NodeJs Developer,sr1,"{'hard': ['AWS: 2', 'Error Handling: 3', 'HTML/CSS: 3', 'Git: 3', 'JWT: 1', 'Microservices: 3', 'Kubernetes: 2', 'Version Control: 3', 'Asynchronous Programming: 2', 'Socket.io: 3'], 'soft': ['Intellectual Curiosity: 2', 'Resilience: 2', 'Intuition: 2', 'Coaching: 3', 'Work Ethic: 3', 'Time Awareness: 1', 'Performance Management: 1', 'Delegation: 1', 'Resourcefulness: 2', 'Diversity Awareness: 3', 'Risk Management: 1', 'Creativity: 2']}"
Andrew,Martinez,28058044,Ecuador,Data Engineer,sr2,"{'hard': ['API Development: 2', 'ETL Processes: 3', 'Data Transformation: 3', 'Python: 3', 'Data Visualization Tools (Tableau, Power BI): 2', 'Scripting (Bash, Python): 2', 'Cloud Data Solutions (AWS, Azure, GCP): 3', 'SQL: 2', 'Data Modeling: 4', 'Big Data Technologies: 2'], 'soft': ['Facilitation Skills: 2', 'Collaboration: 3', 'Feedback Delivery: 2', 'Workplace Culture Awareness: 3', 'Quality Assurance: 1', 'Interpersonal Skills: 2', 'Team Building: 3', 'Authenticity: 1', 'Integrity: 4', 'Self-Motivation: 2', 'Emotional Resilience: 1', 'Presentation Skills: 1']}"
Kristen,Diaz,45822112,Venezuela,Game Developer,sr1,"{'hard': ['Networking: 3', 'Sound Design: 2', 'Game Prototyping: 1', 'VR/AR Development: 2', 'Unreal Engine: 3', 'AI Programming: 1', 'Multiplayer Networking: 1', 'Visual Scripting: 2', 'Physics Engines: 1', 'Procedural Generation: 1'], 'soft': ['Humility: 2', 'Conflict Resolution: 1', 'Public Relations: 1', 'Data Interpretation: 2', 'Time Management: 1', 'Civic Responsibility: 1', 'Resource Allocation: 2', 'Task Prioritization: 2', 'Adaptability: 3', 'Flexibility: 2', 'Process Improvement: 1', 'Relationship Building: 2']}"
David,Richardson,14594152,Chile,Cybersecurity Engineer,sr1,"{'hard': ['Network Security: 1', 'Risk Assessment: 1', 'Scripting (Python, PowerShell): 1', 'Security Policies: 1', 'Incident Response: 1', 'Incident Management: 2', 'Network Protocols: 2', 'Threat Modeling: 3', 'Intrusion Detection Systems (IDS): 3', 'Threat Intelligence: 1'], 'soft': ['Process Improvement: 1', 'Diversity Awareness: 1', 'Resilience: 3', 'Customer Service: 1', 'Creativity: 1', 'Crisis Communication: 1', 'Client Management: 1', 'Trust Building: 1', 'Attention to Detail: 3', 'Feedback Acceptance: 3', 'Workplace Culture Awareness: 3', 'Active Listening: 1']}"
Ruth,Frye,92880212,Venezuela,Web Mobile Developer,sr2,"{'hard': ['Third-party Libraries: 4', 'Service Workers: 1', 'User Interface Testing: 3', 'Debugging: 3', 'UI/UX Design: 4', 'Agile: 1', 'State Management: 2', 'JavaScript: 2', 'Mobile First Design: 3', 'Code Review: 3'], 'soft': ['Critical Thinking: 4', 'Problem Solving: 1', 'Cognitive Flexibility: 3', 'Professionalism: 3', 'Work-Life Balance: 1', 'Performance Management: 4', 'Motivation: 1', 'Motivational Skills: 1', 'Influencing: 3', 'Conflict Management: 3', 'Visionary Leadership: 1', 'Public Speaking: 2']}"
Robert,Moore,92884141,Colombia,Data Engineer,sr2,"{'hard': ['Hadoop: 4', 'ETL Processes: 2', 'Data Visualization Tools (Tableau, Power BI): 3', 'Data Governance: 4', 'Data Transformation: 2', 'Data Lakes: 4', 'Agile: 3', 'API Development: 4', 'Machine Learning Basics: 2', 'Data Modeling: 4'], 'soft': ['Team Building: 3', 'Data Interpretation: 2', 'Time Management: 1', 'Emotional Resilience: 3', 'Attention to Detail: 2', 'Trustworthiness: 3', 'Self-Discipline: 1', 'Critical Thinking: 2', 'Customer Service: 4', 'Active Listening: 1', 'Relationship Building: 4', 'Conflict Resolution: 4']}"
Jeffrey,Robinson,63473497,Venezuela,Cybersecurity Engineer,jr,"{'hard': ['Security Awareness Training: 1', 'DevSecOps: 1', 'Network Protocols: 1', 'Cloud Security: 1', 'Threat Modeling: 1'], 'soft': ['Global Awareness: 1', 'Persuasion: 1', 'Inclusivity: 1', 'Data Interpretation: 1', 'Collaboration: 1']}"
Thomas,Skinner,83999514,Venezuela,PHP Developer,sr3,"{'hard': ['Object-Oriented Programming: 5', 'Performance Optimization: 3', 'Symfony: 3', 'MVC Architecture: 4', 'CSS: 3', 'XML: 4', 'PHP: 5', 'Integration with Third-party Services: 3', 'Laravel: 5', 'Git: 4', 'User Authentication: 3', 'Data Structures: 5', 'Agile: 2', 'REST APIs: 2'], 'soft': ['Time Awareness: 5', 'Authenticity: 5', 'Trustworthiness: 5', 'Risk Management: 2', 'Customer Service: 5', 'Self-Regulation: 5', 'Team Building: 3', 'Stress Resilience: 2', 'Initiative: 4', 'Process Improvement: 4', 'Cultural Awareness: 5', 'Global Awareness: 4', 'Crisis Management: 2', 'Self-Confidence: 3', 'Entrepreneurial Mindset: 3']}"
Paul,Miller,17456132,Peru,C++ Developer,sr1,"{'hard': ['OpenGL: 3', 'Windows API: 1', 'Design Patterns: 1', 'Data Structures: 1', 'Linux Development: 3', 'DirectX: 2', 'Profiling: 1', 'File I/O: 3', 'Static and Dynamic Libraries: 3', 'Standard Template Library (STL): 2'], 'soft': ['Interpersonal Skills: 2', 'Critical Thinking: 2', 'Research Skills: 3', 'Client Management: 2', 'Presentation Skills: 2', 'Influencing: 1', 'Stress Resilience: 3', 'Self-Confidence: 2', 'Strategic Communication: 1', 'Intellectual Curiosity: 3', 'Inclusivity: 2', 'Empathy: 3']}"
Jessica,Hubbard,32795750,Chile,Android Mobile Developer,sr2,"{'hard': ['Test-Driven Development: 3', 'Agile: 2', 'Android Architecture Components: 3', 'Android SDK: 4', 'Kotlin: 1', 'Java: 1', 'Security Best Practices: 1', 'ProGuard: 1', 'SQLite: 1', 'Constraint Layout: 1'], 'soft': ['Situational Awareness: 3', 'Resource Allocation: 4', 'Feedback Acceptance: 1', 'Intuition: 1', 'Emotional Intelligence: 1', 'Time Management: 3', 'Ethical Judgment: 4', 'Research Skills: 1', 'Social Intelligence: 2', 'Time Optimization: 1', 'Communication: 1', 'Visionary Thinking: 2']}"
Henry,Carroll,93944026,Mexico,NodeJs Developer,sr3,"{'hard': ['Chai: 3', 'Frontend Frameworks (React/Vue): 5', 'HTML/CSS: 3', 'Logging Frameworks: 2', 'Socket.io: 3', 'Security Best Practices: 2', 'Express.js: 3', 'SQL: 5', 'AWS: 2', 'Error Handling: 5', 'Performance Optimization: 3', 'Event-Driven Architecture: 3', 'Redis: 4', 'TypeScript: 5'], 'soft': ['Crisis Communication: 3', 'Emotional Resilience: 3', 'Persuasion: 4', 'Personality Awareness: 3', 'Performance Management: 5', 'Resourcefulness: 2', 'Critical Observation: 4', 'Self-Confidence: 4', 'Mentoring: 4', 'Time Awareness: 2', 'Attention to Detail: 3', 'Humility: 4', 'Scientific Thinking: 2', 'Teamwork: 5', 'Networking: 3']}"
Michelle,Thompson,80993172,Bolivia,Test Automation Engineer,sr1,"{'hard': ['Test Management Tools: 3', 'Test Case Design: 3', 'Performance Testing: 2', 'Framework Development: 1', 'Automation Strategy: 1', 'Cross-Browser Testing: 3', 'Cypress: 2', 'JUnit: 2', 'CI/CD: 1', 'Java: 1'], 'soft': ['Task Prioritization: 1', 'Performance Management: 3', 'Customer Service: 3', 'Networking Skills: 1', 'Scientific Thinking: 1', 'Service Orientation: 2', 'Personality Awareness: 2', 'Influencing: 3', 'Flexibility: 1', 'Relationship Building: 3', 'Civic Engagement: 1', 'Interpersonal Skills: 3']}"
Michael,Phillips,16346295,Venezuela,Sharepoint Developer,ssr,"{'hard': ['Content Management: 1', 'PowerShell: 2', 'Information Architecture: 1', 'ASP.NET: 1', 'User Authentication: 2'], 'soft': ['Customer Service: 2', 'Research Skills: 2', 'Adaptability to Change: 2', 'Entrepreneurial Mindset: 2', 'Relationship Building: 2']}"
Amber,Rogers,34434983,Uruguay,.Net Developer,jr,"{'hard': ['SQL Server: 1', '.NET Core: 1', 'Dependency Injection: 1', 'ASP.NET: 1', 'MVC: 1'], 'soft': ['Change Management: 1', 'Workplace Culture Awareness: 1', 'Decision Making: 1', 'Networking Skills: 1', 'Self-Motivation: 1']}"
Jennifer,Freeman,25053801,Peru,IOT Platform Engineer,sr1,"{'hard': ['Cloud Computing: 3', 'Device Management: 2', 'Big Data Technologies: 3', 'Sensor Technologies: 2', 'Scripting (Python, JavaScript): 2', 'Deployment Techniques: 1', 'Telemetry: 1', 'Remote Device Monitoring: 1', 'Lifecycle Management: 1', 'Embedded Systems: 3'], 'soft': ['Initiative: 2', 'Emotional Resilience: 1', 'Personality Awareness: 2', 'Communication: 3', 'Resilience: 2', 'Work-Life Balance: 3', 'Process Improvement: 1', 'Service Orientation: 1', 'Integrity: 1', 'Flexibility: 1', 'Strategic Thinking: 2', 'Team Building: 2']}"
Leah,Chaney,76960337,Ecuador,SQL Developer,ssr,"{'hard': ['Integration with Third-party Tools: 1', 'PostgreSQL: 1', 'T-SQL: 1', 'Reporting Tools: 2', 'SQL: 1'], 'soft': ['Resilience: 1', 'Networking: 2', 'Humility: 1', 'Cultural Awareness: 1', 'Emotional Resilience: 1']}"
Jeffrey,Ballard,21488175,Mexico,Test Automation Engineer,sr3,"{'hard': ['Test Case Design: 4', 'Data-Driven Testing: 4', 'JUnit: 2', 'Continuous Testing: 2', 'User Interface Testing: 4', 'Java: 4', 'Framework Development: 5', 'Debugging: 5', 'Scripting: 3', 'Cypress: 5', 'Automation Strategy: 2', 'Behavior-Driven Development (BDD): 3', 'Mocking Frameworks: 3', 'Regression Testing: 5'], 'soft': ['Resilience: 4', 'Global Awareness: 4', 'Process Improvement: 2', 'Collaboration: 4', 'Situational Awareness: 5', 'Humility: 4', 'Client Management: 4', 'Critical Observation: 4', 'Emotional Resilience: 5', 'Critical Thinking: 4', 'Quality Assurance: 2', 'Ethical Judgment: 5', 'Performance Management: 3', 'Feedback Acceptance: 4', 'Analytical Thinking: 4']}"
Sarah,Scott,55202600,Peru,Test Automation Engineer,sr1,"{'hard': ['Reporting Tools: 1', 'Regression Testing: 3', 'CI/CD: 2', 'Selenium: 3', 'TestNG: 3', 'Framework Development: 3', 'Continuous Testing: 2', 'Scripting: 2', 'Defect Tracking: 3', 'Behavior-Driven Development (BDD): 2'], 'soft': ['Goal Setting: 2', 'Conflict Management: 1', 'Adaptability to Change: 1', 'Trustworthiness: 2', 'Social Skills: 2', 'Creativity: 2', 'Negotiation: 3', 'Change Management: 2', 'Mentoring Skills: 3', 'Intellectual Curiosity: 3', 'Innovation: 3', 'Public Speaking: 3']}"
Daisy,Sullivan,15330883,Chile,Game Developer,ssr,"{'hard': ['User Interface Design: 2', 'VR/AR Development: 2', 'Physics Engines: 1', 'Shader Programming: 2', 'Procedural Generation: 2'], 'soft': ['Goal Setting: 1', 'Public Relations: 1', 'Coaching: 2', 'Stress Management: 1', 'Inclusivity: 1']}"
Michelle,Douglas,92910222,Ecuador,NodeJs Developer,jr,"{'hard': ['JavaScript: 1', 'Postman: 1', 'Asynchronous Programming: 1', 'Error Handling: 1', 'Node.js: 1'], 'soft': ['Adaptability: 1', 'Cultural Awareness: 1', 'Ethical Judgment: 1', 'Civic Responsibility: 1', 'Professionalism: 1']}"
Sarah,Fuller,32860567,Paraguay,DevOps Engineer,sr3,"{'hard': ['Database Management: 3', 'Release Management: 5', 'Testing Automation: 3', 'Server Management: 5', 'Custom Scripts: 4', 'Disaster Recovery: 2', 'AWS: 2', 'Monitoring and Logging: 5', 'Microservices Architecture: 2', 'Automation Tools: 3', 'Cloud Services: 3', 'Scripting (Bash, Python): 3', 'Backup Strategies: 5', 'Azure: 4'], 'soft': ['Client Management: 3', 'Attention to Detail: 5', 'Coaching: 3', 'Time Management: 2', 'Time Awareness: 3', 'Global Awareness: 4', 'Risk Management: 3', 'Positivity: 4', 'Intuition: 5', 'Resourcefulness: 5', 'Work Ethic: 3', 'Negotiation Tactics: 5', 'Civic Responsibility: 5', 'Service Orientation: 2', 'Civic Engagement: 3']}"
Ricardo,Becker,79440184,Colombia,Java Developer,sr2,"{'hard': ['Dependency Injection: 3', 'Microservices: 1', 'Design Patterns: 4', 'Continuous Integration: 4', 'Cloud Services: 2', 'API Development: 1', 'SOAP: 2', 'Data Structures: 1', 'JavaFX: 3', 'JSON: 4'], 'soft': ['Process Improvement: 4', 'Professionalism: 3', 'Motivation: 2', 'Interpersonal Communication: 2', 'Innovation: 4', 'Leadership: 1', 'Global Awareness: 1', 'Facilitation Skills: 2', 'Coaching: 2', 'Decision Making: 2', 'Customer Service: 1', 'Intuition: 2']}"
Tammy,Ryan,84972464,Peru,.Net Developer,sr3,"{'hard': ['Entity Framework: 3', 'Dependency Injection: 2', 'SignalR: 2', 'HTML/CSS: 5', 'Web Services: 5', 'REST APIs: 3', 'C#: 5', 'Version Control (Git): 5', 'Design Patterns: 3', 'Performance Optimization: 5', 'Web API: 2', 'MVC: 3', 'User Authentication: 2', 'Application Lifecycle Management: 4'], 'soft': ['Communication: 3', 'Change Management: 2', 'Critical Thinking: 2', 'Initiative: 2', 'Visionary Leadership: 2', 'Relationship Building: 4', 'Interpersonal Skills: 5', 'Presentation Skills: 2', 'Integrity: 5', 'Authenticity: 5', 'Stress Resilience: 5', 'Self-Motivation: 4', 'Public Speaking: 2', 'Cultural Competence: 4', 'Trust Building: 5']}"
Mark,Zuniga,58949080,Venezuela,Android Mobile Developer,jr,"{'hard': ['Dependency Injection: 1', 'REST APIs: 1', 'Gradle: 1', 'Performance Tuning: 1', 'Constraint Layout: 1'], 'soft': ['Task Prioritization: 1', 'Cognitive Flexibility: 1', 'Cultural Competence: 1', 'Customer Service: 1', 'Civic Engagement: 1']}"
Brian,Miller,30135593,Paraguay,Salesforce Developer,sr3,"{'hard': ['Sales Cloud: 3', 'Integration with Third-party Services: 2', 'Visualforce: 3', 'Version Control: 3', 'Lightning Web Components: 2', 'Service Cloud: 4', 'Debugging: 4', 'Community Cloud: 2', 'Custom Objects: 2', 'Security Best Practices: 4', 'Lightning Components: 3', 'Salesforce CRM: 3', 'Data Modeling: 2', 'Process Builder: 3'], 'soft': ['Strategic Communication: 3', 'Persuasion: 4', 'Quality Assurance: 3', 'Ethical Judgment: 5', 'Self-Motivation: 3', 'Critical Thinking: 4', 'Global Awareness: 3', 'Trust Building: 2', 'Change Management: 5', 'Open-mindedness: 4', 'Interpersonal Communication: 5', 'Self-Regulation: 2', 'Crisis Management: 5', 'Process Improvement: 4', 'Presentation Skills: 4']}"
Natalie,White,69009740,Colombia,Data Engineer,ssr,"{'hard': ['Metadata Management: 1', 'Apache Spark: 2', 'Data Warehousing: 1', 'ETL Processes: 1', 'Data Visualization Tools (Tableau, Power BI): 1'], 'soft': ['Responsibility: 1', 'Open-mindedness: 1', 'Public Relations: 1', 'Trustworthiness: 2', 'Intellectual Curiosity: 1']}"
John,Wright,79969561,Ecuador,Flutter Developer,sr3,"{'hard': ['User Interface Testing: 4', 'Integration Testing: 3', 'Native Modules: 2', 'Network Connectivity: 4', 'Version Control (Git): 5', 'Versioning: 4', 'Dependency Management: 5', 'Animations: 4', 'RESTful APIs: 5', 'Testing: 5', 'Error Handling: 2', 'Continuous Integration: 3', 'App Deployment: 3', 'Performance Optimization: 5'], 'soft': ['Personality Awareness: 5', 'Facilitation Skills: 4', 'Trust Building: 5', 'Creativity: 3', 'Goal Setting: 4', 'Negotiation: 4', 'Problem Solving: 2', 'Resourcefulness: 5', 'Work Ethic: 2', 'Motivation: 3', 'Initiative: 3', 'Self-Motivation: 5', 'Empathy: 4', 'Authenticity: 2', 'Cultural Competence: 4']}"
Ruth,Tate,94723915,Bolivia,Data Engineer,jr,"{'hard': ['API Development: 1', 'Agile: 1', 'Cloud Data Solutions (AWS, Azure, GCP): 1', 'Python: 1', 'Scripting (Bash, Python): 1'], 'soft': ['Crisis Communication: 1', 'Goal Setting: 1', 'Work Ethic: 1', 'Cognitive Flexibility: 1', 'Integrity: 1']}"
George,Johnson,58767165,Paraguay,PHP Developer,sr1,"{'hard': ['Composer: 1', 'MVC Architecture: 2', 'Integration with Third-party Services: 1', 'MySQL: 2', 'Performance Optimization: 3', 'Caching Techniques: 3', 'Composer: 1', 'User Authentication: 3', 'Security Best Practices: 1', 'CSS: 1'], 'soft': ['Decision Making: 2', 'Civic Engagement: 2', 'Motivation: 1', 'Inclusivity: 2', 'Networking Skills: 2', 'Creativity: 3', 'Persuasion: 3', 'Presentation Skills: 3', 'Change Facilitation: 3', 'Resource Allocation: 3', 'Flexibility: 3', 'Task Prioritization: 3']}"
Allison,Morgan,65108722,Bolivia,iOS Mobile Developer,sr1,"{'hard': ['Performance Optimization: 2', 'Core Location: 2', 'Core Animation: 2', 'Xcode: 1', 'In-App Purchases: 2', 'RESTful APIs: 2', 'Debugging: 3', 'Swift: 3', 'Unit Testing: 2', 'SiriKit: 3'], 'soft': ['Inclusivity: 3', 'Stress Management: 1', 'Virtual Collaboration: 3', 'Crisis Management: 3', 'Communication: 3', 'Mentoring Skills: 3', 'Adaptability to Change: 2', 'Attention to Detail: 3', 'Task Prioritization: 3', 'Empathy: 1', 'Technology Savvy: 2', 'Process Improvement: 1']}"
Carly,Fox,31783090,Argentina,IOT Platform Engineer,sr2,"{'hard': ['User Interface Design: 2', 'Interoperability Standards: 3', 'Version Control: 1', 'Microservices Architecture: 2', 'Agile: 3', 'Network Security: 3', 'Analytics Integration: 3', 'Telemetry: 2', 'Sensor Technologies: 2', 'User Authentication: 3'], 'soft': ['Motivation: 1', 'Positivity: 3', 'Integrity: 2', 'Adaptability to Change: 4', 'Persuasion: 1', 'Performance Management: 1', 'Strategic Thinking: 4', 'Data Interpretation: 2', 'Cognitive Flexibility: 3', 'Resource Allocation: 1', 'Public Relations: 3', 'Self-Confidence: 3']}"
Shelly,Jones,14001519,Ecuador,Python Developer,sr3,"{'hard': ['Data Analysis: 4', 'Spark: 2', 'Security Best Practices: 3', 'Pytorch: 2', 'Git: 5', 'Concurrency: 2', 'Python: 3', 'Machine Learning: 4', 'Flask: 4', 'Data Quality Assessment: 5', 'Natural Language Processing (NLP): 4', 'Web Scraping: 5', 'Django: 5', 'Docker: 5'], 'soft': ['Delegation: 5', 'Adaptability: 3', 'Cultural Competence: 3', 'Workplace Culture Awareness: 3', 'Critical Thinking: 2', 'Professionalism: 4', 'Feedback Acceptance: 3', 'Creativity: 5', 'Stress Management: 5', 'Active Listening: 2', 'Writing Skills: 4', 'Networking Skills: 2', 'Intuition: 3', 'Visionary Leadership: 3', 'Risk Management: 5']}"
Katrina,Carpenter,54715205,Uruguay,C++ Developer,jr,"{'hard': ['Templates: 1', 'Compiler Optimization: 1', 'Algorithms: 1', 'Memory Management: 1', 'Static and Dynamic Libraries: 1'], 'soft': ['Self-Confidence: 1', 'Communication: 1', 'Social Skills: 1', 'Open-mindedness: 1', 'Negotiation Tactics: 1']}"
Tanner,Holland,96901495,Argentina,Data Engineer,ssr,"{'hard': ['Data Integration Tools: 2', 'NoSQL Databases: 2', 'Data Pipeline Development: 2', 'Performance Tuning: 2', 'Cloud Data Solutions (AWS, Azure, GCP): 1'], 'soft': ['Virtual Collaboration: 2', 'Networking: 2', 'Flexibility: 1', 'Adaptability to Change: 1', 'Feedback Acceptance: 1']}"
Leah,Tucker,50644695,Argentina,Android Mobile Developer,sr3,"{'hard': ['MVP: 2', 'LiveData: 3', 'Data Binding: 3', 'Android Jetpack: 4', 'Android SDK: 3', 'MVVM: 4', 'Motion Layout: 4', 'XML: 5', 'Firebase: 5', 'Coroutines: 4', 'UI/UX Design: 2', 'REST APIs: 5', 'Constraint Layout: 2', 'ProGuard: 4'], 'soft': ['Data Interpretation: 2', 'Technology Savvy: 2', 'Leadership: 3', 'Emotional Intelligence: 3', 'Stress Management: 5', 'Quality Assurance: 3', 'Persuasion: 4', 'Emotional Resilience: 4', 'Problem Solving: 3', 'Public Speaking: 5', 'Flexibility: 4', 'Coaching: 3', 'Inclusivity: 4', 'Attention to Detail: 2', 'Creativity: 4']}"
Robert,Simmons,53886288,Colombia,Cloud Engineer,jr,"{'hard': ['Event-Driven Architecture: 1', 'Google Cloud Platform: 1', 'Virtualization: 1', 'Backup and Recovery: 1', 'Load Balancing: 1'], 'soft': ['Learning Agility: 1', 'Creativity: 1', 'Performance Management: 1', 'Data Interpretation: 1', 'Networking: 1']}"
Cynthia,Johnson,24827472,Colombia,Ruby Developer,sr3,"{'hard': ['Git: 2', 'Version Control: 4', 'Task Scheduling: 3', 'JavaScript: 2', 'Active Record: 4', 'CSS: 2', 'Caching Techniques: 2', 'HTML: 5', 'Database Design: 4', 'Object-Oriented Programming: 2', 'Agile: 5', 'Web Services: 2', 'SQL: 2', 'Responsive Design: 3'], 'soft': ['Client Management: 2', 'Work-Life Balance: 2', 'Initiative: 2', 'Entrepreneurial Mindset: 4', 'Workplace Culture Awareness: 3', 'Visionary Thinking: 3', 'Networking: 2', 'Trustworthiness: 2', 'Decision Making: 5', 'Trust Building: 4', 'Motivation: 2', 'Humility: 3', 'Personality Awareness: 3', 'Stress Resilience: 5', 'Open-mindedness: 5']}"
Ashley,Williams,99530690,Uruguay,Salesforce Developer,sr2,"{'hard': ['Git: 3', 'SOQL: 2', 'Lightning Web Components: 3', 'Version Control: 3', 'REST APIs: 4', 'Testing Frameworks: 2', 'Salesforce CRM: 4', 'User Interface Design: 1', 'Security Best Practices: 4', 'Community Cloud: 4'], 'soft': ['Risk Management: 2', 'Performance Management: 4', 'Team Building: 2', 'Social Skills: 4', 'Negotiation Tactics: 1', 'Conflict Management: 4', 'Emotional Intelligence: 4', 'Public Relations: 2', 'Decision Making: 2', 'Writing Skills: 1', 'Public Speaking: 2', 'Critical Thinking: 2']}"
Joshua,Lee,59785483,Venezuela,iOS Mobile Developer,sr3,"{'hard': ['User Experience (UX): 4', 'SwiftUI: 2', 'User Interface Design: 3', 'Firebase: 3', 'Network Connectivity: 3', 'iCloud: 5', 'Cocoa Touch: 2', 'Design Patterns: 2', 'UIKit: 3', 'iOS SDK: 2', 'Auto Layout: 5', 'App Store Submission: 2', 'Push Notifications: 5', 'Performance Optimization: 3'], 'soft': ['Writing Skills: 3', 'Civic Responsibility: 3', 'Creativity: 5', 'Inclusivity: 2', 'Global Awareness: 2', 'Self-Regulation: 5', 'Customer Service: 5', 'Work Ethic: 3', 'Intellectual Curiosity: 5', 'Relationship Building: 3', 'Interpersonal Communication: 3', 'Attention to Detail: 2', 'Strategic Thinking: 5', 'Collaboration: 3', 'Performance Management: 4']}"
Scott,Rocha,22341591,Uruguay,SQL Developer,sr1,"{'hard': ['SQL Server: 3', 'Performance Tuning: 2', 'Data Warehousing: 1', 'Data Analysis: 3', 'T-SQL: 3', 'Data Quality Management: 2', 'Data Modeling: 2', 'Query Optimization: 1', 'Database Administration: 3', 'Backup and Recovery: 3'], 'soft': ['Coaching: 3', 'Creativity: 2', 'Relationship Building: 1', 'Critical Observation: 2', 'Humility: 2', 'Cultural Awareness: 3', 'Ethical Judgment: 1', 'Work Ethic: 3', 'Client Management: 2', 'Research Skills: 3', 'Negotiation Tactics: 1', 'Networking Skills: 2']}"
Kayla,Gonzalez,16421889,Bolivia,Ruby Developer,sr1,"{'hard': ['Testing Frameworks (RSpec): 1', 'Database Design: 2', 'Git: 3', 'Performance Optimization: 1', 'Responsive Design: 3', 'API Development: 2', 'Security Best Practices: 3', 'MVC Architecture: 2', 'JavaScript: 1', 'Active Record: 1'], 'soft': ['Stress Resilience: 2', 'Learning Agility: 1', 'Client Management: 3', 'Negotiation Tactics: 1', 'Goal Setting: 1', 'Presentation Skills: 3', 'Creativity: 2', 'Research Skills: 3', 'Customer Service: 1', 'Entrepreneurial Mindset: 3', 'Innovation: 1', 'Interpersonal Communication: 2']}"
Stephanie,Blake,82876577,Colombia,Cybersecurity Engineer,ssr,"{'hard': ['Security Information and Event Management (SIEM): 1', 'Security Frameworks (CIS, OWASP): 2', 'Data Loss Prevention (DLP): 1', 'Incident Management: 2', 'Scripting (Python, PowerShell): 2'], 'soft': ['Collaboration: 2', 'Motivational Skills: 1', 'Flexibility: 2', 'Mentoring Skills: 1', 'Stress Resilience: 2']}"
Anna,Silva,23296954,Ecuador,Android Mobile Developer,sr1,"{'hard': ['XML: 2', 'RxJava: 1', 'Android Jetpack: 3', 'MVVM: 1', 'Performance Tuning: 3', 'JUnit: 3', 'Agile: 1', 'MVP: 1', 'Flutter: 1', 'Firebase: 3'], 'soft': ['Adaptability to Change: 1', 'Work Ethic: 2', 'Mentoring: 1', 'Scientific Thinking: 1', 'Problem Solving: 2', 'Virtual Collaboration: 3', 'Intuition: 3', 'Performance Management: 2', 'Learning Agility: 2', 'Flexibility: 1', 'Networking: 3', 'Integrity: 1']}"
Jason,Clark,77577726,Bolivia,NodeJs Developer,sr2,"{'hard': ['Logging Frameworks: 4', 'Postman: 4', 'AWS: 3', 'Performance Optimization: 3', 'Error Handling: 3', 'Redis: 4', 'Event-Driven Architecture: 2', 'Data Structures: 3', 'TypeScript: 4', 'HTML/CSS: 3'], 'soft': ['Crisis Management: 4', 'Problem Analysis: 3', 'Time Awareness: 3', 'Influencing: 1', 'Motivational Skills: 4', 'Social Skills: 2', 'Stress Management: 1', 'Cultural Awareness: 4', 'Intuition: 4', 'Client Management: 3', 'Trust Building: 4', 'Public Relations: 1']}"
Scott,Dawson,20408896,Bolivia,SQL Developer,ssr,"{'hard': ['Business Intelligence Tools: 1', 'PostgreSQL: 1', 'Performance Tuning: 2', 'Version Control: 1', 'SQL: 1'], 'soft': ['Technology Savvy: 2', 'Learning Agility: 1', 'Facilitation Skills: 2', 'Humility: 2', 'Conflict Resolution: 2']}"
Teresa,Alexander,20293991,Colombia,Salesforce Developer,sr1,"{'hard': ['Service Cloud: 1', 'Data Migration: 3', 'Reports and Dashboards: 2', 'Integration with Third-party Services: 3', 'Lightning Web Components: 2', 'Custom Objects: 1', 'Data Structures: 1', 'Sales Cloud: 1', 'Salesforce CRM: 3', 'User Authentication: 1'], 'soft': ['Persuasion: 2', 'Intellectual Curiosity: 2', 'Visionary Leadership: 2', 'Interpersonal Communication: 1', 'Emotional Intelligence: 2', 'Cultural Awareness: 1', 'Collaboration: 2', 'Attention to Detail: 3', 'Self-Discipline: 2', 'Goal Setting: 3', 'Workplace Culture Awareness: 1', 'Work-Life Balance: 3']}"
Erica,Chaney,40491149,Uruguay,DevOps Engineer,jr,"{'hard': ['Docker: 1', 'Custom Scripts: 1', 'Infrastructure as Code (IaC): 1', 'Security Best Practices: 1', 'Release Management: 1'], 'soft': ['Virtual Collaboration: 1', 'Cultural Competence: 1', 'Presentation Skills: 1', 'Process Improvement: 1', 'Resilience: 1']}"
Carl,Gordon,42181838,Uruguay,RPA Developer,sr2,"{'hard': ['Version Control: 1', 'REST APIs: 3', 'Data Extraction: 4', 'Task Automation: 4', 'Robotic Process Automation Frameworks: 2', 'Excel VBA: 3', 'Reporting: 2', 'Business Process Mapping: 1', 'Data Quality Management: 4', 'SQL: 1'], 'soft': ['Crisis Management: 3', 'Self-Discipline: 1', 'Emotional Resilience: 2', 'Creativity: 1', 'Critical Thinking: 4', 'Persuasion: 3', 'Facilitation Skills: 4', 'Change Facilitation: 3', 'Global Awareness: 1', 'Cultural Competence: 4', 'Virtual Collaboration: 1', 'Leadership: 1']}"
Colleen,Parsons,68138137,Argentina,DevOps Engineer,ssr,"{'hard': ['Release Management: 2', 'Backup Strategies: 2', 'Infrastructure as Code (IaC): 2', 'Server Management: 2', 'Site Reliability Engineering (SRE): 1'], 'soft': ['Entrepreneurial Mindset: 2', 'Teamwork: 2', 'Virtual Collaboration: 2', 'Goal Setting: 2', 'Intuition: 1']}"
Andrew,Schneider,50806839,Mexico,C++ Developer,ssr,"{'hard': ['Unit Testing: 1', 'Data Structures: 2', 'Concurrency: 2', 'OpenGL: 2', 'Embedded Systems: 1'], 'soft': ['Personality Awareness: 2', 'Performance Management: 2', 'Cultural Competence: 2', 'Coaching: 2', 'Change Management: 1']}"
Michelle,Young,41184164,Bolivia,Data Engineer,jr,"{'hard': ['Performance Tuning: 1', 'Apache Kafka: 1', 'Machine Learning Basics: 1', 'Data Security: 1', 'Agile: 1'], 'soft': ['Writing Skills: 1', 'Strategic Communication: 1', 'Visionary Leadership: 1', 'Self-Regulation: 1', 'Global Awareness: 1']}"
Shawn,Burns,47362672,Bolivia,.Net Developer,sr3,"{'hard': ['Version Control (Git): 4', 'C#: 2', 'HTML/CSS: 2', 'Entity Framework: 4', 'Design Patterns: 2', '.NET Core: 5', 'Cloud Services (Azure): 5', 'Data Structures: 3', 'TDD: 4', 'Code Review: 2', 'JavaScript: 4', 'Web Services: 2', 'SignalR: 2', 'Dependency Injection: 2'], 'soft': ['Quality Assurance: 5', 'Time Awareness: 4', 'Networking Skills: 3', 'Workplace Culture Awareness: 3', 'Collaboration: 3', 'Visionary Thinking: 2', 'Entrepreneurial Mindset: 3', 'Goal Setting: 5', 'Inclusivity: 5', 'Situational Awareness: 3', 'Mentoring Skills: 5', 'Visionary Leadership: 5', 'Negotiation: 2', 'Attention to Detail: 5', 'Feedback Delivery: 5']}"
Gina,Shelton,17947480,Mexico,Game Developer,sr1,"{'hard': ['Game Optimization: 3', 'C#: 3', 'Unreal Engine: 1', 'Physics Simulation: 1', 'Game Prototyping: 1', '3D Modeling: 1', 'Physics Engines: 1', 'Debugging: 3', 'Graphics Programming: 2', 'Animation: 2'], 'soft': ['Work Ethic: 2', 'Diversity Awareness: 1', 'Intuition: 3', 'Situational Awareness: 1', 'Integrity: 1', 'Presentation Skills: 2', 'Mentoring Skills: 3', 'Civic Responsibility: 1', 'Mentoring: 3', 'Flexibility: 1', 'Coaching: 1', 'Attention to Detail: 1']}"
Gwendolyn,Underwood,80024564,Uruguay,Sharepoint Developer,ssr,"{'hard': ['Testing Automation: 2', 'User Interface Design: 2', 'Database Design: 2', 'Workflow Automation: 1', 'User Authentication: 1'], 'soft': ['Emotional Intelligence: 1', 'Communication: 1', 'Public Relations: 1', 'Stress Resilience: 2', 'Networking: 2']}"
Kristen,Anderson,86799252,Chile,Java Developer,sr3,"{'hard': ['JPA: 4', 'Java: 4', 'Continuous Integration: 3', 'Microservices: 3', 'Unit Testing: 5', 'Logging Frameworks: 5', 'JSON: 5', 'Multi-threading: 3', 'Spring: 4', 'Docker: 5', 'Web Services: 3', 'Java EE: 3', 'JDBC: 3', 'Algorithms: 2'], 'soft': ['Inclusivity: 3', 'Performance Management: 2', 'Self-Motivation: 3', 'Resourcefulness: 5', 'Civic Engagement: 4', 'Authenticity: 2', 'Persuasion: 5', 'Change Facilitation: 5', 'Problem Analysis: 3', 'Initiative: 2', 'Stress Management: 4', 'Self-Discipline: 3', 'Data Interpretation: 4', 'Negotiation Tactics: 3', 'Conflict Resolution: 5']}"
Amy,Christensen,83798595,Argentina,Python Developer,sr1,"{'hard': ['NumPy: 3', 'Flask: 3', 'Django: 3', 'Pytorch: 1', 'Web Scraping: 2', 'Matplotlib: 2', 'SQL: 2', 'Jupyter Notebooks: 1', 'Algorithms: 2', 'Machine Learning: 2'], 'soft': ['Mentoring Skills: 1', 'Motivation: 1', 'Critical Observation: 3', 'Presentation Skills: 3', 'Strategic Communication: 3', 'Interpersonal Skills: 3', 'Resource Allocation: 3', 'Strategic Thinking: 3', 'Crisis Communication: 1', 'Attention to Detail: 2', 'Risk Management: 1', 'Creativity: 2']}"
Ashley,Carroll,26498677,Chile,Python Developer,ssr,"{'hard': ['Web Scraping: 2', 'Django: 2', 'Data Analysis: 1', 'Jupyter Notebooks: 2', 'Data Mining: 1'], 'soft': ['Interpersonal Communication: 2', 'Critical Observation: 2', 'Adaptability to Change: 2', 'Learning Agility: 1', 'Authenticity: 1']}"
Kristen,Howard,99742365,Peru,Cloud Engineer,sr2,"{'hard': ['Application Networking: 2', 'Backup and Recovery: 3', 'Version Control (Git): 4', 'Disaster Recovery Planning: 4', 'Performance Tuning: 4', 'Virtualization: 2', 'Cloud Security: 3', 'Automation Tools: 2', 'Azure: 1', 'CI/CD: 2'], 'soft': ['Social Intelligence: 1', 'Writing Skills: 2', 'Process Improvement: 2', 'Strategic Thinking: 4', 'Workplace Culture Awareness: 2', 'Change Facilitation: 1', 'Self-Regulation: 2', 'Learning Agility: 2', 'Negotiation: 1', 'Interpersonal Communication: 2', 'Data Interpretation: 1', 'Communication: 2']}"
William,Gould,17653578,Bolivia,Cybersecurity Engineer,sr1,"{'hard': ['Threat Modeling: 1', 'Agile: 1', 'Network Protocols: 2', 'Network Security: 3', 'Mobile Security: 1', 'Forensics: 3', 'Risk Assessment: 1', 'Data Protection: 3', 'Endpoint Protection: 2', 'Scripting (Python, PowerShell): 2'], 'soft': ['Team Building: 3', 'Writing Skills: 2', 'Trustworthiness: 2', 'Empathy: 2', 'Intellectual Curiosity: 2', 'Negotiation Tactics: 3', 'Stress Management: 1', 'Responsibility: 1', 'Resilience: 1', 'Trust Building: 1', 'Humility: 1', 'Scientific Thinking: 1']}"
Marco,Bailey,46859628,Mexico,Cobol Developer,sr3,"{'hard': ['SoftTech: 2', 'User Acceptance Testing (UAT): 3', 'Reporting: 5', 'Software Maintenance: 5', 'Data Structures: 4', 'Application Development: 4', 'Documentation: 4', 'SQL: 3', 'Data Mapping: 4', 'Unit Testing: 5', 'Batch Processing: 2', 'Agile: 3', 'Business Logic: 5', 'Debugging: 3'], 'soft': ['Civic Responsibility: 3', 'Task Prioritization: 4', 'Flexibility: 2', 'Networking: 3', 'Public Speaking: 4', 'Analytical Thinking: 5', 'Conflict Management: 2', 'Ethical Judgment: 3', 'Trust Building: 5', 'Teamwork: 4', 'Service Orientation: 3', 'Decision Making: 2', 'Responsibility: 4', 'Creativity: 4', 'Client Management: 4']}"
Lisa,Mullins,43137676,Colombia,Web UI Developer,jr,"{'hard': ['Progressive Enhancement: 1', 'Content Management Systems (CMS): 1', 'Microinteractions: 1', 'Web Design Principles: 1', 'Cross-Browser Compatibility: 1'], 'soft': ['Time Optimization: 1', 'Change Management: 1', 'Attention to Detail: 1', 'Presentation Skills: 1', 'Networking: 1']}"
Jessica,Johnson,56876760,Argentina,Cloud Engineer,sr3,"{'hard': ['API Management: 4', 'AWS: 2', 'Database Management: 4', 'Networking: 5', 'Cloud Security: 3', 'CI/CD: 3', 'Serverless Computing: 4', 'Service Mesh: 5', 'Docker: 3', 'Disaster Recovery Planning: 5', 'Version Control (Git): 2', 'Resource Allocation: 5', 'DevOps: 5', 'Scripting (Python, Bash): 5'], 'soft': ['Positivity: 2', 'Entrepreneurial Mindset: 2', 'Empathy: 4', 'Authenticity: 3', 'Performance Management: 3', 'Scientific Thinking: 3', 'Emotional Intelligence: 3', 'Data Interpretation: 4', 'Cultural Awareness: 4', 'Service Orientation: 5', 'Mentoring: 5', 'Work-Life Balance: 4', 'Change Facilitation: 3', 'Public Relations: 5', 'Critical Observation: 3']}"
Martin,Walker,81018658,Argentina,Flutter Developer,jr,"{'hard': ['Third-party Libraries: 1', 'Responsive Design: 1', 'Localization: 1', 'Version Control (Git): 1', 'Accessibility Features: 1'], 'soft': ['Cognitive Flexibility: 1', 'Workplace Culture Awareness: 1', 'Creativity: 1', 'Creativity: 1', 'Performance Management: 1']}"
Heidi,Jones,67593759,Mexico,Sharepoint Developer,sr2,"{'hard': ['User Interface Design: 3', 'C#: 1', 'Data Migration: 1', 'Business Intelligence: 1', 'SharePoint Framework (SPFx): 3', 'JavaScript: 1', 'Integration with Third-party Services: 1', 'ASP.NET: 1', 'Performance Optimization: 3', 'Security Best Practices: 1'], 'soft': ['Personality Awareness: 4', 'Social Intelligence: 4', 'Resilience: 2', 'Change Facilitation: 1', 'Visionary Leadership: 1', 'Intuition: 1', 'Strategic Communication: 3', 'Delegation: 1', 'Data Interpretation: 2', 'Authenticity: 3', 'Positivity: 4', 'Self-Discipline: 1']}"
Nicole,Ruiz,51618486,Uruguay,Ruby Developer,sr2,"{'hard': ['Git: 4', 'Integration with Third-party APIs: 4', 'REST APIs: 3', 'Performance Optimization: 1', 'SQL: 2', 'Version Control: 3', 'Database Design: 4', 'Ruby on Rails: 2', 'JavaScript: 4', 'Security Best Practices: 2'], 'soft': ['Problem Solving: 3', 'Entrepreneurial Mindset: 3', 'Adaptability: 1', 'Interpersonal Skills: 4', 'Situational Awareness: 4', 'Intellectual Curiosity: 3', 'Self-Confidence: 3', 'Teamwork: 3', 'Communication: 2', 'Work-Life Balance: 2', 'Adaptability to Change: 1', 'Self-Discipline: 3']}"
Anne,Martinez,57197447,Ecuador,Cybersecurity Engineer,sr3,"{'hard': ['Cloud Security: 4', 'Vulnerability Assessment: 3', 'Security Awareness Training: 4', 'Compliance Standards (ISO, NIST): 3', 'Incident Management: 2', 'Malware Analysis: 4', 'Penetration Testing: 4', 'DevSecOps: 5', 'Data Protection: 5', 'Incident Response: 5', 'Application Security: 2', 'Data Loss Prevention (DLP): 3', 'Forensics: 2', 'Security Information and Event Management (SIEM): 5'], 'soft': ['Workplace Culture Awareness: 5', 'Adaptability to Change: 2', 'Stress Management: 5', 'Civic Responsibility: 2', 'Visionary Thinking: 4', 'Scientific Thinking: 3', 'Self-Confidence: 4', 'Critical Thinking: 3', 'Public Relations: 3', 'Self-Regulation: 5', 'Problem Analysis: 3', 'Presentation Skills: 4', 'Mentoring Skills: 4', 'Intuition: 3', 'Change Facilitation: 2']}"
Michelle,Griffith,20603294,Bolivia,Salesforce Developer,jr,"{'hard': ['Service Cloud: 1', 'Data Modeling: 1', 'Change Sets: 1', 'Data Migration: 1', 'API Development: 1'], 'soft': ['Positivity: 1', 'Self-Confidence: 1', 'Resilience: 1', 'Time Optimization: 1', 'Change Management: 1']}"
Amy,Wallace,33095254,Chile,Cobol Developer,ssr,"{'hard': ['Client Interaction: 2', 'User Acceptance Testing (UAT): 1', 'Debugging: 1', 'VSAM: 2', 'Legacy Systems: 2'], 'soft': ['Intellectual Curiosity: 1', 'Coaching: 1', 'Conflict Management: 1', 'Performance Management: 1', 'Crisis Communication: 1']}"
Victoria,Lewis,16311853,Uruguay,Java Developer,sr3,"{'hard': ['SOAP: 2', 'JavaFX: 4', 'Internationalization: 4', 'Spring Boot: 2', 'Java: 2', 'Microservices: 2', 'Docker: 2', 'Java EE: 2', 'REST APIs: 2', 'JSON: 3', 'Git: 2', 'Multi-threading: 4', 'API Development: 3', 'Dependency Injection: 2'], 'soft': ['Coaching: 5', 'Professionalism: 5', 'Civic Engagement: 3', 'Relationship Building: 5', 'Client Management: 3', 'Self-Confidence: 2', 'Collaboration: 3', 'Stress Resilience: 3', 'Task Prioritization: 4', 'Persuasion: 4', 'Networking Skills: 5', 'Resource Allocation: 4', 'Critical Thinking: 3', 'Strategic Communication: 2', 'Delegation: 4']}"
Melissa,Sanchez,62118363,Mexico,IOT Platform Engineer,ssr,"{'hard': ['Data Processing: 2', 'Big Data Technologies: 2', 'User Authentication: 2', 'Version Control: 2', 'API Development: 1'], 'soft': ['Inclusivity: 2', 'Collaboration: 2', 'Feedback Delivery: 2', 'Presentation Skills: 2', 'Civic Engagement: 2']}"
Beth,Johnson,64822091,Paraguay,Salesforce Developer,sr3,"{'hard': ['Community Cloud: 3', 'Lightning Components: 5', 'Business Process Automation: 2', 'Reports and Dashboards: 3', 'Visualforce: 5', 'Integration with Third-party Services: 5', 'Deployment Techniques: 2', 'Process Builder: 2', 'User Authentication: 2', 'Git: 3', 'Service Cloud: 5', 'Agile: 4', 'API Development: 2', 'SOQL: 4'], 'soft': ['Responsibility: 3', 'Strategic Thinking: 3', 'Innovation: 4', 'Public Relations: 2', 'Resilience: 5', 'Diversity Awareness: 3', 'Service Orientation: 2', 'Collaboration: 2', 'Visionary Leadership: 5', 'Visionary Thinking: 2', 'Feedback Delivery: 5', 'Self-Motivation: 2', 'Process Improvement: 5', 'Creativity: 5', 'Facilitation Skills: 4']}"
Scott,Snyder,79051519,Argentina,Cloud Engineer,sr3,"{'hard': ['Cost Optimization: 2', 'Docker: 5', 'AWS: 4', 'Event-Driven Architecture: 4', 'Version Control (Git): 2', 'Serverless Computing: 4', 'Google Cloud Platform: 2', 'CI/CD: 2', 'Monitoring and Logging: 2', 'Cloud Security: 3', 'Performance Tuning: 2', 'Database Management: 4', 'Security Best Practices: 4', 'Resource Allocation: 4'], 'soft': ['Teamwork: 5', 'Learning Agility: 5', 'Client Management: 2', 'Feedback Acceptance: 5', 'Performance Management: 3', 'Conflict Management: 3', 'Change Management: 3', 'Intuition: 2', 'Cognitive Flexibility: 4', 'Public Relations: 5', 'Attention to Detail: 4', 'Positivity: 3', 'Civic Engagement: 3', 'Stress Management: 4', 'Creativity: 3']}"
Amanda,Lynch,15504720,Mexico,Java Developer,sr2,"{'hard': ['Performance Tuning: 4', 'Spring: 2', 'Git: 3', 'JDBC: 2', 'Design Patterns: 4', 'JPA: 1', 'Logging Frameworks: 2', 'Web Services: 2', 'Algorithms: 1', 'Data Structures: 3'], 'soft': ['Relationship Building: 4', 'Personality Awareness: 1', 'Flexibility: 1', 'Workplace Culture Awareness: 2', 'Trustworthiness: 2', 'Negotiation Tactics: 2', 'Public Relations: 3', 'Self-Regulation: 4', 'Ethical Judgment: 1', 'Cultural Awareness: 1', 'Time Management: 1', 'Adaptability to Change: 2']}"
John,Hull,20544656,Paraguay,Data Engineer,jr,"{'hard': ['Version Control (Git): 1', 'ETL Processes: 1', 'Python: 1', 'Scripting (Bash, Python): 1', 'Data Warehousing: 1'], 'soft': ['Entrepreneurial Mindset: 1', 'Intellectual Curiosity: 1', 'Responsibility: 1', 'Civic Responsibility: 1', 'Collaboration: 1']}"
Thomas,Smith,67319057,Mexico,Cobol Developer,sr3,"{'hard': ['File Handling: 2', 'SoftTech: 5', 'Change Management: 4', 'IBM z/OS: 3', 'System Integration: 3', 'Debugging: 3', 'Mainframe: 2', 'Data Processing: 3', 'Data Warehousing: 4', 'Agile: 2', 'Performance Tuning: 4', 'Data Structures: 3', 'System Analysis: 4', 'Version Control (Git): 3'], 'soft': ['Positivity: 5', 'Intuition: 4', 'Workplace Culture Awareness: 4', 'Resourcefulness: 3', 'Open-mindedness: 4', 'Risk Management: 5', 'Technology Savvy: 5', 'Communication: 3', 'Process Improvement: 2', 'Problem Analysis: 4', 'Public Relations: 4', 'Motivation: 2', 'Scientific Thinking: 4', 'Service Orientation: 2', 'Personality Awareness: 5']}"
Brian,Torres,74784565,Peru,Flutter Developer,jr,"{'hard': ['Material Design: 1', 'Version Control (Git): 1', 'Responsive Design: 1', 'Firebase: 1', 'Debugging: 1'], 'soft': ['Time Awareness: 1', 'Time Optimization: 1', 'Analytical Thinking: 1', 'Innovation: 1', 'Networking Skills: 1']}"
Monica,Thompson,76857614,Colombia,Salesforce Developer,ssr,"{'hard': ['Lightning Web Components: 2', 'Agile: 2', 'Salesforce DX: 2', 'REST APIs: 1', 'Debugging: 2'], 'soft': ['Innovation: 2', 'Interpersonal Communication: 2', 'Open-mindedness: 1', 'Initiative: 2', 'Work Ethic: 1']}"
Arthur,Jimenez,72944778,Colombia,NodeJs Developer,jr,"{'hard': ['Redis: 1', 'CI/CD: 1', 'Data Structures: 1', 'Socket.io: 1', 'Event-Driven Architecture: 1'], 'soft': ['Influencing: 1', 'Flexibility: 1', 'Data Interpretation: 1', 'Innovation: 1', 'Time Optimization: 1']}"
Dawn,Decker,44881134,Uruguay,C++ Developer,sr3,"{'hard': ['Graphics Programming: 5', 'OpenGL: 2', 'Static and Dynamic Libraries: 3', 'Concurrency: 3', 'DirectX: 4', 'Version Control (Git): 3', 'Profiling: 5', 'Templates: 3', 'Data Structures: 5', 'Code Review: 3', 'Debugging: 5', 'Compiler Optimization: 5', 'Algorithms: 2', 'Embedded Systems: 4'], 'soft': ['Virtual Collaboration: 3', 'Influencing: 3', 'Change Management: 2', 'Feedback Delivery: 5', 'Situational Awareness: 3', 'Self-Regulation: 5', 'Self-Discipline: 4', 'Entrepreneurial Mindset: 4', 'Networking: 3', 'Delegation: 4', 'Customer Service: 2', 'Time Awareness: 4', 'Visionary Thinking: 3', 'Problem Analysis: 3', 'Cultural Competence: 4']}"
Mark,Whitaker,63062922,Bolivia,Salesforce Developer,sr1,"{'hard': ['Lightning Web Components: 2', 'API Development: 2', 'User Authentication: 3', 'Deployment Techniques: 2', 'Data Structures: 3', 'Service Cloud: 1', 'Workflows: 1', 'Custom Objects: 3', 'Testing Frameworks: 1', 'Data Migration: 3'], 'soft': ['Visionary Thinking: 3', 'Motivation: 2', 'Goal Setting: 1', 'Entrepreneurial Mindset: 2', 'Mentoring: 2', 'Task Prioritization: 1', 'Empathy: 2', 'Service Orientation: 3', 'Motivational Skills: 3', 'Active Listening: 1', 'Quality Assurance: 3', 'Coaching: 2']}"
Jasmine,Nolan,30188059,Uruguay,iOS Mobile Developer,sr2,"{'hard': ['Core Animation: 3', 'Third-party Libraries: 3', 'RESTful APIs: 3', 'Performance Optimization: 3', 'Unit Testing: 4', 'Cocoa Touch: 3', 'In-App Purchases: 1', 'Core Location: 3', 'Design Patterns: 1', 'Git: 4'], 'soft': ['Inclusivity: 4', 'Resource Allocation: 1', 'Client Management: 1', 'Presentation Skills: 1', 'Scientific Thinking: 3', 'Performance Management: 2', 'Mentoring: 2', 'Innovation: 4', 'Cultural Awareness: 3', 'Stress Management: 2', 'Social Skills: 1', 'Collaboration: 1']}"
Joshua,Thompson,52382263,Uruguay,IOT Platform Engineer,sr3,"{'hard': ['Telemetry: 3', 'Sensor Technologies: 5', 'Scripting (Python, JavaScript): 2', 'Lifecycle Management: 4', 'User Interface Design: 3', 'Device Connectivity: 5', 'Interoperability Standards: 2', 'Database Management: 5', 'Agile: 2', 'Network Security: 3', 'Testing and Validation: 4', 'User Authentication: 2', 'Security Best Practices: 5', 'Data Visualization: 3'], 'soft': ['Strategic Communication: 2', 'Risk Management: 4', 'Creativity: 4', 'Data Interpretation: 2', 'Communication: 5', 'Visionary Leadership: 3', 'Empathy: 5', 'Public Speaking: 4', 'Conflict Management: 2', 'Problem Solving: 4', 'Teamwork: 5', 'Emotional Resilience: 3', 'Feedback Acceptance: 5', 'Adaptability: 2', 'Motivational Skills: 5']}"
Pamela,Johnson,56962877,Colombia,Ruby Developer,jr,"{'hard': ['Database Design: 1', 'Ruby: 1', 'REST APIs: 1', 'Ruby on Rails: 1', 'Data Structures: 1'], 'soft': ['Delegation: 1', 'Learning Agility: 1', 'Client Management: 1', 'Technology Savvy: 1', 'Data Interpretation: 1']}"
Antonio,Richardson,21914539,Argentina,Sharepoint Developer,ssr,"{'hard': ['PowerShell: 1', 'SharePoint Designer: 2', 'REST APIs: 1', 'Content Management: 1', 'ASP.NET: 2'], 'soft': ['Strategic Communication: 1', 'Writing Skills: 1', 'Intuition: 2', 'Trustworthiness: 1', 'Mentoring: 2']}"
Lori,Powell,63578660,Mexico,.Net Developer,ssr,"{'hard': ['Dependency Injection: 1', 'Web Services: 1', 'Version Control (Git): 1', 'Performance Optimization: 1', 'Security Best Practices: 1'], 'soft': ['Change Management: 1', 'Adaptability to Change: 1', 'Initiative: 2', 'Workplace Culture Awareness: 2', 'Responsibility: 2']}"
Alicia,Chapman,88393844,Paraguay,C++ Developer,sr3,"{'hard': ['Qt Framework: 4', 'Design Patterns: 3', 'Windows API: 3', 'Code Review: 4', 'Embedded Systems: 4', 'File I/O: 4', 'Multithreading: 4', 'Compiler Optimization: 4', 'Debugging: 5', 'Networking: 5', 'Boost Library: 2', 'System Programming: 4', 'Templates: 3', 'DirectX: 2'], 'soft': ['Goal Setting: 2', 'Coaching: 5', 'Work-Life Balance: 2', 'Service Orientation: 2', 'Intuition: 2', 'Presentation Skills: 4', 'Collaboration: 5', 'Change Management: 5', 'Risk Management: 5', 'Change Facilitation: 4', 'Customer Service: 3', 'Flexibility: 4', 'Positivity: 4', 'Intellectual Curiosity: 2', 'Initiative: 3']}"
Anthony,Watson,74326043,Colombia,Data Engineer,jr,"{'hard': ['Business Intelligence: 1', 'Data Warehousing: 1', 'Data Integration Tools: 1', 'Agile: 1', 'Hadoop: 1'], 'soft': ['Strategic Thinking: 1', 'Workplace Culture Awareness: 1', 'Work-Life Balance: 1', 'Motivation: 1', 'Change Management: 1']}"
Eric,Faulkner,30609716,Argentina,Ruby Developer,sr2,"{'hard': ['Testing Frameworks (RSpec): 1', 'User Authentication: 4', 'Gem Management: 2', 'SQL: 2', 'HTML: 4', 'Data Structures: 2', 'Ruby: 1', 'Front-end Frameworks: 2', 'Performance Optimization: 4', 'Continuous Integration: 4'], 'soft': ['Client Management: 1', 'Civic Responsibility: 4', 'Cognitive Flexibility: 4', 'Goal Setting: 3', 'Adaptability to Change: 2', 'Civic Engagement: 1', 'Cultural Awareness: 4', 'Strategic Communication: 1', 'Visionary Thinking: 3', 'Change Management: 1', 'Facilitation Skills: 2', 'Mentoring Skills: 3']}"
Shelby,Ford,69813149,Uruguay,PHP Developer,sr1,"{'hard': ['Symfony: 2', 'Continuous Integration: 1', 'JavaScript: 3', 'Object-Oriented Programming: 2', 'API Development: 2', 'Performance Optimization: 1', 'HTML: 3', 'Security Best Practices: 1', 'Version Control: 2', 'Git: 1'], 'soft': ['Conflict Resolution: 1', 'Task Prioritization: 1', 'Service Orientation: 1', 'Open-mindedness: 3', 'Emotional Intelligence: 1', 'Public Relations: 2', 'Decision Making: 3', 'Situational Awareness: 3', 'Feedback Delivery: 1', 'Visionary Leadership: 3', 'Active Listening: 3', 'Leadership: 3']}"
Victoria,Branch,72007742,Colombia,Cobol Developer,ssr,"{'hard': ['Data Warehousing: 2', 'IBM z/OS: 1', 'DB2: 2', 'Change Management: 2', 'Micro Focus: 1'], 'soft': ['Civic Engagement: 2', 'Emotional Intelligence: 1', 'Critical Thinking: 2', 'Resilience: 2', 'Creativity: 2']}"
Kathleen,Marquez,38133881,Bolivia,Cybersecurity Engineer,ssr,"{'hard': ['Security Auditing: 1', 'Security Information and Event Management (SIEM): 1', 'Malware Analysis: 1', 'Encryption Techniques: 2', 'Compliance Standards (ISO, NIST): 2'], 'soft': ['Adaptability: 2', 'Critical Observation: 2', 'Cognitive Flexibility: 2', 'Research Skills: 2', 'Feedback Acceptance: 1']}"
Nancy,Thompson,20617570,Peru,Web Mobile Developer,sr3,"{'hard': ['Authentication Mechanisms: 2', 'Data Structures: 4', 'Network Communication: 4', 'Agile: 4', 'REST APIs: 3', 'Application Security: 5', 'CSS: 4', 'GraphQL: 2', 'Testing Frameworks: 4', 'Analytics Integration: 2', 'Deployment Techniques: 5', 'Performance Optimization: 2', 'Cross-Browser Compatibility: 4', 'Responsive Design: 2'], 'soft': ['Intuition: 5', 'Global Awareness: 4', 'Resource Allocation: 2', 'Responsibility: 4', 'Flexibility: 2', 'Mentoring: 5', 'Trust Building: 2', 'Emotional Intelligence: 5', 'Problem Analysis: 2', 'Cultural Competence: 3', 'Strategic Communication: 5', 'Negotiation Tactics: 3', 'Initiative: 5', 'Time Awareness: 4', 'Motivational Skills: 4']}"
Matthew,Lam,89473970,Mexico,Salesforce Developer,sr3,"{'hard': ['Debugging: 4', 'Triggers: 3', 'Security Best Practices: 4', 'Visualforce: 4', 'SOQL: 5', 'Data Structures: 3', 'Process Builder: 3', 'Deployment Techniques: 5', 'User Interface Design: 5', 'Integration with Third-party Services: 5', 'Lightning Web Components: 3', 'Git: 4', 'Workflows: 5', 'Reports and Dashboards: 5'], 'soft': ['Workplace Culture Awareness: 2', 'Process Improvement: 4', 'Conflict Management: 5', 'Public Speaking: 4', 'Technology Savvy: 4', 'Social Intelligence: 5', 'Diversity Awareness: 3', 'Negotiation: 4', 'Interpersonal Communication: 3', 'Decision Making: 4', 'Analytical Thinking: 4', 'Stress Management: 4', 'Delegation: 2', 'Client Management: 4', 'Interpersonal Skills: 5']}"
Jessica,Soto,64180586,Bolivia,IOT Platform Engineer,ssr,"{'hard': ['Data Processing: 1', 'Microservices Architecture: 2', 'Data Visualization: 2', 'Database Management: 1', 'Analytics Integration: 2'], 'soft': ['Initiative: 2', 'Stress Resilience: 2', 'Social Skills: 2', 'Persuasion: 2', 'Global Awareness: 2']}"
Barbara,Jones,12655590,Chile,.Net Developer,sr2,"{'hard': ['Entity Framework Core: 2', 'DevOps: 4', 'Web Services: 4', 'Unit Testing: 2', 'Visual Studio: 4', 'Containerization: 4', 'MVC: 3', 'TDD: 4', 'Microservices: 4', 'C#: 4'], 'soft': ['Resilience: 2', 'Goal Setting: 3', 'Work-Life Balance: 3', 'Trustworthiness: 2', 'Emotional Intelligence: 3', 'Resource Allocation: 4', 'Empathy: 3', 'Civic Engagement: 1', 'Civic Responsibility: 4', 'Innovation: 2', 'Negotiation: 2', 'Responsibility: 3']}"
Nicole,Burton,15025080,Mexico,Java Developer,sr2,"{'hard': ['Data Structures: 1', 'Maven: 3', 'Performance Tuning: 1', 'Docker: 1', 'Logging Frameworks: 1', 'JDBC: 2', 'API Development: 2', 'Git: 1', 'Hibernate: 2', 'Kubernetes: 1'], 'soft': ['Negotiation Tactics: 4', 'Technology Savvy: 1', 'Situational Awareness: 1', 'Self-Discipline: 2', 'Scientific Thinking: 3', 'Active Listening: 3', 'Trustworthiness: 2', 'Crisis Management: 3', 'Presentation Skills: 4', 'Cognitive Flexibility: 3', 'Mentoring Skills: 2', 'Research Skills: 3']}"
Kathleen,Rojas,75697074,Uruguay,Python Developer,sr2,"{'hard': ['Flask: 2', 'Algorithms: 3', 'Data Visualization: 2', 'Spark: 3', 'Machine Learning: 3', 'Jupyter Notebooks: 4', 'Matplotlib: 3', 'Concurrency: 2', 'Data Mining: 1', 'Selenium: 4'], 'soft': ['Research Skills: 2', 'Humility: 3', 'Self-Discipline: 1', 'Mentoring: 2', 'Quality Assurance: 3', 'Networking Skills: 4', 'Civic Responsibility: 3', 'Relationship Building: 3', 'Open-mindedness: 1', 'Social Skills: 3', 'Scientific Thinking: 4', 'Trust Building: 2']}"
Stephanie,Sanders,66865042,Uruguay,Data Engineer,sr1,"{'hard': ['Data Pipeline Development: 2', 'Data Architecture: 2', 'Testing and Validation: 2', 'Python: 2', 'Data Transformation: 2', 'Hadoop: 3', 'Data Integration Tools: 2', 'Data Quality Management: 3', 'Data Visualization Tools (Tableau, Power BI): 2', 'Cloud Data Solutions (AWS, Azure, GCP): 1'], 'soft': ['Crisis Communication: 1', 'Inclusivity: 2', 'Feedback Delivery: 2', 'Authenticity: 1', 'Civic Responsibility: 2', 'Strategic Thinking: 2', 'Collaboration: 2', 'Relationship Building: 3', 'Performance Management: 1', 'Visionary Leadership: 2', 'Risk Management: 2', 'Trustworthiness: 2']}"
Jeremy,Grant,69400585,Mexico,PHP Developer,sr2,"{'hard': ['MySQL: 3', 'Error Handling: 2', 'HTML: 4', 'CSS: 3', 'PHP: 2', 'Git: 2', 'Command Line Interface (CLI): 2', 'Continuous Integration: 1', 'User Authentication: 4', 'Laravel: 4'], 'soft': ['Leadership: 4', 'Customer Service: 4', 'Strategic Thinking: 3', 'Motivation: 3', 'Performance Management: 3', 'Initiative: 2', 'Work Ethic: 2', 'Critical Thinking: 4', 'Service Orientation: 2', 'Change Facilitation: 1', 'Positivity: 2', 'Conflict Resolution: 4']}"
Melissa,Nichols,54520594,Venezuela,Python Developer,jr,"{'hard': ['Web Scraping: 1', 'Selenium: 1', 'APIs: 1', 'Pytorch: 1', 'Data Structures: 1'], 'soft': ['Cultural Awareness: 1', 'Professionalism: 1', 'Innovation: 1', 'Collaboration: 1', 'Influencing: 1']}"
Jerry,Elliott,80857369,Peru,Android Mobile Developer,jr,"{'hard': ['Dagger: 1', 'JUnit: 1', 'UI/UX Design: 1', 'Material Design: 1', 'Firebase: 1'], 'soft': ['Writing Skills: 1', 'Problem Analysis: 1', 'Empathy: 1', 'Technology Savvy: 1', 'Learning Agility: 1']}"
Allison,Woods,11291444,Peru,Cobol Developer,ssr,"{'hard': ['IBM z/OS: 1', 'Business Logic: 2', 'CICS: 2', 'Change Management: 2', 'DB2: 2'], 'soft': ['Intuition: 1', 'Team Building: 1', 'Humility: 2', 'Negotiation Tactics: 1', 'Public Speaking: 2']}"
Lee,Walker,93623950,Argentina,Web Mobile Developer,sr1,"{'hard': ['Code Review: 3', 'Git: 1', 'Mobile First Design: 2', 'State Management: 1', 'Local Storage: 3', 'Debugging: 3', 'Progressive Web Apps (PWAs): 1', 'Frontend Frameworks: 1', 'Deployment Techniques: 1', 'REST APIs: 2'], 'soft': ['Integrity: 1', 'Active Listening: 1', 'Conflict Resolution: 2', 'Civic Responsibility: 3', 'Attention to Detail: 3', 'Team Building: 1', 'Emotional Intelligence: 2', 'Adaptability to Change: 2', 'Crisis Communication: 3', 'Work Ethic: 2', 'Responsibility: 3', 'Technology Savvy: 3']}"
Steven,Sawyer,67614318,Mexico,Sharepoint Developer,sr1,"{'hard': ['JavaScript: 1', 'PowerShell: 3', 'Team Sites: 3', 'HTML: 3', 'Debugging: 1', 'Agile: 1', 'Information Architecture: 1', 'CSS: 1', 'Git: 1', 'Testing Automation: 1'], 'soft': ['Time Awareness: 1', 'Goal Setting: 2', 'Performance Management: 1', 'Motivational Skills: 1', 'Customer Service: 2', 'Creativity: 2', 'Personality Awareness: 1', 'Negotiation: 2', 'Resilience: 3', 'Initiative: 3', 'Self-Discipline: 1', 'Mentoring Skills: 2']}"
Joseph,Garcia,53389328,Chile,Salesforce Developer,sr2,"{'hard': ['SOQL: 3', 'Business Process Automation: 2', 'Debugging: 1', 'Salesforce DX: 2', 'Salesforce Apex: 2', 'Custom Objects: 1', 'Lightning Web Components: 2', 'User Interface Design: 4', 'Reports and Dashboards: 3', 'Data Migration: 4'], 'soft': ['Resource Allocation: 1', 'Task Prioritization: 1', 'Stress Resilience: 1', 'Social Skills: 1', 'Empathy: 1', 'Ethical Judgment: 4', 'Crisis Communication: 3', 'Humility: 3', 'Interpersonal Skills: 4', 'Presentation Skills: 4', 'Stress Management: 1', 'Process Improvement: 1']}"
Elizabeth,Phillips,83519836,Ecuador,DevOps Engineer,sr1,"{'hard': ['Version Control (Git): 3', 'Backup Strategies: 1', 'Change Management: 1', 'Agile: 3', 'Infrastructure as Code (IaC): 1', 'Security Best Practices: 3', 'Automation Tools: 1', 'Networking: 2', 'Load Balancing: 1', 'Application Performance Monitoring (APM): 1'], 'soft': ['Persuasion: 2', 'Resilience: 1', 'Critical Observation: 3', 'Task Prioritization: 1', 'Innovation: 2', 'Self-Regulation: 3', 'Time Optimization: 2', 'Public Speaking: 1', 'Visionary Thinking: 2', 'Influencing: 3', 'Intuition: 3', 'Data Interpretation: 3']}"
Angela,Logan,31195226,Mexico,Sharepoint Developer,jr,"{'hard': ['Workflow Automation: 1', 'SharePoint Online: 1', 'Testing Automation: 1', 'REST APIs: 1', 'SharePoint Framework (SPFx): 1'], 'soft': ['Research Skills: 1', 'Communication: 1', 'Trustworthiness: 1', 'Mentoring Skills: 1', 'Self-Regulation: 1']}"
Christopher,Ballard,99283072,Uruguay,PHP Developer,sr2,"{'hard': ['Laravel: 4', 'MVC Architecture: 3', 'Data Structures: 3', 'API Development: 1', 'User Authentication: 1', 'Caching Techniques: 2', 'Database Design: 4', 'Error Handling: 1', 'XML: 3', 'Git: 1'], 'soft': ['Personality Awareness: 2', 'Change Facilitation: 3', 'Trust Building: 3', 'Interpersonal Communication: 3', 'Decision Making: 3', 'Cultural Competence: 4', 'Communication: 1', 'Risk Management: 2', 'Customer Service: 2', 'Flexibility: 1', 'Civic Engagement: 3', 'Trustworthiness: 4']}"
Adrian,Byrd,18409209,Colombia,DevOps Engineer,jr,"{'hard': ['Server Management: 1', 'Security Best Practices: 1', 'Automation Tools: 1', 'Release Management: 1', 'Agile: 1'], 'soft': ['Intellectual Curiosity: 1', 'Flexibility: 1', 'Negotiation Tactics: 1', 'Leadership: 1', 'Creativity: 1']}"
Nicole,Phillips,97725520,Venezuela,Java Developer,sr1,"{'hard': ['Spring Boot: 2', 'JPA: 2', 'Thread Management: 2', 'Maven: 3', 'Java: 1', 'Continuous Integration: 1', 'Multi-threading: 2', 'JSON: 3', 'Java EE: 3', 'Spring: 2'], 'soft': ['Inclusivity: 2', 'Conflict Resolution: 2', 'Civic Engagement: 2', 'Risk Management: 1', 'Flexibility: 2', 'Active Listening: 3', 'Interpersonal Skills: 1', 'Motivational Skills: 3', 'Mentoring: 1', 'Change Management: 3', 'Process Improvement: 2', 'Personality Awareness: 2']}"
Stephanie,Edwards,97088934,Paraguay,Sharepoint Developer,sr2,"{'hard': ['SQL Server: 2', 'HTML: 2', 'ASP.NET: 4', 'REST APIs: 1', 'Business Intelligence: 1', 'Version Control: 2', 'Custom Web Parts: 2', 'Performance Optimization: 2', 'Testing Automation: 3', 'JavaScript: 3'], 'soft': ['Integrity: 2', 'Delegation: 2', 'Adaptability to Change: 1', 'Leadership: 3', 'Stress Management: 2', 'Critical Observation: 2', 'Visionary Leadership: 4', 'Open-mindedness: 2', 'Adaptability: 4', 'Communication: 2', 'Influencing: 2', 'Innovation: 3']}"
Lisa,Rasmussen,17620913,Argentina,Game Developer,ssr,"{'hard': ['Animation: 2', 'Physics Simulation: 2', 'Live Ops: 1', 'Asset Management: 2', 'Visual Scripting: 2'], 'soft': ['Creativity: 2', 'Situational Awareness: 1', 'Customer Service: 1', 'Stress Resilience: 2', 'Networking Skills: 2']}"
Nicole,Williams,64226263,Bolivia,Cybersecurity Engineer,jr,"{'hard': ['Network Security: 1', 'Agile: 1', 'Data Protection: 1', 'Security Auditing: 1', 'Authentication Mechanisms: 1'], 'soft': ['Adaptability: 1', 'Interpersonal Skills: 1', 'Strategic Communication: 1', 'Leadership: 1', 'Responsibility: 1']}"
Zoe,Williams,68316833,Colombia,Cloud Engineer,ssr,"{'hard': ['Automation Tools: 2', 'Infrastructure as Code (IaC): 1', 'Performance Tuning: 2', 'Docker: 1', 'Scripting (Python, Bash): 1'], 'soft': ['Work-Life Balance: 2', 'Humility: 1', 'Learning Agility: 1', 'Strategic Communication: 1', 'Workplace Culture Awareness: 1']}"
Jennifer,Shelton,80071124,Uruguay,Flutter Developer,sr1,"{'hard': ['Platform Channels: 1', 'Versioning: 1', 'Asynchronous Programming: 1', 'Debugging: 1', 'Code Refactoring: 1', 'Testing: 3', 'Agile: 2', 'Firebase: 3', 'Dart: 1', 'Cross-Platform Development: 1'], 'soft': ['Learning Agility: 2', 'Critical Observation: 3', 'Innovation: 1', 'Goal Setting: 2', 'Team Building: 2', 'Change Management: 3', 'Time Awareness: 3', 'Crisis Communication: 3', 'Responsibility: 1', 'Creativity: 3', 'Professionalism: 1', 'Visionary Thinking: 2']}"
Krista,Miller,24878855,Chile,DevOps Engineer,sr3,"{'hard': ['Kubernetes: 4', 'Database Management: 4', 'AWS: 3', 'Scripting (Bash, Python): 4', 'Disaster Recovery: 3', 'Backup Strategies: 3', 'Configuration Management: 2', 'Release Management: 3', 'Load Balancing: 3', 'Monitoring and Logging: 3', 'Testing Automation: 4', 'Cloud Services: 5', 'User Access Control: 3', 'Change Management: 4'], 'soft': ['Professionalism: 4', 'Time Optimization: 3', 'Mentoring Skills: 2', 'Risk Management: 3', 'Influencing: 5', 'Presentation Skills: 4', 'Strategic Communication: 5', 'Innovation: 4', 'Problem Solving: 3', 'Time Management: 4', 'Inclusivity: 3', 'Self-Discipline: 4', 'Process Improvement: 5', 'Civic Responsibility: 2', 'Motivational Skills: 2']}"
Daniel,Wright,30654629,Colombia,DevOps Engineer,sr2,"{'hard': ['Continuous Integration/Continuous Deployment (CI/CD): 2', 'Collaboration Tools: 2', 'Automation Tools: 4', 'Load Balancing: 3', 'Scripting (Bash, Python): 2', 'Release Management: 2', 'Application Performance Monitoring (APM): 1', 'Database Management: 3', 'Azure: 1', 'Monitoring and Logging: 2'], 'soft': ['Customer Service: 2', 'Process Improvement: 1', 'Critical Thinking: 2', 'Cultural Competence: 4', 'Innovation: 1', 'Work-Life Balance: 3', 'Problem Analysis: 2', 'Resilience: 4', 'Crisis Communication: 3', 'Influencing: 2', 'Civic Engagement: 1', 'Crisis Management: 4']}"
Amy,Luna,24270691,Colombia,IOT Platform Engineer,sr1,"{'hard': ['Real-time Data Processing: 1', 'Interoperability Standards: 3', 'Scripting (Python, JavaScript): 2', 'Cloud Computing: 3', 'Version Control: 2', 'Sensor Technologies: 1', 'Testing and Validation: 2', 'Big Data Technologies: 1', 'API Development: 2', 'IoT Protocols (MQTT, CoAP): 1'], 'soft': ['Networking Skills: 3', 'Intellectual Curiosity: 2', 'Social Intelligence: 1', 'Adaptability: 3', 'Creativity: 3', 'Leadership: 2', 'Inclusivity: 2', 'Virtual Collaboration: 2', 'Scientific Thinking: 3', 'Strategic Thinking: 3', 'Active Listening: 3', 'Civic Engagement: 2']}"
Steven,Morales,69088159,Uruguay,PHP Developer,sr2,"{'hard': ['Performance Optimization: 4', 'Database Design: 3', 'Security Best Practices: 3', 'Composer: 3', 'Web Services: 3', 'JavaScript: 1', 'Frameworks (CodeIgniter): 3', 'CSS: 1', 'REST APIs: 1', 'Unit Testing: 2'], 'soft': ['Communication: 2', 'Work Ethic: 2', 'Entrepreneurial Mindset: 1', 'Adaptability to Change: 3', 'Active Listening: 1', 'Public Relations: 4', 'Trust Building: 2', 'Risk Management: 2', 'Humility: 2', 'Inclusivity: 2', 'Self-Regulation: 1', 'Motivation: 4']}"
Nicole,Lindsey,95529582,Uruguay,Cloud Engineer,sr1,"{'hard': ['Resource Allocation: 2', 'Kubernetes: 3', 'Serverless Computing: 1', 'Service Mesh: 1', 'Agile: 2', 'Backup and Recovery: 2', 'Google Cloud Platform: 2', 'Configuration Management: 1', 'Event-Driven Architecture: 1', 'Performance Tuning: 2'], 'soft': ['Cultural Awareness: 3', 'Empathy: 2', 'Interpersonal Skills: 3', 'Research Skills: 1', 'Self-Regulation: 1', 'Customer Service: 1', 'Virtual Collaboration: 2', 'Negotiation: 3', 'Resourcefulness: 2', 'Scientific Thinking: 1', 'Flexibility: 2', 'Change Management: 3']}"
Barry,Gillespie,64661452,Uruguay,Web UI Developer,ssr,"{'hard': ['HTML: 2', 'Responsive Design: 1', 'CSS: 2', 'Animations: 1', 'Color Theory: 2'], 'soft': ['Virtual Collaboration: 2', 'Networking Skills: 2', 'Work-Life Balance: 1', 'Self-Discipline: 2', 'Problem Solving: 1']}"
James,Kirby,41103915,Uruguay,DevOps Engineer,sr1,"{'hard': ['Agile: 3', 'Configuration Management: 2', 'Networking: 2', 'AWS: 2', 'Microservices Architecture: 1', 'Scripting (Bash, Python): 3', 'Azure: 3', 'Performance Tuning: 2', 'Automation Tools: 2', 'Server Management: 3'], 'soft': ['Work-Life Balance: 3', 'Negotiation Tactics: 3', 'Mentoring Skills: 1', 'Positivity: 2', 'Social Intelligence: 3', 'Presentation Skills: 1', 'Critical Thinking: 3', 'Conflict Management: 3', 'Humility: 1', 'Networking: 1', 'Interpersonal Communication: 1', 'Problem Solving: 1']}"
Lindsay,Mann,29445026,Uruguay,Test Automation Engineer,sr1,"{'hard': ['Agile: 1', 'Cross-Browser Testing: 1', 'Test Environment Setup: 3', 'Test Management Tools: 2', 'Mocking Frameworks: 3', 'User Interface Testing: 3', 'Cypress: 1', 'Security Testing: 1', 'JavaScript: 3', 'Performance Testing: 1'], 'soft': ['Problem Analysis: 1', 'Intuition: 2', 'Analytical Thinking: 1', 'Interpersonal Skills: 2', 'Innovation: 2', 'Writing Skills: 3', 'Intellectual Curiosity: 1', 'Visionary Thinking: 1', 'Creativity: 1', 'Mentoring Skills: 3', 'Cognitive Flexibility: 3', 'Work Ethic: 2']}"
Gregory,Rose,17719978,Bolivia,IOT Platform Engineer,ssr,"{'hard': ['Remote Device Monitoring: 2', 'Agile: 1', 'Device Management: 2', 'Scripting (Python, JavaScript): 2', 'Data Analytics: 2'], 'soft': ['Work-Life Balance: 2', 'Innovation: 1', 'Feedback Delivery: 2', 'Inclusivity: 1', 'Empathy: 1']}"
Tonya,Martin,17647964,Chile,IOT Platform Engineer,sr2,"{'hard': ['IoT Protocols (MQTT, CoAP): 3', 'Embedded Systems: 2', 'Device Management: 3', 'Scripting (Python, JavaScript): 4', 'Data Processing: 3', 'Testing and Validation: 2', 'User Interface Design: 4', 'Interoperability Standards: 3', 'Database Management: 3', 'Real-time Data Processing: 2'], 'soft': ['Emotional Intelligence: 1', 'Authenticity: 4', 'Social Intelligence: 2', 'Change Facilitation: 1', 'Risk Management: 2', 'Resilience: 2', 'Writing Skills: 4', 'Initiative: 4', 'Task Prioritization: 4', 'Public Speaking: 4', 'Change Management: 2', 'Learning Agility: 4']}"
Susan,Morgan,21771228,Paraguay,NodeJs Developer,jr,"{'hard': ['Node.js: 1', 'Unit Testing: 1', 'Performance Optimization: 1', 'Debugging: 1', 'SQL: 1'], 'soft': ['Public Relations: 1', 'Creativity: 1', 'Communication: 1', 'Self-Regulation: 1', 'Mentoring Skills: 1']}"
Jennifer,Walls,78987762,Peru,Test Automation Engineer,sr3,"{'hard': ['Cloud Testing: 3', 'Test Case Design: 4', 'Cypress: 4', 'Automation Strategy: 4', 'JavaScript: 3', 'Appium: 2', 'Agile: 4', 'Performance Testing: 5', 'Load Testing: 4', 'Test Management Tools: 3', 'Data-Driven Testing: 2', 'Defect Tracking: 5', 'Java: 2', 'Scripting: 3'], 'soft': ['Cultural Competence: 2', 'Civic Engagement: 5', 'Client Management: 4', 'Decision Making: 5', 'Negotiation: 2', 'Emotional Intelligence: 5', 'Self-Discipline: 5', 'Strategic Thinking: 3', 'Emotional Resilience: 4', 'Social Intelligence: 5', 'Trustworthiness: 5', 'Innovation: 2', 'Performance Management: 3', 'Positivity: 4', 'Inclusivity: 4']}"
Juan,Ramirez,48621118,Uruguay,NodeJs Developer,sr2,"{'hard': ['Data Structures: 4', 'AWS: 4', 'SQL: 2', 'Error Handling: 3', 'Redis: 4', 'Logging Frameworks: 3', 'Agile: 3', 'API Development: 3', 'Express.js: 4', 'CI/CD: 4'], 'soft': ['Resource Allocation: 2', 'Scientific Thinking: 2', 'Feedback Acceptance: 1', 'Stress Resilience: 3', 'Risk Management: 4', 'Personality Awareness: 1', 'Motivation: 4', 'Flexibility: 4', 'Creativity: 3', 'Team Building: 2', 'Initiative: 4', 'Social Skills: 3']}"
Nancy,Griffin,41954296,Peru,Salesforce Developer,sr1,"{'hard': ['Change Sets: 3', 'User Authentication: 3', 'Workflows: 1', 'User Interface Design: 2', 'Git: 1', 'Salesforce CRM: 1', 'API Development: 2', 'Salesforce Apex: 3', 'Triggers: 2', 'Sales Cloud: 2'], 'soft': ['Team Building: 1', 'Global Awareness: 3', 'Influencing: 1', 'Interpersonal Skills: 2', 'Time Awareness: 3', 'Facilitation Skills: 3', 'Adaptability: 2', 'Strategic Communication: 1', 'Resilience: 3', 'Visionary Leadership: 1', 'Self-Confidence: 3', 'Visionary Thinking: 2']}"
Thomas,Smith,20745452,Colombia,PHP Developer,ssr,"{'hard': ['Laravel: 2', 'Web Services: 1', 'Continuous Integration: 2', 'PHP: 2', 'Error Handling: 1'], 'soft': ['Persuasion: 1', 'Empathy: 1', 'Initiative: 1', 'Team Building: 1', 'Active Listening: 2']}"
Benjamin,Jackson,71867835,Mexico,Sharepoint Developer,sr3,"{'hard': ['C#: 2', 'Document Libraries: 3', 'User Interface Design: 5', 'Information Architecture: 5', 'SQL Server: 4', 'Microsoft Flow: 4', 'Debugging: 3', 'JavaScript: 3', 'User Authentication: 5', 'Workflow Automation: 2', 'Data Migration: 2', 'REST APIs: 5', 'Team Sites: 4', 'HTML: 5'], 'soft': ['Feedback Acceptance: 2', 'Authenticity: 2', 'Self-Confidence: 3', 'Time Management: 2', 'Open-mindedness: 4', 'Delegation: 5', 'Negotiation Tactics: 5', 'Civic Engagement: 3', 'Active Listening: 3', 'Visionary Thinking: 3', 'Resourcefulness: 5', 'Service Orientation: 5', 'Critical Thinking: 3', 'Facilitation Skills: 5', 'Positivity: 3']}"
Travis,Long,34771405,Paraguay,Game Developer,sr3,"{'hard': ['Cross-platform Development: 4', 'Game Analytics: 3', 'Game Testing: 5', 'Animation: 5', 'Game Design: 2', 'Debugging: 3', 'Storyboarding: 2', 'Agile: 4', 'Version Control (Git): 3', 'Sound Design: 2', 'Shader Programming: 2', 'Graphics Programming: 4', 'Level Design: 4', 'Live Ops: 4'], 'soft': ['Motivation: 2', 'Time Optimization: 5', 'Goal Setting: 3', 'Situational Awareness: 4', 'Diversity Awareness: 5', 'Creativity: 5', 'Workplace Culture Awareness: 4', 'Inclusivity: 5', 'Open-mindedness: 3', 'Intellectual Curiosity: 4', 'Analytical Thinking: 2', 'Performance Management: 2', 'Feedback Acceptance: 3', 'Negotiation Tactics: 2', 'Feedback Delivery: 5']}"
Sean,Odonnell,91001219,Paraguay,.Net Developer,sr2,"{'hard': ['Version Control (Git): 2', 'Entity Framework Core: 1', '.NET Core: 2', 'Code Review: 2', 'Unit Testing: 3', 'JavaScript: 4', 'Web API: 3', 'User Authentication: 2', 'Containerization: 3', 'DevOps: 3'], 'soft': ['Delegation: 3', 'Stress Management: 3', 'Global Awareness: 3', 'Networking Skills: 3', 'Persuasion: 3', 'Flexibility: 3', 'Time Awareness: 2', 'Critical Thinking: 2', 'Responsibility: 2', 'Conflict Management: 3', 'Presentation Skills: 4', 'Research Skills: 4']}"
Gregory,Hale,84345595,Paraguay,Flutter Developer,sr3,"{'hard': ['Continuous Integration: 4', 'Network Connectivity: 5', 'Platform Channels: 3', 'Error Handling: 4', 'Agile: 4', 'Versioning: 3', 'RESTful APIs: 2', 'Localization: 4', 'Code Refactoring: 5', 'Accessibility Features: 3', 'Security Best Practices: 4', 'Dart: 2', 'Debugging: 4', 'App Deployment: 4'], 'soft': ['Leadership: 5', 'Cognitive Flexibility: 4', 'Entrepreneurial Mindset: 3', 'Authenticity: 3', 'Emotional Intelligence: 2', 'Creativity: 4', 'Ethical Judgment: 3', 'Professionalism: 5', 'Resourcefulness: 4', 'Situational Awareness: 4', 'Negotiation: 3', 'Personality Awareness: 2', 'Writing Skills: 2', 'Problem Analysis: 3', 'Trust Building: 3']}"
Danielle,Flowers,58999160,Argentina,DevOps Engineer,jr,"{'hard': ['AWS: 1', 'Backup Strategies: 1', 'Database Management: 1', 'API Management: 1', 'Cloud Services: 1'], 'soft': ['Ethical Judgment: 1', 'Strategic Communication: 1', 'Self-Discipline: 1', 'Intuition: 1', 'Technology Savvy: 1']}"
Diana,Garcia,12159826,Chile,Web UI Developer,sr1,"{'hard': ['CSS: 2', 'Web Design Principles: 2', 'JavaScript: 2', 'Responsive Design: 3', 'Angular: 1', 'Progressive Enhancement: 2', 'Debugging: 2', 'Accessibility Standards: 3', 'User Interaction Design: 3', 'Image Optimization: 3'], 'soft': ['Teamwork: 1', 'Social Skills: 2', 'Self-Regulation: 2', 'Learning Agility: 3', 'Time Management: 2', 'Service Orientation: 2', 'Inclusivity: 1', 'Emotional Intelligence: 3', 'Cognitive Flexibility: 1', 'Negotiation: 1', 'Conflict Management: 3', 'Persuasion: 1']}"
Ricky,Adams,71989941,Venezuela,Ruby Developer,sr1,"{'hard': ['JavaScript: 1', 'Security Best Practices: 1', 'User Authentication: 2', 'Integration with Third-party APIs: 3', 'HTML: 3', 'Data Structures: 2', 'Agile: 2', 'Debugging: 3', 'Version Control: 3', 'Testing Frameworks (RSpec): 3'], 'soft': ['Self-Discipline: 1', 'Process Improvement: 1', 'Motivational Skills: 3', 'Persuasion: 1', 'Negotiation Tactics: 3', 'Stress Resilience: 3', 'Decision Making: 3', 'Initiative: 2', 'Analytical Thinking: 2', 'Mentoring: 2', 'Intellectual Curiosity: 1', 'Flexibility: 3']}"
Cheyenne,Gonzalez,59719323,Peru,SQL Developer,sr3,"{'hard': ['Business Intelligence Tools: 5', 'Data Quality Management: 2', 'Integration with Third-party Tools: 4', 'Backup and Recovery: 5', 'Stored Procedures: 4', 'Reporting Tools: 3', 'Data Migration: 4', 'T-SQL: 3', 'Query Optimization: 4', 'Triggers: 2', 'Debugging: 5', 'Data Governance: 4', 'Database Design: 2', 'Version Control: 4'], 'soft': ['Professionalism: 2', 'Motivational Skills: 5', 'Intuition: 5', 'Change Management: 5', 'Entrepreneurial Mindset: 2', 'Personality Awareness: 2', 'Customer Service: 3', 'Empathy: 3', 'Performance Management: 4', 'Virtual Collaboration: 2', 'Team Building: 2', 'Technology Savvy: 4', 'Analytical Thinking: 3', 'Research Skills: 4', 'Visionary Leadership: 2']}"
Brittany,Moore,17246678,Venezuela,Java Developer,sr3,"{'hard': ['Spring Boot: 2', 'Docker: 3', 'JSON: 2', 'Algorithms: 2', 'Cloud Services: 3', 'JavaFX: 2', 'XML: 2', 'Maven: 5', 'Spring: 4', 'Multi-threading: 5', 'Thread Management: 4', 'Microservices: 2', 'JDBC: 3', 'REST APIs: 4'], 'soft': ['Civic Engagement: 2', 'Problem Analysis: 3', 'Customer Service: 2', 'Negotiation: 3', 'Feedback Acceptance: 2', 'Global Awareness: 5', 'Interpersonal Communication: 2', 'Motivational Skills: 5', 'Emotional Intelligence: 4', 'Technology Savvy: 4', 'Interpersonal Skills: 2', 'Stress Resilience: 3', 'Trustworthiness: 5', 'Goal Setting: 5', 'Authenticity: 5']}"
Ryan,Smith,46570532,Paraguay,.Net Developer,jr,"{'hard': ['Dependency Injection: 1', 'MVC: 1', '.NET Core: 1', 'Containerization: 1', 'ASP.NET: 1'], 'soft': ['Open-mindedness: 1', 'Team Building: 1', 'Emotional Intelligence: 1', 'Workplace Culture Awareness: 1', 'Professionalism: 1']}"
Steven,Ferguson,73036233,Mexico,.Net Developer,jr,"{'hard': ['ASP.NET: 1', 'C#: 1', 'Entity Framework: 1', 'JavaScript: 1', 'LINQ: 1'], 'soft': ['Motivation: 1', 'Scientific Thinking: 1', 'Interpersonal Communication: 1', 'Resource Allocation: 1', 'Humility: 1']}"
Kathleen,Garcia,10297838,Paraguay,Web UI Developer,sr3,"{'hard': ['React: 4', 'Front-End Frameworks: 2', 'Microinteractions: 4', 'Performance Optimization: 5', 'Progressive Enhancement: 2', 'Accessibility Standards: 2', 'State Management: 3', 'Color Theory: 5', 'Image Optimization: 4', 'Git: 3', 'Design Systems: 4', 'SEO Best Practices: 3', 'REST APIs: 5', 'Angular: 5'], 'soft': ['Team Building: 4', 'Motivational Skills: 3', 'Adaptability: 2', 'Stress Resilience: 2', 'Conflict Management: 3', 'Teamwork: 5', 'Critical Thinking: 3', 'Writing Skills: 5', 'Presentation Skills: 3', 'Communication: 3', 'Crisis Management: 5', 'Virtual Collaboration: 3', 'Emotional Intelligence: 2', 'Coaching: 5', 'Time Management: 5']}"
Victoria,Peters,44161012,Mexico,iOS Mobile Developer,sr2,"{'hard': ['Git: 3', 'Security Best Practices: 2', 'Firebase: 1', 'Design Patterns: 1', 'Core Data: 1', 'Multithreading: 4', 'User Interface Design: 4', 'Third-party Libraries: 4', 'Objective-C: 4', 'Reactive Programming: 4'], 'soft': ['Technology Savvy: 2', 'Risk Management: 2', 'Learning Agility: 3', 'Change Management: 1', 'Cultural Competence: 1', 'Time Optimization: 3', 'Influencing: 3', 'Feedback Acceptance: 4', 'Research Skills: 1', 'Resilience: 1', 'Humility: 3', 'Analytical Thinking: 3']}"
Brian,Hart,39006023,Peru,Game Developer,ssr,"{'hard': ['Procedural Generation: 1', 'Game Testing: 2', 'Multiplayer Networking: 1', 'Game Prototyping: 1', 'Debugging: 1'], 'soft': ['Stress Management: 1', 'Resilience: 1', 'Customer Service: 2', 'Work-Life Balance: 2', 'Persuasion: 2']}"
Lindsay,Hayden,72954040,Colombia,Ruby Developer,jr,"{'hard': ['Ruby on Rails: 1', 'MVC Architecture: 1', 'Data Structures: 1', 'Integration with Third-party APIs: 1', 'User Authentication: 1'], 'soft': ['Scientific Thinking: 1', 'Entrepreneurial Mindset: 1', 'Writing Skills: 1', 'Self-Regulation: 1', 'Civic Responsibility: 1']}"
Lisa,Daniels,83166473,Bolivia,Cybersecurity Engineer,ssr,"{'hard': ['Intrusion Detection Systems (IDS): 2', 'Data Protection: 2', 'Incident Response: 2', 'Incident Management: 1', 'Threat Intelligence: 2'], 'soft': ['Emotional Resilience: 2', 'Social Intelligence: 1', 'Strategic Communication: 2', 'Empathy: 1', 'Situational Awareness: 1']}"
William,Flores,13431144,Colombia,Cloud Engineer,sr1,"{'hard': ['Infrastructure as Code (IaC): 1', 'Version Control (Git): 3', 'Disaster Recovery Planning: 1', 'AWS: 1', 'Cloud Architecture: 3', 'Service Mesh: 2', 'Scripting (Python, Bash): 3', 'Google Cloud Platform: 1', 'Networking: 2', 'Database Management: 1'], 'soft': ['Leadership: 1', 'Adaptability: 1', 'Process Improvement: 3', 'Strategic Thinking: 2', 'Active Listening: 1', 'Problem Analysis: 3', 'Relationship Building: 2', 'Writing Skills: 2', 'Change Facilitation: 2', 'Flexibility: 2', 'Public Speaking: 2', 'Self-Confidence: 2']}"
Dennis,Mercado,59846484,Peru,Android Mobile Developer,sr1,"{'hard': ['REST APIs: 2', 'Constraint Layout: 3', 'Data Binding: 1', 'Performance Tuning: 2', 'Retrofit: 2', 'Android Architecture Components: 3', 'RxJava: 2', 'Security Best Practices: 1', 'Kotlin: 1', 'XML: 1'], 'soft': ['Mentoring: 1', 'Learning Agility: 3', 'Customer Service: 1', 'Social Skills: 3', 'Global Awareness: 2', 'Teamwork: 1', 'Networking: 2', 'Stress Resilience: 2', 'Data Interpretation: 1', 'Crisis Management: 1', 'Self-Discipline: 2', 'Delegation: 2']}"
Bruce,Gould,30722242,Colombia,Data Engineer,ssr,"{'hard': ['Data Lakes: 2', 'Performance Tuning: 2', 'Data Transformation: 2', 'Data Security: 1', 'SQL: 2'], 'soft': ['Public Relations: 2', 'Facilitation Skills: 2', 'Crisis Management: 2', 'Delegation: 1', 'Ethical Judgment: 1']}"
Angela,Hanson,48359258,Ecuador,.Net Developer,sr1,"{'hard': ['Visual Studio: 2', 'SignalR: 2', 'HTML/CSS: 3', 'REST APIs: 2', 'SQL Server: 2', 'Performance Optimization: 3', 'Entity Framework: 1', 'Agile: 1', 'Cloud Services (Azure): 3', 'MVC: 1'], 'soft': ['Mentoring: 1', 'Change Management: 3', 'Technology Savvy: 2', 'Cognitive Flexibility: 3', 'Scientific Thinking: 3', 'Goal Setting: 2', 'Presentation Skills: 1', 'Professionalism: 3', 'Time Optimization: 3', 'Relationship Building: 3', 'Empathy: 2', 'Initiative: 1']}"
Stanley,Singleton,18280201,Bolivia,Cloud Engineer,sr2,"{'hard': ['AWS: 4', 'Data Storage Solutions: 3', 'Agile: 3', 'Cloud Architecture: 1', 'Backup and Recovery: 4', 'Cloud Security: 2', 'Load Balancing: 3', 'Database Management: 3', 'Docker: 1', 'Version Control (Git): 4'], 'soft': ['Motivational Skills: 4', 'Time Management: 3', 'Resource Allocation: 2', 'Critical Thinking: 1', 'Coaching: 3', 'Writing Skills: 3', 'Problem Solving: 4', 'Task Prioritization: 4', 'Strategic Thinking: 1', 'Goal Setting: 4', 'Customer Service: 3', 'Presentation Skills: 4']}"
Travis,Shaw,61349316,Venezuela,NodeJs Developer,jr,"{'hard': ['Version Control: 1', 'Agile: 1', 'AWS: 1', 'Error Handling: 1', 'MongoDB: 1'], 'soft': ['Social Skills: 1', 'Motivation: 1', 'Self-Confidence: 1', 'Self-Motivation: 1', 'Empathy: 1']}"
Paige,Greene,68289115,Mexico,NodeJs Developer,ssr,"{'hard': ['Middleware: 2', 'Debugging: 2', 'AWS: 1', 'Microservices: 1', 'TypeScript: 1'], 'soft': ['Cultural Awareness: 2', 'Risk Management: 1', 'Initiative: 1', 'Relationship Building: 2', 'Decision Making: 2']}"
Traci,Hernandez,30366377,Uruguay,NodeJs Developer,ssr,"{'hard': ['Error Handling: 2', 'Microservices: 2', 'API Development: 1', 'Socket.io: 1', 'Node.js: 2'], 'soft': ['Leadership: 1', 'Civic Engagement: 2', 'Integrity: 2', 'Self-Discipline: 1', 'Research Skills: 1']}"
Michael,Torres,51723326,Colombia,IOT Platform Engineer,sr2,"{'hard': ['Network Security: 4', 'Embedded Systems: 3', 'User Authentication: 2', 'IoT Protocols (MQTT, CoAP): 1', 'Deployment Techniques: 1', 'Sensor Technologies: 3', 'Testing and Validation: 1', 'Edge Computing: 3', 'Data Visualization: 4', 'Agile: 3'], 'soft': ['Delegation: 2', 'Situational Awareness: 3', 'Interpersonal Communication: 3', 'Communication: 1', 'Cognitive Flexibility: 3', 'Strategic Thinking: 1', 'Time Management: 1', 'Self-Discipline: 4', 'Civic Responsibility: 1', 'Workplace Culture Awareness: 3', 'Quality Assurance: 4', 'Change Management: 1']}"
Brian,Mccoy,18363082,Paraguay,Flutter Developer,ssr,"{'hard': ['Code Refactoring: 1', 'Error Handling: 1', 'Material Design: 2', 'Flutter: 1', 'Localization: 1'], 'soft': ['Civic Responsibility: 2', 'Service Orientation: 1', 'Leadership: 1', 'Trust Building: 1', 'Emotional Intelligence: 2']}"
Amanda,Mcknight,59165909,Chile,DevOps Engineer,ssr,"{'hard': ['Disaster Recovery: 2', 'AWS: 2', 'API Management: 2', 'Performance Tuning: 1', 'Server Management: 1'], 'soft': ['Open-mindedness: 2', 'Attention to Detail: 1', 'Authenticity: 2', 'Emotional Intelligence: 2', 'Feedback Delivery: 2']}"
Marc,Crawford,43159948,Colombia,DevOps Engineer,jr,"{'hard': ['Server Management: 1', 'Disaster Recovery: 1', 'Networking: 1', 'Infrastructure as Code (IaC): 1', 'Change Management: 1'], 'soft': ['Creativity: 1', 'Attention to Detail: 1', 'Ethical Judgment: 1', 'Stress Resilience: 1', 'Innovation: 1']}"
Nicholas,Schneider,89637739,Paraguay,IOT Platform Engineer,sr2,"{'hard': ['Version Control: 1', 'Device Connectivity: 3', 'Remote Device Monitoring: 4', 'User Authentication: 2', 'Edge Computing: 4', 'Cloud Computing: 2', 'Data Visualization: 3', 'Real-time Data Processing: 3', 'User Interface Design: 1', 'Microservices Architecture: 4'], 'soft': ['Goal Setting: 1', 'Social Intelligence: 2', 'Task Prioritization: 3', 'Change Management: 4', 'Process Improvement: 2', 'Writing Skills: 3', 'Crisis Communication: 1', 'Stress Resilience: 2', 'Workplace Culture Awareness: 3', 'Creativity: 1', 'Mentoring Skills: 2', 'Learning Agility: 3']}"
Peter,Ayers,14693472,Argentina,Flutter Developer,ssr,"{'hard': ['App Deployment: 2', 'Accessibility Features: 1', 'Version Control (Git): 1', 'Dart: 2', 'UI/UX Design: 1'], 'soft': ['Situational Awareness: 2', 'Positivity: 2', 'Self-Discipline: 2', 'Performance Management: 1', 'Stress Resilience: 1']}"
Brian,Cordova,83598304,Mexico,Ruby Developer,jr,"{'hard': ['Deployment Techniques: 1', 'Front-end Frameworks: 1', 'Testing Frameworks (RSpec): 1', 'MVC Architecture: 1', 'Database Design: 1'], 'soft': ['Public Relations: 1', 'Quality Assurance: 1', 'Goal Setting: 1', 'Cultural Competence: 1', 'Teamwork: 1']}"
Evelyn,Montgomery,28212033,Paraguay,NodeJs Developer,sr2,"{'hard': ['Frontend Frameworks (React/Vue): 2', 'Version Control: 2', 'Redis: 2', 'Docker: 3', 'Mocha: 3', 'Postman: 4', 'Git: 3', 'Error Handling: 4', 'Chai: 2', 'CI/CD: 4'], 'soft': ['Critical Observation: 2', 'Resource Allocation: 2', 'Networking: 2', 'Adaptability to Change: 1', 'Time Management: 1', 'Writing Skills: 2', 'Stress Management: 4', 'Crisis Communication: 4', 'Strategic Thinking: 3', 'Professionalism: 3', 'Mentoring: 3', 'Self-Confidence: 1']}"
Thomas,Ferguson,43644248,Venezuela,.Net Developer,sr1,"{'hard': ['Cloud Services (Azure): 2', 'Version Control (Git): 2', 'Entity Framework Core: 3', 'TDD: 2', 'REST APIs: 1', 'Visual Studio: 3', 'User Authentication: 2', 'SQL Server: 2', '.NET Core: 3', 'JavaScript: 2'], 'soft': ['Data Interpretation: 1', 'Open-mindedness: 1', 'Feedback Delivery: 1', 'Resourcefulness: 2', 'Task Prioritization: 3', 'Motivational Skills: 3', 'Problem Solving: 3', 'Self-Confidence: 3', 'Coaching: 2', 'Influencing: 1', 'Personality Awareness: 2', 'Team Building: 1']}"
Jared,Kelley,88545646,Argentina,Web UI Developer,sr3,"{'hard': ['Responsive Design: 2', 'Typography: 5', 'State Management: 2', 'Progressive Enhancement: 3', 'User Interaction Design: 3', 'React: 3', 'Color Theory: 2', 'Performance Optimization: 3', 'Agile: 4', 'HTML: 3', 'Web Standards: 5', 'Design Systems: 5', 'Testing Frameworks (Jest, Mocha): 3', 'Debugging: 2'], 'soft': ['Work Ethic: 4', 'Active Listening: 4', 'Adaptability: 4', 'Problem Analysis: 2', 'Flexibility: 5', 'Work-Life Balance: 3', 'Facilitation Skills: 2', 'Humility: 4', 'Negotiation: 5', 'Strategic Communication: 2', 'Civic Engagement: 5', 'Goal Setting: 2', 'Visionary Thinking: 5', 'Team Building: 4', 'Time Awareness: 2']}"
Nathan,Gaines,39242610,Mexico,PHP Developer,sr3,"{'hard': ['Command Line Interface (CLI): 2', 'Frameworks (CodeIgniter): 5', 'Composer: 3', 'Error Handling: 3', 'Symfony: 3', 'JSON: 2', 'API Development: 4', 'PHP: 3', 'Database Design: 4', 'Laravel: 3', 'Agile: 3', 'Integration with Third-party Services: 5', 'User Authentication: 3', 'Debugging: 2'], 'soft': ['Goal Setting: 3', 'Emotional Intelligence: 2', 'Trust Building: 5', 'Crisis Management: 5', 'Civic Responsibility: 2', 'Analytical Thinking: 5', 'Work-Life Balance: 5', 'Motivational Skills: 4', 'Self-Confidence: 3', 'Change Management: 5', 'Technology Savvy: 3', 'Mentoring: 3', 'Personality Awareness: 2', 'Situational Awareness: 2', 'Customer Service: 3']}"
Brandon,Zimmerman,51101024,Colombia,Game Developer,sr3,"{'hard': ['Physics Engines: 4', 'Game Optimization: 5', 'Unreal Engine: 3', 'Performance Optimization: 5', 'Animation: 5', 'Visual Scripting: 3', 'Version Control (Git): 5', 'User Interface Design: 5', 'Sound Design: 3', 'Graphics Programming: 3', 'Storyboarding: 5', 'Shader Programming: 5', 'Asset Management: 2', 'AI Programming: 2'], 'soft': ['Team Building: 3', 'Ethical Judgment: 3', 'Time Awareness: 2', 'Customer Service: 2', 'Creativity: 5', 'Civic Responsibility: 5', 'Crisis Management: 3', 'Critical Thinking: 4', 'Emotional Intelligence: 2', 'Communication: 2', 'Facilitation Skills: 3', 'Visionary Thinking: 2', 'Social Intelligence: 5', 'Flexibility: 5', 'Open-mindedness: 3']}"
Chris,Ray,93387018,Uruguay,NodeJs Developer,ssr,"{'hard': ['Microservices: 2', 'REST APIs: 1', 'Node.js: 1', 'Data Structures: 1', 'Docker: 1'], 'soft': ['Process Improvement: 1', 'Active Listening: 2', 'Influencing: 1', 'Cultural Awareness: 2', 'Networking: 1']}"
Kim,Turner,97380876,Ecuador,Java Developer,sr3,"{'hard': ['Docker: 2', 'Internationalization: 5', 'Continuous Integration: 5', 'Dependency Injection: 5', 'Data Structures: 5', 'SOAP: 2', 'REST APIs: 5', 'Web Services: 5', 'JDBC: 3', 'Spring Boot: 5', 'Cloud Services: 4', 'Agile: 3', 'Spring: 3', 'API Development: 2'], 'soft': ['Interpersonal Communication: 4', 'Coaching: 5', 'Personality Awareness: 2', 'Entrepreneurial Mindset: 3', 'Social Skills: 5', 'Cultural Awareness: 3', 'Visionary Leadership: 3', 'Client Management: 4', 'Cultural Competence: 4', 'Initiative: 3', 'Time Management: 2', 'Open-mindedness: 3', 'Influencing: 5', 'Interpersonal Skills: 2', 'Negotiation: 4']}"
Candace,Smith,33589812,Bolivia,Salesforce Developer,jr,"{'hard': ['Business Process Automation: 1', 'Data Modeling: 1', 'Community Cloud: 1', 'Salesforce DX: 1', 'Git: 1'], 'soft': ['Decision Making: 1', 'Self-Discipline: 1', 'Initiative: 1', 'Facilitation Skills: 1', 'Delegation: 1']}"
Shannon,Freeman,42386595,Chile,RPA Developer,sr1,"{'hard': ['Business Process Mapping: 3', 'Robotic Process Automation Frameworks: 3', 'Blue Prism: 1', 'Client Interaction: 3', 'Data Extraction: 1', 'Debugging: 1', 'Performance Monitoring: 3', 'Testing Automation: 1', 'Scripting: 1', 'Task Automation: 1'], 'soft': ['Time Management: 1', 'Stress Management: 1', 'Professionalism: 3', 'Interpersonal Communication: 3', 'Inclusivity: 1', 'Intuition: 3', 'Learning Agility: 2', 'Time Awareness: 3', 'Work-Life Balance: 1', 'Stress Resilience: 3', 'Trust Building: 1', 'Cultural Awareness: 2']}"
Jason,Bryan,96973055,Paraguay,Game Developer,ssr,"{'hard': ['Multiplayer Networking: 2', 'Physics Simulation: 1', 'Game Analytics: 2', 'Visual Scripting: 2', 'Animation: 1'], 'soft': ['Change Facilitation: 2', 'Diversity Awareness: 1', 'Networking Skills: 2', 'Professionalism: 2', 'Change Management: 1']}"
Matthew,Brown,70513090,Mexico,Cybersecurity Engineer,ssr,"{'hard': ['Application Hardening: 1', 'Scripting (Python, PowerShell): 1', 'Malware Analysis: 2', 'Penetration Testing: 2', 'Intrusion Detection Systems (IDS): 2'], 'soft': ['Cognitive Flexibility: 1', 'Visionary Leadership: 1', 'Facilitation Skills: 2', 'Critical Thinking: 2', 'Delegation: 1']}"
Ashley,Reid,61812457,Chile,NodeJs Developer,sr3,"{'hard': ['Version Control: 4', 'Security Best Practices: 3', 'Postman: 5', 'Redis: 5', 'Asynchronous Programming: 2', 'CI/CD: 3', 'GraphQL: 2', 'Middleware: 3', 'HTML/CSS: 5', 'Performance Optimization: 5', 'TypeScript: 4', 'Event-Driven Architecture: 4', 'Error Handling: 2', 'Microservices: 3'], 'soft': ['Humility: 5', 'Public Relations: 4', 'Motivational Skills: 2', 'Intellectual Curiosity: 2', 'Work-Life Balance: 4', 'Inclusivity: 2', 'Change Facilitation: 4', 'Empathy: 3', 'Customer Service: 5', 'Self-Discipline: 2', 'Facilitation Skills: 3', 'Risk Management: 4', 'Adaptability: 2', 'Virtual Collaboration: 3', 'Time Awareness: 2']}"
Justin,Carroll,80712235,Venezuela,Android Mobile Developer,sr2,"{'hard': ['Kotlin: 2', 'MVP: 2', 'Android Architecture Components: 2', 'XML: 1', 'Kotlin Coroutines: 3', 'SQLite: 1', 'Data Binding: 2', 'Retrofit: 3', 'Material Design: 4', 'Android SDK: 4'], 'soft': ['Interpersonal Communication: 2', 'Change Management: 2', 'Motivation: 4', 'Coaching: 2', 'Problem Analysis: 4', 'Entrepreneurial Mindset: 1', 'Mentoring: 1', 'Stress Resilience: 1', 'Critical Observation: 3', 'Critical Thinking: 2', 'Active Listening: 4', 'Cognitive Flexibility: 3']}"
Morgan,Miller,47421048,Mexico,PHP Developer,sr1,"{'hard': ['Caching Techniques: 1', 'Laravel: 2', 'Error Handling: 2', 'Performance Optimization: 2', 'MVC Architecture: 3', 'Object-Oriented Programming: 2', 'PHP: 1', 'JSON: 2', 'Version Control: 2', 'JavaScript: 3'], 'soft': ['Change Facilitation: 1', 'Decision Making: 1', 'Cognitive Flexibility: 3', 'Emotional Intelligence: 2', 'Feedback Delivery: 2', 'Cultural Awareness: 1', 'Performance Management: 3', 'Networking Skills: 1', 'Resource Allocation: 2', 'Intuition: 3', 'Critical Thinking: 1', 'Strategic Thinking: 1']}"
Cynthia,Myers,37876544,Mexico,C++ Developer,ssr,"{'hard': ['C++: 1', 'Linux Development: 1', 'Concurrency: 1', 'Windows API: 2', 'DirectX: 2'], 'soft': ['Conflict Management: 2', 'Facilitation Skills: 1', 'Crisis Communication: 2', 'Mentoring Skills: 2', 'Stress Resilience: 1']}"
Erica,Scott,58755131,Argentina,Python Developer,sr1,"{'hard': ['Web Scraping: 3', 'Machine Learning: 1', 'Agile: 1', 'Selenium: 2', 'Security Best Practices: 1', 'Cloud Services: 3', 'Debugging: 1', 'Spark: 1', 'SQL: 3', 'Data Mining: 3'], 'soft': ['Teamwork: 3', 'Visionary Leadership: 3', 'Coaching: 2', 'Adaptability: 1', 'Flexibility: 2', 'Responsibility: 2', 'Strategic Thinking: 2', 'Empathy: 2', 'Intuition: 1', 'Personality Awareness: 3', 'Global Awareness: 3', 'Performance Management: 2']}"
Lisa,Smith,75275653,Uruguay,Ruby Developer,sr2,"{'hard': ['Database Design: 3', 'Performance Optimization: 1', 'Ruby: 3', 'Continuous Integration: 1', 'Error Handling: 3', 'Version Control: 2', 'Data Structures: 4', 'Testing Frameworks (RSpec): 4', 'API Development: 2', 'Gem Management: 1'], 'soft': ['Time Awareness: 1', 'Diversity Awareness: 1', 'Self-Discipline: 2', 'Customer Service: 2', 'Motivational Skills: 2', 'Problem Solving: 1', 'Networking Skills: 3', 'Stress Management: 2', 'Attention to Detail: 4', 'Emotional Resilience: 2', 'Visionary Leadership: 2', 'Self-Motivation: 4']}"
Andrea,Davis,15806124,Paraguay,Game Developer,sr1,"{'hard': ['Asset Management: 1', 'C#: 2', 'Visual Scripting: 1', 'Agile: 2', 'Shader Programming: 1', 'Game Design: 3', 'Sound Design: 1', 'VR/AR Development: 1', 'Game Testing: 3', 'Animation: 1'], 'soft': ['Self-Regulation: 3', 'Conflict Resolution: 1', 'Technology Savvy: 1', 'Feedback Acceptance: 3', 'Flexibility: 2', 'Mentoring: 1', 'Critical Observation: 1', 'Time Awareness: 3', 'Customer Service: 3', 'Creativity: 1', 'Adaptability to Change: 2', 'Service Orientation: 3']}"
Joshua,Brown,44458184,Venezuela,Test Automation Engineer,sr2,"{'hard': ['TestNG: 2', 'Mocking Frameworks: 4', 'Version Control: 1', 'JavaScript: 2', 'Python: 1', 'CI/CD: 3', 'Load Testing: 3', 'Continuous Testing: 4', 'Java: 4', 'JUnit: 1'], 'soft': ['Decision Making: 2', 'Adaptability: 3', 'Relationship Building: 4', 'Self-Regulation: 2', 'Problem Solving: 2', 'Time Management: 4', 'Customer Service: 2', 'Conflict Management: 4', 'Work-Life Balance: 3', 'Goal Setting: 1', 'Scientific Thinking: 1', 'Writing Skills: 4']}"
Teresa,Gonzales,45300921,Colombia,Salesforce Developer,jr,"{'hard': ['Data Modeling: 1', 'REST APIs: 1', 'User Interface Design: 1', 'Triggers: 1', 'API Development: 1'], 'soft': ['Relationship Building: 1', 'Influencing: 1', 'Problem Analysis: 1', 'Critical Thinking: 1', 'Time Optimization: 1']}"
Jonathan,Bryant,80907766,Ecuador,Python Developer,sr1,"{'hard': ['Pytorch: 3', 'Data Quality Assessment: 1', 'Jupyter Notebooks: 1', 'Data Mining: 2', 'Django: 3', 'Selenium: 2', 'SQL: 1', 'Data Structures: 2', 'Matplotlib: 2', 'Pandas: 3'], 'soft': ['Attention to Detail: 3', 'Conflict Resolution: 3', 'Time Awareness: 1', 'Problem Solving: 2', 'Performance Management: 1', 'Motivation: 2', 'Entrepreneurial Mindset: 1', 'Customer Service: 1', 'Research Skills: 2', 'Client Management: 1', 'Cultural Competence: 2', 'Self-Regulation: 1']}"
Richard,Holmes,46217125,Venezuela,Cybersecurity Engineer,jr,"{'hard': ['Vulnerability Assessment: 1', 'Authentication Mechanisms: 1', 'Threat Intelligence: 1', 'Compliance Standards (ISO, NIST): 1', 'Threat Modeling: 1'], 'soft': ['Open-mindedness: 1', 'Decision Making: 1', 'Analytical Thinking: 1', 'Global Awareness: 1', 'Initiative: 1']}"
Michelle,Phillips,26684703,Ecuador,Java Developer,sr1,"{'hard': ['JPA: 3', 'Microservices: 2', 'Cloud Services: 3', 'XML: 1', 'REST APIs: 3', 'Docker: 1', 'Design Patterns: 1', 'Spring: 2', 'Java EE: 1', 'Hibernate: 3'], 'soft': ['Conflict Resolution: 1', 'Motivation: 3', 'Adaptability: 3', 'Creativity: 3', 'Decision Making: 3', 'Entrepreneurial Mindset: 1', 'Performance Management: 3', 'Responsibility: 2', 'Analytical Thinking: 1', 'Mentoring Skills: 1', 'Delegation: 1', 'Facilitation Skills: 3']}"
John,Vincent,80393664,Paraguay,iOS Mobile Developer,sr3,"{'hard': ['Core Animation: 3', 'Core Location: 2', 'Animation: 3', 'Agile: 5', 'Core Data: 3', 'Git: 3', 'Objective-C: 3', 'Network Connectivity: 2', 'Cocoa Touch: 5', 'User Experience (UX): 5', 'Accessibility Features: 4', 'Third-party Libraries: 3', 'Security Best Practices: 4', 'Auto Layout: 5'], 'soft': ['Scientific Thinking: 3', 'Coaching: 2', 'Change Management: 3', 'Decision Making: 5', 'Collaboration: 5', 'Networking Skills: 2', 'Positivity: 3', 'Diversity Awareness: 5', 'Conflict Resolution: 2', 'Responsibility: 3', 'Goal Setting: 5', 'Critical Thinking: 5', 'Emotional Intelligence: 3', 'Interpersonal Communication: 5', 'Research Skills: 4']}"
Anthony,Parker,72817597,Mexico,Python Developer,sr3,"{'hard': ['Docker: 2', 'Machine Learning: 3', 'Data Visualization: 2', 'Algorithms: 4', 'Python: 2', 'Pytorch: 5', 'Data Analysis: 2', 'Cloud Services: 4', 'Git: 4', 'Flask: 5', 'Spark: 5', 'TensorFlow: 4', 'Data Quality Assessment: 5', 'Data Engineering: 2'], 'soft': ['Feedback Delivery: 3', 'Research Skills: 4', 'Cultural Awareness: 4', 'Resilience: 3', 'Communication: 3', 'Intuition: 3', 'Self-Confidence: 3', 'Civic Engagement: 3', 'Positivity: 2', 'Networking Skills: 4', 'Decision Making: 2', 'Time Optimization: 5', 'Authenticity: 4', 'Interpersonal Skills: 3', 'Attention to Detail: 3']}"
Tammy,Fleming,47929376,Bolivia,C++ Developer,jr,"{'hard': ['Automated Testing: 1', 'Concurrency: 1', 'Linux Development: 1', 'Windows API: 1', 'Data Structures: 1'], 'soft': ['Quality Assurance: 1', 'Resource Allocation: 1', 'Writing Skills: 1', 'Motivation: 1', 'Interpersonal Communication: 1']}"
Jeffery,Clayton,45040551,Venezuela,PHP Developer,ssr,"{'hard': ['JavaScript: 1', 'REST APIs: 2', 'Unit Testing: 2', 'Object-Oriented Programming: 1', 'Composer: 1'], 'soft': ['Adaptability to Change: 2', 'Problem Solving: 1', 'Time Management: 1', 'Motivational Skills: 1', 'Stress Management: 1']}"
Wanda,Watson,57576162,Venezuela,Cloud Engineer,sr3,"{'hard': ['Performance Tuning: 5', 'Load Balancing: 2', 'Kubernetes: 2', 'Disaster Recovery Planning: 4', 'AWS: 3', 'Docker: 4', 'Data Storage Solutions: 3', 'DevOps: 3', 'Resource Allocation: 3', 'Cloud Architecture: 3', 'Cloud Security: 5', 'Google Cloud Platform: 2', 'Monitoring and Logging: 5', 'Application Networking: 4'], 'soft': ['Emotional Intelligence: 3', 'Resourcefulness: 4', 'Coaching: 2', 'Stress Resilience: 3', 'Resource Allocation: 5', 'Cultural Competence: 2', 'Relationship Building: 3', 'Ethical Judgment: 5', 'Workplace Culture Awareness: 3', 'Motivation: 4', 'Analytical Thinking: 4', 'Visionary Thinking: 2', 'Time Management: 4', 'Communication: 4', 'Trustworthiness: 5']}"
Tiffany,Schneider,75254254,Paraguay,Java Developer,sr3,"{'hard': ['Maven: 4', 'Spring Boot: 5', 'Spring: 4', 'JDBC: 4', 'Agile: 4', 'JUnit: 5', 'Java EE: 3', 'Web Services: 3', 'API Development: 4', 'Logging Frameworks: 3', 'SOAP: 5', 'Hibernate: 3', 'Java: 5', 'XML: 3'], 'soft': ['Conflict Resolution: 2', 'Active Listening: 3', 'Research Skills: 4', 'Negotiation Tactics: 5', 'Inclusivity: 4', 'Quality Assurance: 5', 'Persuasion: 2', 'Collaboration: 5', 'Relationship Building: 3', 'Creativity: 2', 'Public Speaking: 2', 'Visionary Thinking: 5', 'Crisis Management: 5', 'Entrepreneurial Mindset: 5', 'Virtual Collaboration: 4']}"
Michael,Santana,72952313,Paraguay,SQL Developer,sr1,"{'hard': ['Data Quality Management: 1', 'Version Control: 1', 'Performance Tuning: 2', 'Query Optimization: 3', 'Data Governance: 3', 'Agile: 1', 'Oracle Database: 1', 'Security Best Practices: 1', 'MySQL: 1', 'Data Analysis: 2'], 'soft': ['Global Awareness: 3', 'Motivation: 2', 'Presentation Skills: 3', 'Decision Making: 3', 'Goal Setting: 3', 'Emotional Resilience: 2', 'Self-Discipline: 1', 'Intuition: 3', 'Team Building: 2', 'Diversity Awareness: 2', 'Scientific Thinking: 1', 'Mentoring Skills: 1']}"
Michelle,Richmond,38445124,Argentina,Game Developer,sr1,"{'hard': ['Physics Simulation: 1', 'Version Control (Git): 1', 'Game Analytics: 1', 'Game Design: 3', 'Unity: 2', 'Sound Design: 3', 'Game Prototyping: 3', 'Procedural Generation: 2', 'Debugging: 3', 'C#: 3'], 'soft': ['Creativity: 3', 'Change Management: 3', 'Humility: 3', 'Visionary Thinking: 3', 'Social Intelligence: 2', 'Authenticity: 2', 'Presentation Skills: 1', 'Task Prioritization: 2', 'Social Skills: 2', 'Negotiation: 1', 'Global Awareness: 1', 'Adaptability to Change: 2']}"
Donna,Davis,73294930,Peru,Data Engineer,sr3,"{'hard': ['API Development: 4', 'Cloud Data Solutions (AWS, Azure, GCP): 4', 'Data Cataloging: 5', 'Apache Spark: 5', 'Data Lakes: 4', 'Testing and Validation: 2', 'Metadata Management: 5', 'Data Integration Tools: 5', 'Data Visualization Tools (Tableau, Power BI): 2', 'Performance Tuning: 5', 'SQL: 4', 'NoSQL Databases: 2', 'Data Pipeline Development: 4', 'Data Architecture: 3'], 'soft': ['Authenticity: 5', 'Time Management: 2', 'Ethical Judgment: 4', 'Social Intelligence: 3', 'Interpersonal Communication: 4', 'Stress Resilience: 3', 'Feedback Delivery: 2', 'Emotional Intelligence: 5', 'Public Relations: 2', 'Goal Setting: 4', 'Learning Agility: 3', 'Global Awareness: 3', 'Time Optimization: 5', 'Diversity Awareness: 2', 'Intellectual Curiosity: 5']}"
Steve,Patterson,30349870,Paraguay,Web Mobile Developer,sr1,"{'hard': ['Progressive Web Apps (PWAs): 2', 'Code Review: 1', 'WebSockets: 3', 'Git: 2', 'Debugging: 2', 'User Interface Testing: 2', 'Version Control: 3', 'GraphQL: 2', 'Application Security: 3', 'Accessibility Standards: 2'], 'soft': ['Self-Motivation: 2', 'Trustworthiness: 2', 'Leadership: 3', 'Goal Setting: 2', 'Crisis Communication: 1', 'Flexibility: 3', 'Facilitation Skills: 2', 'Strategic Thinking: 3', 'Creativity: 2', 'Scientific Thinking: 3', 'Self-Confidence: 3', 'Influencing: 1']}"
Brian,Nolan,20671134,Peru,Flutter Developer,sr2,"{'hard': ['Platform Channels: 4', 'RESTful APIs: 1', 'Dependency Management: 3', 'Firebase: 3', 'Code Refactoring: 2', 'Security Best Practices: 3', 'Localization: 4', 'Continuous Integration: 1', 'Dart: 3', 'Third-party Libraries: 4'], 'soft': ['Diversity Awareness: 3', 'Flexibility: 2', 'Social Intelligence: 1', 'Cognitive Flexibility: 3', 'Interpersonal Communication: 3', 'Trust Building: 4', 'Motivational Skills: 2', 'Decision Making: 4', 'Visionary Leadership: 2', 'Goal Setting: 2', 'Problem Solving: 1', 'Research Skills: 1']}"
Michelle,Lopez,19261663,Mexico,DevOps Engineer,jr,"{'hard': ['Server Management: 1', 'Automation Tools: 1', 'Agile: 1', 'Collaboration Tools: 1', 'Error Tracking: 1'], 'soft': ['Facilitation Skills: 1', 'Public Speaking: 1', 'Networking: 1', 'Feedback Delivery: 1', 'Positivity: 1']}"
Elizabeth,Adams,20412159,Uruguay,PHP Developer,sr1,"{'hard': ['Continuous Integration: 1', 'MySQL: 1', 'User Authentication: 2', 'Security Best Practices: 2', 'Symfony: 1', 'JavaScript: 1', 'Frameworks (CodeIgniter): 1', 'PHP: 3', 'Composer: 1', 'Database Design: 2'], 'soft': ['Collaboration: 3', 'Empathy: 1', 'Adaptability: 1', 'Negotiation Tactics: 3', 'Self-Confidence: 2', 'Time Optimization: 1', 'Feedback Delivery: 2', 'Ethical Judgment: 2', 'Initiative: 3', 'Research Skills: 2', 'Client Management: 3', 'Active Listening: 1']}"
Elaine,Hill,91263294,Chile,RPA Developer,jr,"{'hard': ['Version Control: 1', 'Continuous Improvement: 1', 'User Training: 1', 'REST APIs: 1', 'Workflow Design: 1'], 'soft': ['Interpersonal Skills: 1', 'Motivation: 1', 'Visionary Thinking: 1', 'Creativity: 1', 'Process Improvement: 1']}"
David,Gillespie,26151234,Argentina,Ruby Developer,sr3,"{'hard': ['Middleware: 2', 'Task Scheduling: 2', 'Continuous Integration: 2', 'Integration with Third-party APIs: 5', 'Caching Techniques: 4', 'Object-Oriented Programming: 2', 'Ruby: 5', 'Agile: 4', 'Deployment Techniques: 4', 'Error Handling: 2', 'Responsive Design: 3', 'SQL: 4', 'MVC Architecture: 5', 'Data Migration: 4'], 'soft': ['Visionary Leadership: 4', 'Team Building: 5', 'Work-Life Balance: 2', 'Public Speaking: 3', 'Creativity: 2', 'Social Skills: 4', 'Crisis Management: 3', 'Conflict Management: 4', 'Situational Awareness: 3', 'Coaching: 4', 'Crisis Communication: 4', 'Time Awareness: 4', 'Collaboration: 4', 'Performance Management: 5', 'Entrepreneurial Mindset: 2']}"
James,Jordan,25657752,Peru,Java Developer,sr1,"{'hard': ['Microservices: 2', 'API Development: 2', 'JavaFX: 1', 'Spring: 1', 'Logging Frameworks: 2', 'Data Access Layer: 3', 'Thread Management: 3', 'Security: 1', 'Cloud Services: 2', 'SOAP: 3'], 'soft': ['Learning Agility: 1', 'Analytical Thinking: 1', 'Time Awareness: 3', 'Attention to Detail: 3', 'Quality Assurance: 2', 'Strategic Thinking: 3', 'Feedback Acceptance: 1', 'Virtual Collaboration: 2', 'Goal Setting: 3', 'Humility: 3', 'Data Interpretation: 3', 'Negotiation: 1']}"
Alexander,Hess,78349602,Colombia,Ruby Developer,ssr,"{'hard': ['Task Scheduling: 2', 'Debugging: 1', 'Ruby: 1', 'Data Structures: 1', 'Middleware: 2'], 'soft': ['Innovation: 1', 'Communication: 2', 'Visionary Leadership: 2', 'Time Optimization: 2', 'Emotional Intelligence: 2']}"
Matthew,Hunt,73913885,Argentina,Java Developer,sr2,"{'hard': ['Git: 4', 'Data Structures: 2', 'Data Access Layer: 4', 'Docker: 3', 'SOAP: 3', 'Cloud Services: 3', 'Thread Management: 3', 'Microservices: 1', 'Continuous Integration: 2', 'JavaFX: 1'], 'soft': ['Interpersonal Communication: 4', 'Conflict Management: 1', 'Communication: 1', 'Influencing: 1', 'Time Awareness: 2', 'Mentoring Skills: 2', 'Mentoring: 3', 'Cognitive Flexibility: 1', 'Scientific Thinking: 3', 'Goal Setting: 1', 'Ethical Judgment: 2', 'Flexibility: 2']}"
Kimberly,Moore,16389501,Colombia,RPA Developer,sr2,"{'hard': ['REST APIs: 2', 'Version Control: 4', 'Robotic Process Automation Frameworks: 3', 'Python: 1', 'Excel VBA: 1', 'SQL: 2', 'Client Interaction: 2', 'Change Management: 3', 'Security Best Practices: 2', 'Process Analysis: 1'], 'soft': ['Adaptability: 3', 'Team Building: 3', 'Crisis Communication: 3', 'Performance Management: 4', 'Relationship Building: 4', 'Creativity: 2', 'Personality Awareness: 2', 'Situational Awareness: 4', 'Research Skills: 2', 'Delegation: 1', 'Entrepreneurial Mindset: 2', 'Conflict Management: 4']}"
Michael,Perez,39090133,Peru,PHP Developer,sr1,"{'hard': ['Frameworks (CodeIgniter): 3', 'HTML: 3', 'Object-Oriented Programming: 1', 'MySQL: 1', 'Version Control: 2', 'Caching Techniques: 3', 'Security Best Practices: 3', 'Integration with Third-party Services: 3', 'MVC Architecture: 1', 'Agile: 3'], 'soft': ['Social Skills: 2', 'Self-Regulation: 2', 'Situational Awareness: 1', 'Positivity: 1', 'Resilience: 3', 'Task Prioritization: 2', 'Virtual Collaboration: 3', 'Writing Skills: 3', 'Self-Motivation: 3', 'Emotional Resilience: 2', 'Civic Engagement: 1', 'Crisis Communication: 1']}"
Mary,Hanna,47818172,Venezuela,Cobol Developer,sr3,"{'hard': ['Mainframe: 2', 'Agile: 5', 'SoftTech: 4', 'Batch Processing: 4', 'Data Structures: 4', 'Unit Testing: 5', 'CICS: 5', 'COBOL: 3', 'Reporting: 2', 'Data Migration: 3', 'System Integration: 2', 'File Handling: 2', 'Data Processing: 4', 'Documentation: 2'], 'soft': ['Interpersonal Communication: 4', 'Service Orientation: 5', 'Active Listening: 5', 'Inclusivity: 5', 'Creativity: 5', 'Emotional Intelligence: 3', 'Research Skills: 3', 'Entrepreneurial Mindset: 5', 'Resourcefulness: 3', 'Mentoring: 2', 'Scientific Thinking: 5', 'Process Improvement: 4', 'Social Skills: 4', 'Facilitation Skills: 3', 'Self-Motivation: 3']}"
Victor,Montes,31907247,Bolivia,RPA Developer,sr3,"{'hard': ['Robotic Process Automation Frameworks: 3', 'Business Process Mapping: 4', 'User Training: 5', 'Security Best Practices: 5', 'SQL: 2', 'Continuous Improvement: 3', 'Integration with Third-party Applications: 5', 'Agile: 5', 'UiPath: 5', 'Blue Prism: 5', 'REST APIs: 2', 'Task Automation: 4', 'Python: 4', 'Process Analysis: 3'], 'soft': ['Positivity: 3', 'Presentation Skills: 5', 'Situational Awareness: 3', 'Personality Awareness: 3', 'Leadership: 2', 'Visionary Leadership: 5', 'Coaching: 4', 'Research Skills: 3', 'Negotiation: 2', 'Cultural Competence: 4', 'Visionary Thinking: 3', 'Adaptability to Change: 5', 'Resilience: 2', 'Decision Making: 4', 'Collaboration: 3']}"
Dillon,Williams,44237338,Argentina,PHP Developer,sr1,"{'hard': ['MVC Architecture: 3', 'Web Services: 2', 'Security Best Practices: 3', 'Unit Testing: 1', 'Frameworks (CodeIgniter): 2', 'XML: 1', 'HTML: 2', 'Command Line Interface (CLI): 2', 'Object-Oriented Programming: 3', 'Laravel: 3'], 'soft': ['Virtual Collaboration: 1', 'Responsibility: 2', 'Research Skills: 2', 'Professionalism: 3', 'Risk Management: 2', 'Time Management: 2', 'Adaptability to Change: 2', 'Open-mindedness: 1', 'Public Relations: 2', 'Problem Analysis: 1', 'Cognitive Flexibility: 3', 'Civic Engagement: 1']}"
Laura,Carson,58276794,Ecuador,.Net Developer,sr2,"{'hard': ['Dependency Injection: 1', 'Version Control (Git): 3', '.NET Framework: 1', 'WCF: 2', 'Entity Framework: 4', 'Unit Testing: 3', 'Design Patterns: 3', 'Performance Optimization: 2', 'ASP.NET: 3', 'Entity Framework Core: 3'], 'soft': ['Workplace Culture Awareness: 4', 'Emotional Intelligence: 1', 'Negotiation Tactics: 3', 'Situational Awareness: 4', 'Creativity: 2', 'Risk Management: 4', 'Civic Engagement: 2', 'Analytical Thinking: 4', 'Decision Making: 3', 'Responsibility: 3', 'Global Awareness: 2', 'Adaptability: 2']}"
Vincent,Valentine,71227204,Uruguay,PHP Developer,jr,"{'hard': ['Unit Testing: 1', 'Agile: 1', 'Web Services: 1', 'JavaScript: 1', 'Symfony: 1'], 'soft': ['Visionary Leadership: 1', 'Research Skills: 1', 'Open-mindedness: 1', 'Intellectual Curiosity: 1', 'Teamwork: 1']}"
Lisa,Hobbs,94603569,Ecuador,Data Engineer,jr,"{'hard': ['ETL Processes: 1', 'Data Lakes: 1', 'Data Quality Management: 1', 'Data Pipeline Development: 1', 'Data Architecture: 1'], 'soft': ['Diversity Awareness: 1', 'Leadership: 1', 'Resilience: 1', 'Adaptability: 1', 'Data Interpretation: 1']}"
Ashley,Cannon,38987207,Uruguay,Game Developer,sr2,"{'hard': ['User Interface Design: 3', 'AI Programming: 2', 'Visual Scripting: 1', 'Live Ops: 3', 'Unity: 3', 'Game Monetization: 4', 'Agile: 4', 'Debugging: 1', 'Version Control (Git): 3', 'Shader Programming: 4'], 'soft': ['Conflict Resolution: 4', 'Innovation: 2', 'Intuition: 1', 'Data Interpretation: 4', 'Self-Confidence: 3', 'Adaptability to Change: 1', 'Interpersonal Communication: 4', 'Intellectual Curiosity: 1', 'Strategic Thinking: 2', 'Critical Observation: 2', 'Cultural Competence: 1', 'Analytical Thinking: 2']}"
Jeffrey,Huynh,67220221,Uruguay,iOS Mobile Developer,sr1,"{'hard': ['iCloud: 3', 'SwiftUI: 3', 'In-App Purchases: 2', 'Network Connectivity: 1', 'UIKit: 1', 'Accessibility Features: 3', 'Core Animation: 2', 'Design Patterns: 2', 'Xcode: 3', 'Animation: 2'], 'soft': ['Inclusivity: 2', 'Professionalism: 1', 'Motivational Skills: 3', 'Intuition: 1', 'Negotiation Tactics: 3', 'Learning Agility: 2', 'Time Management: 1', 'Mentoring Skills: 3', 'Responsibility: 3', 'Adaptability to Change: 1', 'Open-mindedness: 3', 'Client Management: 3']}"
Jacqueline,Ramos,38208263,Venezuela,Android Mobile Developer,sr3,"{'hard': ['Firebase: 2', 'UI/UX Design: 5', 'Android SDK: 2', 'Java: 5', 'Retrofit: 2', 'Test-Driven Development: 2', 'Constraint Layout: 2', 'Security Best Practices: 2', 'Gradle: 5', 'JUnit: 4', 'Dagger: 4', 'SQLite: 4', 'ProGuard: 5', 'Flutter: 5'], 'soft': ['Cognitive Flexibility: 5', 'Service Orientation: 3', 'Feedback Delivery: 4', 'Strategic Communication: 3', 'Mentoring Skills: 3', 'Open-mindedness: 3', 'Motivation: 5', 'Customer Service: 4', 'Work Ethic: 4', 'Virtual Collaboration: 2', 'Workplace Culture Awareness: 4', 'Analytical Thinking: 2', 'Delegation: 5', 'Initiative: 5', 'Negotiation Tactics: 3']}"
Jennifer,Roberts,31125508,Colombia,NodeJs Developer,sr3,"{'hard': ['REST APIs: 4', 'GraphQL: 3', 'Unit Testing: 2', 'CI/CD: 2', 'Git: 4', 'JavaScript: 5', 'MongoDB: 4', 'Security Best Practices: 5', 'Node.js: 4', 'TypeScript: 4', 'Middleware: 4', 'Chai: 2', 'API Development: 3', 'SQL: 5'], 'soft': ['Social Skills: 3', 'Civic Engagement: 4', 'Data Interpretation: 3', 'Crisis Management: 4', 'Creativity: 4', 'Time Management: 3', 'Entrepreneurial Mindset: 5', 'Facilitation Skills: 3', 'Leadership: 2', 'Motivational Skills: 2', 'Interpersonal Communication: 4', 'Civic Responsibility: 3', 'Writing Skills: 5', 'Presentation Skills: 4', 'Adaptability: 5']}"
Ian,Brown,26870448,Argentina,C++ Developer,jr,"{'hard': ['Networking: 1', 'Multithreading: 1', 'Concurrency: 1', 'Compiler Optimization: 1', 'Code Review: 1'], 'soft': ['Interpersonal Communication: 1', 'Collaboration: 1', 'Feedback Acceptance: 1', 'Work-Life Balance: 1', 'Writing Skills: 1']}"
Logan,James,56792803,Bolivia,Web UI Developer,sr3,"{'hard': ['Web Design Principles: 5', 'State Management: 5', 'SEO Best Practices: 3', 'Figma/Adobe XD: 2', 'Accessibility Standards: 4', 'CSS Preprocessors (Sass, LESS): 5', 'Content Management Systems (CMS): 5', 'Vue.js: 4', 'Git: 4', 'Front-End Frameworks: 4', 'Debugging: 2', 'CSS: 2', 'Microinteractions: 3', 'Version Control: 3'], 'soft': ['Interpersonal Communication: 3', 'Decision Making: 2', 'Trustworthiness: 3', 'Trust Building: 3', 'Service Orientation: 5', 'Quality Assurance: 3', 'Self-Confidence: 4', 'Research Skills: 3', 'Civic Responsibility: 2', 'Work-Life Balance: 2', 'Time Awareness: 3', 'Social Intelligence: 2', 'Conflict Resolution: 2', 'Motivation: 2', 'Crisis Management: 2']}"
Erin,Camacho,60344013,Argentina,Web UI Developer,jr,"{'hard': ['Image Optimization: 1', 'Web Standards: 1', 'User Interaction Design: 1', 'React: 1', 'Cross-Browser Compatibility: 1'], 'soft': ['Visionary Thinking: 1', 'Problem Solving: 1', 'Strategic Thinking: 1', 'Critical Thinking: 1', 'Risk Management: 1']}"
Melissa,Chandler,48441749,Mexico,Ruby Developer,jr,"{'hard': ['Middleware: 1', 'Active Record: 1', 'Integration with Third-party APIs: 1', 'Responsive Design: 1', 'Version Control: 1'], 'soft': ['Technology Savvy: 1', 'Interpersonal Communication: 1', 'Conflict Resolution: 1', 'Visionary Leadership: 1', 'Client Management: 1']}"
Jessica,Bentley,71680017,Colombia,DevOps Engineer,sr1,"{'hard': ['Continuous Integration/Continuous Deployment (CI/CD): 2', 'Networking: 3', 'Incident Management: 2', 'Server Management: 1', 'Scripting (Bash, Python): 2', 'Monitoring and Logging: 3', 'Error Tracking: 3', 'Infrastructure as Code (IaC): 1', 'Version Control (Git): 2', 'Performance Tuning: 3'], 'soft': ['Performance Management: 3', 'Entrepreneurial Mindset: 3', 'Self-Discipline: 2', 'Problem Analysis: 3', 'Mentoring: 3', 'Intuition: 3', 'Cognitive Flexibility: 2', 'Self-Regulation: 3', 'Decision Making: 2', 'Integrity: 1', 'Time Optimization: 1', 'Motivational Skills: 2']}"
Alejandro,Nelson,47434189,Uruguay,Java Developer,jr,"{'hard': ['JSON: 1', 'Java EE: 1', 'Git: 1', 'Unit Testing: 1', 'Spring: 1'], 'soft': ['Cultural Awareness: 1', 'Decision Making: 1', 'Integrity: 1', 'Task Prioritization: 1', 'Change Management: 1']}"
Hannah,Gonzalez,27449874,Paraguay,Web Mobile Developer,sr1,"{'hard': ['Frontend Frameworks: 2', 'Debugging: 1', 'Code Review: 2', 'User Interface Testing: 3', 'UI/UX Design: 3', 'Performance Optimization: 3', 'Third-party Libraries: 3', 'Network Communication: 2', 'Version Control: 3', 'Accessibility Standards: 1'], 'soft': ['Creativity: 3', 'Relationship Building: 1', 'Collaboration: 1', 'Service Orientation: 2', 'Writing Skills: 3', 'Cultural Awareness: 2', 'Mentoring: 2', 'Leadership: 2', 'Self-Confidence: 2', 'Public Speaking: 3', 'Innovation: 1', 'Research Skills: 1']}"
Jessica,Rodriguez,42205614,Colombia,Ruby Developer,sr2,"{'hard': ['Ruby on Rails: 3', 'Task Scheduling: 4', 'Deployment Techniques: 3', 'Integration with Third-party APIs: 3', 'User Authentication: 1', 'CSS: 4', 'REST APIs: 2', 'SQL: 2', 'Data Migration: 3', 'Continuous Integration: 1'], 'soft': ['Emotional Resilience: 4', 'Stress Resilience: 1', 'Empathy: 4', 'Teamwork: 3', 'Diversity Awareness: 3', 'Visionary Thinking: 4', 'Resilience: 2', 'Self-Discipline: 2', 'Technology Savvy: 3', 'Communication: 3', 'Leadership: 4', 'Trustworthiness: 1']}"
Luis,Roberts,36240458,Bolivia,C++ Developer,sr3,"{'hard': ['Networking: 4', 'Unit Testing: 5', 'Standard Template Library (STL): 4', 'Code Review: 5', 'System Programming: 2', 'DirectX: 3', 'Debugging: 3', 'Graphics Programming: 5', 'Windows API: 2', 'OpenGL: 3', 'Compiler Optimization: 3', 'CMake: 3', 'Boost Library: 3', 'Qt Framework: 4'], 'soft': ['Research Skills: 2', 'Crisis Management: 5', 'Self-Motivation: 3', 'Learning Agility: 3', 'Responsibility: 4', 'Intellectual Curiosity: 2', 'Negotiation: 4', 'Team Building: 4', 'Feedback Delivery: 3', 'Social Intelligence: 3', 'Ethical Judgment: 3', 'Trustworthiness: 5', 'Conflict Resolution: 3', 'Service Orientation: 2', 'Positivity: 4']}"
Chelsea,Johnson,99263770,Bolivia,IOT Platform Engineer,sr2,"{'hard': ['Analytics Integration: 2', 'Remote Device Monitoring: 3', 'Edge Computing: 4', 'User Interface Design: 4', 'Data Analytics: 2', 'Lifecycle Management: 2', 'Real-time Data Processing: 4', 'IoT Protocols (MQTT, CoAP): 1', 'User Authentication: 3', 'Cloud Platforms (AWS IoT, Azure IoT): 2'], 'soft': ['Time Optimization: 3', 'Feedback Acceptance: 2', 'Global Awareness: 1', 'Active Listening: 4', 'Self-Confidence: 3', 'Crisis Management: 1', 'Strategic Thinking: 3', 'Research Skills: 1', 'Trust Building: 3', 'Collaboration: 1', 'Emotional Intelligence: 1', 'Mentoring Skills: 4']}"
Cody,Williams,35677448,Argentina,Python Developer,ssr,"{'hard': ['Pandas: 2', 'SQL: 2', 'Data Quality Assessment: 1', 'Concurrency: 2', 'Algorithms: 2'], 'soft': ['Workplace Culture Awareness: 1', 'Cultural Awareness: 1', 'Civic Engagement: 1', 'Problem Analysis: 1', 'Work-Life Balance: 2']}"
Desiree,Glenn,84803736,Uruguay,PHP Developer,sr1,"{'hard': ['Security Best Practices: 2', 'Continuous Integration: 3', 'Integration with Third-party Services: 2', 'Composer: 3', 'XML: 2', 'Agile: 3', 'Data Structures: 2', 'JavaScript: 2', 'Session Management: 2', 'Database Design: 1'], 'soft': ['Civic Responsibility: 2', 'Conflict Resolution: 2', 'Communication: 1', 'Customer Service: 1', 'Scientific Thinking: 1', 'Interpersonal Skills: 3', 'Resource Allocation: 2', 'Emotional Intelligence: 1', 'Public Speaking: 2', 'Change Facilitation: 3', 'Entrepreneurial Mindset: 2', 'Initiative: 3']}"
Joan,Hill,14958454,Bolivia,IOT Platform Engineer,jr,"{'hard': ['Microservices Architecture: 1', 'Firmware Development: 1', 'Database Management: 1', 'Device Management: 1', 'Cloud Computing: 1'], 'soft': ['Time Management: 1', 'Team Building: 1', 'Humility: 1', 'Cultural Awareness: 1', 'Collaboration: 1']}"
Elizabeth,Harris,22109903,Paraguay,Web UI Developer,ssr,"{'hard': ['Typography: 1', 'UI/UX Design: 2', 'JavaScript: 1', 'Cross-Browser Compatibility: 2', 'Color Theory: 1'], 'soft': ['Delegation: 1', 'Persuasion: 1', 'Global Awareness: 2', 'Networking Skills: 1', 'Task Prioritization: 2']}"
Daniel,Neal,94399683,Bolivia,Web UI Developer,sr2,"{'hard': ['JavaScript: 2', 'Animations: 2', 'Image Optimization: 2', 'Responsive Design: 3', 'Git: 3', 'UI/UX Design: 3', 'Typography: 2', 'Web Standards: 4', 'Design Systems: 4', 'Vue.js: 2'], 'soft': ['Delegation: 4', 'Personality Awareness: 4', 'Authenticity: 2', 'Leadership: 1', 'Coaching: 1', 'Humility: 3', 'Analytical Thinking: 2', 'Process Improvement: 2', 'Conflict Management: 1', 'Adaptability: 1', 'Time Awareness: 3', 'Quality Assurance: 2']}"
Elizabeth,Hayes,69648960,Mexico,Game Developer,ssr,"{'hard': ['Gameplay Programming: 2', 'Game Prototyping: 2', 'Game Testing: 2', 'Unity: 2', 'Shader Programming: 2'], 'soft': ['Work-Life Balance: 1', 'Service Orientation: 1', 'Negotiation Tactics: 2', 'Change Management: 2', 'Technology Savvy: 2']}"
Jason,Thompson,72588576,Argentina,Cloud Engineer,jr,"{'hard': ['Scripting (Python, Bash): 1', 'Security Best Practices: 1', 'Infrastructure as Code (IaC): 1', 'Disaster Recovery Planning: 1', 'Azure: 1'], 'soft': ['Adaptability to Change: 1', 'Professionalism: 1', 'Civic Responsibility: 1', 'Virtual Collaboration: 1', 'Self-Regulation: 1']}"
Clayton,Fisher,63360469,Ecuador,IOT Platform Engineer,sr3,"{'hard': ['Big Data Technologies: 2', 'API Development: 3', 'Cloud Platforms (AWS IoT, Azure IoT): 4', 'Testing and Validation: 5', 'User Interface Design: 5', 'Device Management: 2', 'Cloud Computing: 4', 'Database Management: 4', 'Firmware Development: 2', 'Deployment Techniques: 4', 'IoT Protocols (MQTT, CoAP): 2', 'Network Security: 5', 'Data Visualization: 5', 'Device Connectivity: 3'], 'soft': ['Responsibility: 3', 'Time Awareness: 5', 'Negotiation: 5', 'Resilience: 3', 'Research Skills: 2', 'Emotional Resilience: 2', 'Professionalism: 3', 'Initiative: 2', 'Empathy: 2', 'Integrity: 4', 'Mentoring Skills: 2', 'Presentation Skills: 3', 'Stress Resilience: 5', 'Problem Solving: 4', 'Feedback Acceptance: 3']}"
Brittany,Murray,20983973,Colombia,Cobol Developer,ssr,"{'hard': ['User Acceptance Testing (UAT): 1', 'Client Interaction: 2', 'Business Logic: 2', 'Documentation: 2', 'Data Warehousing: 2'], 'soft': ['Integrity: 1', 'Global Awareness: 2', 'Data Interpretation: 1', 'Open-mindedness: 2', 'Trustworthiness: 1']}"
Olivia,Brooks,19141394,Mexico,Cloud Engineer,sr1,"{'hard': ['Agile: 3', 'Scripting (Python, Bash): 3', 'Application Networking: 1', 'Automation Tools: 2', 'Docker: 3', 'CI/CD: 1', 'Monitoring and Logging: 1', 'Resource Allocation: 3', 'Service Mesh: 1', 'Security Best Practices: 2'], 'soft': ['Virtual Collaboration: 3', 'Coaching: 3', 'Motivational Skills: 2', 'Emotional Intelligence: 1', 'Conflict Management: 1', 'Leadership: 1', 'Feedback Delivery: 2', 'Resource Allocation: 2', 'Team Building: 2', 'Authenticity: 1', 'Resilience: 3', 'Entrepreneurial Mindset: 2']}"
Maria,Brock,69786634,Ecuador,iOS Mobile Developer,ssr,"{'hard': ['Reactive Programming: 2', 'In-App Purchases: 1', 'Debugging: 2', 'iOS SDK: 2', 'UIKit: 1'], 'soft': ['Conflict Management: 1', 'Client Management: 1', 'Cognitive Flexibility: 2', 'Intellectual Curiosity: 1', 'Work Ethic: 2']}"
Susan,Ray,24699504,Ecuador,Data Engineer,sr3,"{'hard': ['Cloud Data Solutions (AWS, Azure, GCP): 3', 'NoSQL Databases: 2', 'Data Modeling: 5', 'Data Security: 4', 'Data Governance: 2', 'Data Quality Management: 5', 'Data Transformation: 2', 'Data Pipeline Development: 2', 'Big Data Technologies: 5', 'Python: 4', 'Business Intelligence: 2', 'Apache Spark: 4', 'Data Architecture: 2', 'ETL Processes: 3'], 'soft': ['Situational Awareness: 3', 'Integrity: 4', 'Intellectual Curiosity: 2', 'Service Orientation: 3', 'Mentoring: 3', 'Scientific Thinking: 4', 'Leadership: 2', 'Workplace Culture Awareness: 4', 'Ethical Judgment: 3', 'Influencing: 5', 'Resource Allocation: 4', 'Work-Life Balance: 3', 'Personality Awareness: 5', 'Innovation: 3', 'Public Relations: 2']}"
Billy,Lopez,68801655,Mexico,Salesforce Developer,sr2,"{'hard': ['Version Control: 3', 'Salesforce CRM: 3', 'Lightning Web Components: 2', 'Community Cloud: 4', 'Deployment Techniques: 3', 'Git: 1', 'Agile: 2', 'Business Process Automation: 3', 'Process Builder: 3', 'Testing Frameworks: 2'], 'soft': ['Networking: 1', 'Time Awareness: 2', 'Creativity: 2', 'Scientific Thinking: 3', 'Intuition: 4', 'Change Management: 3', 'Influencing: 3', 'Quality Assurance: 2', 'Client Management: 3', 'Service Orientation: 2', 'Team Building: 3', 'Communication: 2']}"
Emily,Curry,96062682,Peru,Test Automation Engineer,ssr,"{'hard': ['Reporting Tools: 2', 'Load Testing: 1', 'JUnit: 2', 'Scripting: 2', 'CI/CD: 1'], 'soft': ['Mentoring: 1', 'Interpersonal Communication: 2', 'Self-Discipline: 1', 'Relationship Building: 1', 'Risk Management: 2']}"
Stephanie,Jackson,75013363,Venezuela,PHP Developer,sr3,"{'hard': ['HTML: 4', 'Version Control: 4', 'Security Best Practices: 3', 'Git: 2', 'Continuous Integration: 2', 'Frameworks (CodeIgniter): 4', 'API Development: 3', 'Symfony: 3', 'Debugging: 2', 'Agile: 2', 'Composer: 5', 'JavaScript: 2', 'Composer: 4', 'PHP: 4'], 'soft': ['Feedback Delivery: 2', 'Open-mindedness: 4', 'Active Listening: 3', 'Professionalism: 3', 'Public Speaking: 2', 'Civic Responsibility: 5', 'Diversity Awareness: 2', 'Resourcefulness: 2', 'Communication: 3', 'Social Intelligence: 2', 'Quality Assurance: 4', 'Creativity: 4', 'Networking: 2', 'Persuasion: 5', 'Initiative: 2']}"
Michael,Andrews,83533864,Ecuador,Java Developer,sr3,"{'hard': ['Data Access Layer: 2', 'REST APIs: 2', 'Spring Boot: 5', 'Security: 3', 'Git: 3', 'Docker: 3', 'Unit Testing: 4', 'XML: 3', 'Cloud Services: 5', 'Agile: 3', 'JDBC: 5', 'Performance Tuning: 2', 'Java: 5', 'Continuous Integration: 3'], 'soft': ['Self-Discipline: 3', 'Workplace Culture Awareness: 3', 'Negotiation: 5', 'Stress Resilience: 4', 'Work Ethic: 5', 'Active Listening: 5', 'Networking: 4', 'Communication: 2', 'Interpersonal Skills: 5', 'Service Orientation: 2', 'Intellectual Curiosity: 4', 'Civic Engagement: 2', 'Delegation: 5', 'Trust Building: 2', 'Technology Savvy: 2']}"
Sarah,Calhoun,34319472,Uruguay,Test Automation Engineer,sr2,"{'hard': ['Version Control (Git): 2', 'Defect Tracking: 1', 'Performance Testing: 4', 'JavaScript: 2', 'Cloud Testing: 1', 'Mocking Frameworks: 1', 'Automation Strategy: 3', 'Test Management Tools: 4', 'Regression Testing: 3', 'User Interface Testing: 1'], 'soft': ['Task Prioritization: 4', 'Civic Responsibility: 2', 'Humility: 1', 'Visionary Thinking: 1', 'Networking: 1', 'Intellectual Curiosity: 4', 'Open-mindedness: 3', 'Resource Allocation: 1', 'Self-Motivation: 4', 'Team Building: 2', 'Initiative: 3', 'Public Speaking: 1']}"
Lori,Conway,62843835,Peru,C++ Developer,ssr,"{'hard': ['Compiler Optimization: 2', 'DirectX: 1', 'Windows API: 1', 'Static and Dynamic Libraries: 2', 'System Programming: 2'], 'soft': ['Creativity: 2', 'Positivity: 2', 'Intuition: 2', 'Technology Savvy: 1', 'Negotiation: 2']}"
James,Lang,43851808,Mexico,Java Developer,sr3,"{'hard': ['Continuous Integration: 5', 'Thread Management: 4', 'Java EE: 2', 'Data Access Layer: 3', 'JSON: 5', 'JavaFX: 5', 'API Development: 5', 'Performance Tuning: 4', 'Hibernate: 5', 'Design Patterns: 4', 'Kubernetes: 2', 'Internationalization: 3', 'Spring Boot: 2', 'Maven: 3'], 'soft': ['Coaching: 4', 'Learning Agility: 2', 'Teamwork: 4', 'Entrepreneurial Mindset: 4', 'Resilience: 2', 'Research Skills: 2', 'Conflict Resolution: 5', 'Client Management: 3', 'Mentoring: 4', 'Creativity: 5', 'Authenticity: 2', 'Customer Service: 4', 'Intellectual Curiosity: 5', 'Cultural Awareness: 2', 'Resource Allocation: 2']}"
Anthony,Harper,20890765,Uruguay,Cloud Engineer,sr3,"{'hard': ['Cloud Security: 5', 'Resource Allocation: 4', 'Database Management: 3', 'Kubernetes: 3', 'Automation Tools: 2', 'Service Mesh: 5', 'Serverless Computing: 2', 'AWS: 2', 'Docker: 2', 'Virtualization: 4', 'CI/CD: 3', 'Backup and Recovery: 4', 'API Management: 2', 'Configuration Management: 3'], 'soft': ['Trust Building: 3', 'Mentoring Skills: 4', 'Public Relations: 2', 'Process Improvement: 4', 'Networking Skills: 2', 'Diversity Awareness: 5', 'Leadership: 3', 'Task Prioritization: 5', 'Communication: 3', 'Writing Skills: 2', 'Relationship Building: 3', 'Stress Management: 3', 'Ethical Judgment: 3', 'Cultural Awareness: 2', 'Flexibility: 2']}"
Heather,Martinez,28328008,Ecuador,Flutter Developer,ssr,"{'hard': ['Asynchronous Programming: 2', 'Flutter: 1', 'Integration Testing: 2', 'Network Connectivity: 2', 'Error Handling: 1'], 'soft': ['Work-Life Balance: 2', 'Task Prioritization: 1', 'Cognitive Flexibility: 1', 'Intuition: 2', 'Critical Thinking: 1']}"
Heather,Romero,65905015,Argentina,SQL Developer,sr2,"{'hard': ['Debugging: 2', 'Agile: 4', 'Data Visualization: 3', 'T-SQL: 2', 'PostgreSQL: 2', 'Data Governance: 2', 'Data Structures: 1', 'Reporting Tools: 4', 'Version Control: 4', 'PL/SQL: 4'], 'soft': ['Virtual Collaboration: 1', 'Client Management: 2', 'Influencing: 4', 'Feedback Delivery: 2', 'Communication: 3', 'Adaptability to Change: 3', 'Work Ethic: 1', 'Leadership: 3', 'Teamwork: 3', 'Humility: 1', 'Emotional Intelligence: 4', 'Critical Observation: 4']}"
Mary,Melton,77958985,Chile,Web UI Developer,sr3,"{'hard': ['Angular: 3', 'Microinteractions: 3', 'Progressive Enhancement: 3', 'Performance Optimization: 3', 'Version Control: 5', 'Debugging: 2', 'Image Optimization: 5', 'Git: 5', 'REST APIs: 4', 'Design Systems: 2', 'Typography: 5', 'JavaScript: 5', 'React: 5', 'Color Theory: 5'], 'soft': ['Self-Confidence: 2', 'Cultural Awareness: 5', 'Emotional Resilience: 3', 'Team Building: 4', 'Communication: 3', 'Problem Solving: 3', 'Negotiation: 4', 'Personality Awareness: 2', 'Interpersonal Skills: 5', 'Workplace Culture Awareness: 5', 'Emotional Intelligence: 5', 'Risk Management: 3', 'Positivity: 5', 'Process Improvement: 4', 'Mentoring: 2']}"
Lauren,Roberts,59193546,Argentina,Ruby Developer,jr,"{'hard': ['User Authentication: 1', 'Git: 1', 'Task Scheduling: 1', 'Integration with Third-party APIs: 1', 'Database Design: 1'], 'soft': ['Goal Setting: 1', 'Humility: 1', 'Team Building: 1', 'Cultural Competence: 1', 'Stress Management: 1']}"
Monica,Roy,39041487,Ecuador,IOT Platform Engineer,jr,"{'hard': ['Scripting (Python, JavaScript): 1', 'Security Best Practices: 1', 'Data Visualization: 1', 'Cloud Computing: 1', 'Edge Computing: 1'], 'soft': ['Mentoring: 1', 'Interpersonal Skills: 1', 'Trust Building: 1', 'Feedback Acceptance: 1', 'Diversity Awareness: 1']}"
Zachary,Bowers,78937102,Uruguay,Data Engineer,sr2,"{'hard': ['Data Visualization Tools (Tableau, Power BI): 4', 'API Development: 2', 'Business Intelligence: 4', 'Apache Kafka: 4', 'Data Architecture: 2', 'Data Integration Tools: 3', 'Data Security: 4', 'Data Lakes: 4', 'Agile: 1', 'Performance Tuning: 1'], 'soft': ['Public Speaking: 3', 'Empathy: 2', 'Creativity: 4', 'Self-Confidence: 3', 'Inclusivity: 3', 'Time Optimization: 1', 'Strategic Communication: 1', 'Teamwork: 4', 'Crisis Management: 1', 'Resourcefulness: 4', 'Feedback Delivery: 3', 'Team Building: 4']}"
Alexander,Price,25708272,Uruguay,Web UI Developer,sr2,"{'hard': ['UI/UX Design: 3', 'Vue.js: 2', 'Typography: 2', 'Image Optimization: 3', 'Animations: 2', 'Cross-Browser Compatibility: 3', 'Agile: 4', 'Progressive Enhancement: 4', 'Accessibility Standards: 1', 'Performance Optimization: 3'], 'soft': ['Quality Assurance: 1', 'Personality Awareness: 1', 'Teamwork: 1', 'Cognitive Flexibility: 3', 'Time Management: 2', 'Visionary Thinking: 3', 'Stress Management: 2', 'Humility: 3', 'Negotiation Tactics: 3', 'Strategic Communication: 3', 'Virtual Collaboration: 2', 'Networking Skills: 1']}"
Arthur,Taylor,84766184,Colombia,SQL Developer,sr1,"{'hard': ['Database Administration: 2', 'Data Analysis: 2', 'SQL: 1', 'Business Intelligence Tools: 2', 'Data Quality Management: 2', 'Performance Tuning: 1', 'Integration with Third-party Tools: 3', 'PL/SQL: 3', 'Reporting Tools: 2', 'MySQL: 1'], 'soft': ['Time Optimization: 2', 'Time Awareness: 3', 'Public Speaking: 3', 'Negotiation: 1', 'Authenticity: 1', 'Service Orientation: 2', 'Visionary Leadership: 2', 'Resource Allocation: 2', 'Interpersonal Communication: 3', 'Feedback Acceptance: 1', 'Self-Discipline: 1', 'Risk Management: 2']}"
Samantha,Pollard,69482384,Ecuador,Game Developer,sr3,"{'hard': ['Live Ops: 3', 'Level Design: 2', 'Game Monetization: 2', 'Game Design: 2', 'Game Prototyping: 3', 'Performance Optimization: 3', 'Game Analytics: 2', '3D Modeling: 2', 'Unity: 4', 'Storyboarding: 4', 'Game Testing: 4', 'Procedural Generation: 5', 'Cross-platform Development: 4', 'Graphics Programming: 5'], 'soft': ['Innovation: 4', 'Scientific Thinking: 5', 'Performance Management: 3', 'Personality Awareness: 4', 'Technology Savvy: 5', 'Attention to Detail: 2', 'Trust Building: 4', 'Emotional Intelligence: 2', 'Problem Solving: 2', 'Adaptability: 2', 'Humility: 4', 'Creativity: 3', 'Visionary Leadership: 5', 'Leadership: 4', 'Decision Making: 3']}"
Joseph,Martinez,20793614,Venezuela,Cobol Developer,sr1,"{'hard': ['IBM z/OS: 1', 'SQL: 1', 'Documentation: 1', 'Unit Testing: 3', 'COBOL: 3', 'SoftTech: 2', 'JCL: 1', 'Performance Tuning: 1', 'Debugging: 2', 'DB2: 1'], 'soft': ['Coaching: 3', 'Cultural Awareness: 3', 'Visionary Thinking: 1', 'Critical Observation: 3', 'Public Speaking: 3', 'Presentation Skills: 2', 'Creativity: 3', 'Global Awareness: 2', 'Attention to Detail: 3', 'Goal Setting: 3', 'Initiative: 1', 'Technology Savvy: 3']}"
Mary,Gomez,67361901,Chile,Web Mobile Developer,sr3,"{'hard': ['Accessibility Standards: 3', 'Debugging: 4', 'Mobile First Design: 4', 'React Native: 5', 'Frontend Frameworks: 4', 'Code Review: 5', 'WebSockets: 2', 'CSS: 3', 'Cross-Browser Compatibility: 4', 'Testing Frameworks: 4', 'Responsive Design: 2', 'Flutter: 5', 'Git: 4', 'Version Control: 2'], 'soft': ['Attention to Detail: 4', 'Diversity Awareness: 3', 'Self-Discipline: 5', 'Strategic Thinking: 2', 'Research Skills: 3', 'Quality Assurance: 4', 'Negotiation Tactics: 3', 'Visionary Thinking: 5', 'Authenticity: 4', 'Influencing: 3', 'Time Awareness: 3', 'Public Relations: 3', 'Problem Solving: 4', 'Self-Motivation: 5', 'Integrity: 5']}"
Adriana,Welch,14253224,Paraguay,Sharepoint Developer,ssr,"{'hard': ['CSS: 2', 'JavaScript: 2', 'Database Design: 1', 'HTML: 1', 'Debugging: 2'], 'soft': ['Cognitive Flexibility: 1', 'Workplace Culture Awareness: 2', 'Open-mindedness: 1', 'Cultural Awareness: 1', 'Stress Management: 1']}"
Cheryl,Rogers,22826125,Argentina,SQL Developer,ssr,"{'hard': ['Version Control: 2', 'Query Optimization: 2', 'SQL: 2', 'Agile: 2', 'SQL Server: 2'], 'soft': ['Interpersonal Skills: 1', 'Quality Assurance: 1', 'Collaboration: 2', 'Work-Life Balance: 1', 'Resource Allocation: 1']}"
Edward,Holmes,71727368,Argentina,DevOps Engineer,sr1,"{'hard': ['Scripting (Bash, Python): 2', 'Database Management: 2', 'Infrastructure as Code (IaC): 3', 'Load Balancing: 3', 'Automation Tools: 3', 'Monitoring and Logging: 1', 'Application Performance Monitoring (APM): 2', 'Change Management: 1', 'Docker: 1', 'Site Reliability Engineering (SRE): 1'], 'soft': ['Diversity Awareness: 3', 'Initiative: 3', 'Learning Agility: 2', 'Interpersonal Communication: 3', 'Interpersonal Skills: 2', 'Cultural Awareness: 3', 'Social Intelligence: 2', 'Team Building: 1', 'Creativity: 2', 'Critical Observation: 3', 'Intellectual Curiosity: 3', 'Humility: 1']}"
Ashley,Sutton,76366999,Uruguay,Cloud Engineer,sr2,"{'hard': ['CI/CD: 4', 'Version Control (Git): 2', 'Virtualization: 1', 'Application Networking: 3', 'Cloud Security: 3', 'Scripting (Python, Bash): 4', 'Cost Optimization: 4', 'Cloud Architecture: 1', 'Google Cloud Platform: 3', 'Kubernetes: 1'], 'soft': ['Learning Agility: 1', 'Stress Resilience: 1', 'Integrity: 3', 'Humility: 3', 'Emotional Resilience: 1', 'Time Awareness: 2', 'Cultural Awareness: 4', 'Goal Setting: 3', 'Strategic Thinking: 1', 'Critical Thinking: 1', 'Strategic Communication: 3', 'Self-Discipline: 3']}"
Stephanie,Huff,51464265,Mexico,Python Developer,sr1,"{'hard': ['Cloud Services: 3', 'Matplotlib: 2', 'REST APIs: 2', 'Algorithms: 1', 'Pytorch: 1', 'APIs: 3', 'Spark: 1', 'Web Scraping: 3', 'Natural Language Processing (NLP): 3', 'Data Visualization: 1'], 'soft': ['Mentoring: 3', 'Cognitive Flexibility: 3', 'Situational Awareness: 2', 'Resilience: 1', 'Change Facilitation: 2', 'Personality Awareness: 3', 'Resourcefulness: 3', 'Creativity: 3', 'Diversity Awareness: 1', 'Time Optimization: 2', 'Goal Setting: 3', 'Delegation: 2']}"
Jeffrey,Gallagher,58314180,Chile,NodeJs Developer,sr1,"{'hard': ['Data Structures: 2', 'Error Handling: 1', 'Debugging: 2', 'Middleware: 3', 'CI/CD: 2', 'Security Best Practices: 3', 'WebSockets: 3', 'Kubernetes: 3', 'MongoDB: 3', 'Microservices: 3'], 'soft': ['Process Improvement: 3', 'Strategic Thinking: 2', 'Workplace Culture Awareness: 1', 'Creativity: 2', 'Diversity Awareness: 3', 'Self-Regulation: 1', 'Relationship Building: 3', 'Professionalism: 3', 'Time Awareness: 1', 'Interpersonal Communication: 3', 'Task Prioritization: 1', 'Adaptability: 3']}"
Todd,Bailey,50276227,Peru,Salesforce Developer,sr2,"{'hard': ['Change Sets: 1', 'Community Cloud: 4', 'Salesforce Apex: 1', 'SOQL: 2', 'Sales Cloud: 4', 'Lightning Components: 1', 'Data Structures: 1', 'Salesforce CRM: 3', 'Version Control: 1', 'Data Modeling: 3'], 'soft': ['Cognitive Flexibility: 4', 'Self-Motivation: 4', 'Team Building: 3', 'Research Skills: 3', 'Public Speaking: 1', 'Time Awareness: 1', 'Quality Assurance: 1', 'Social Skills: 2', 'Client Management: 3', 'Negotiation Tactics: 2', 'Diversity Awareness: 3', 'Workplace Culture Awareness: 1']}"
Laura,Pierce,50928459,Colombia,Cybersecurity Engineer,sr1,"{'hard': ['Firewalls: 2', 'Data Loss Prevention (DLP): 3', 'Forensics: 3', 'Vulnerability Assessment: 1', 'Threat Modeling: 2', 'Agile: 3', 'Incident Response: 1', 'Malware Analysis: 3', 'Security Auditing: 3', 'Application Security: 1'], 'soft': ['Negotiation Tactics: 3', 'Emotional Intelligence: 2', 'Civic Responsibility: 2', 'Emotional Resilience: 1', 'Change Management: 3', 'Creativity: 3', 'Task Prioritization: 1', 'Crisis Communication: 2', 'Intellectual Curiosity: 1', 'Motivational Skills: 3', 'Service Orientation: 1', 'Facilitation Skills: 1']}"
Darlene,Clark,19926481,Colombia,Ruby Developer,sr1,"{'hard': ['Data Migration: 1', 'Testing Frameworks (RSpec): 1', 'Performance Optimization: 3', 'Gem Management: 1', 'Data Structures: 3', 'Debugging: 1', 'Task Scheduling: 2', 'CSS: 3', 'Ruby on Rails: 3', 'Front-end Frameworks: 2'], 'soft': ['Teamwork: 3', 'Strategic Thinking: 3', 'Leadership: 3', 'Research Skills: 1', 'Self-Confidence: 2', 'Interpersonal Communication: 3', 'Diversity Awareness: 3', 'Initiative: 3', 'Workplace Culture Awareness: 1', 'Coaching: 2', 'Cognitive Flexibility: 3', 'Scientific Thinking: 1']}"
Jared,Young,39829225,Peru,Cybersecurity Engineer,sr3,"{'hard': ['Threat Modeling: 2', 'Scripting (Python, PowerShell): 4', 'Application Security: 3', 'Application Hardening: 2', 'Malware Analysis: 3', 'Endpoint Protection: 3', 'DevSecOps: 3', 'Identity and Access Management (IAM): 3', 'Authentication Mechanisms: 2', 'Vulnerability Assessment: 5', 'Cloud Security: 5', 'Data Protection: 3', 'Agile: 3', 'Data Loss Prevention (DLP): 5'], 'soft': ['Stress Resilience: 5', 'Positivity: 3', 'Visionary Thinking: 3', 'Customer Service: 3', 'Presentation Skills: 4', 'Humility: 5', 'Client Management: 4', 'Time Awareness: 3', 'Open-mindedness: 2', 'Negotiation Tactics: 3', 'Relationship Building: 3', 'Writing Skills: 5', 'Learning Agility: 3', 'Influencing: 5', 'Motivation: 5']}"
Jeffrey,Baker,73263538,Chile,Cobol Developer,ssr,"{'hard': ['Performance Tuning: 2', 'System Analysis: 1', 'COBOL: 2', 'SQL: 1', 'User Acceptance Testing (UAT): 1'], 'soft': ['Networking Skills: 2', 'Creativity: 2', 'Visionary Thinking: 1', 'Self-Motivation: 2', 'Risk Management: 1']}"
David,Alexander,87764996,Ecuador,Java Developer,sr1,"{'hard': ['Continuous Integration: 1', 'API Development: 3', 'JDBC: 1', 'Unit Testing: 2', 'Security: 1', 'Web Services: 3', 'Data Structures: 2', 'Multi-threading: 1', 'Data Access Layer: 2', 'Dependency Injection: 3'], 'soft': ['Problem Solving: 2', 'Communication: 2', 'Self-Motivation: 2', 'Stress Resilience: 3', 'Work-Life Balance: 1', 'Strategic Thinking: 1', 'Situational Awareness: 3', 'Relationship Building: 3', 'Scientific Thinking: 1', 'Civic Responsibility: 2', 'Cultural Awareness: 3', 'Social Intelligence: 1']}"
Virginia,Cain,96845492,Chile,Game Developer,sr1,"{'hard': ['Physics Simulation: 2', 'Unreal Engine: 3', 'Asset Management: 2', 'Multiplayer Networking: 1', 'Game Testing: 1', 'Game Optimization: 3', 'Cross-platform Development: 1', 'AI Programming: 2', 'Sound Design: 1', 'Animation: 1'], 'soft': ['Entrepreneurial Mindset: 3', 'Coaching: 3', 'Scientific Thinking: 1', 'Trust Building: 2', 'Customer Service: 3', 'Delegation: 2', 'Civic Engagement: 3', 'Stress Resilience: 2', 'Cultural Awareness: 1', 'Quality Assurance: 1', 'Trustworthiness: 2', 'Self-Discipline: 3']}"
Nathan,Griffith,30675787,Uruguay,Ruby Developer,sr1,"{'hard': ['Object-Oriented Programming: 3', 'REST APIs: 2', 'Responsive Design: 1', 'Active Record: 1', 'Middleware: 3', 'Caching Techniques: 1', 'Ruby on Rails: 3', 'Data Structures: 1', 'API Development: 3', 'Security Best Practices: 3'], 'soft': ['Self-Motivation: 1', 'Inclusivity: 1', 'Work-Life Balance: 2', 'Performance Management: 2', 'Cultural Awareness: 1', 'Analytical Thinking: 3', 'Personality Awareness: 3', 'Mentoring Skills: 2', 'Attention to Detail: 1', 'Virtual Collaboration: 3', 'Social Intelligence: 2', 'Entrepreneurial Mindset: 1']}"
Lisa,Randolph,89847567,Colombia,NodeJs Developer,sr2,"{'hard': ['Error Handling: 4', 'Middleware: 3', 'MongoDB: 3', 'SQL: 4', 'Asynchronous Programming: 2', 'Security Best Practices: 4', 'API Development: 2', 'Mocha: 4', 'Chai: 4', 'Performance Optimization: 3'], 'soft': ['Resourcefulness: 2', 'Risk Management: 2', 'Problem Solving: 4', 'Self-Regulation: 1', 'Authenticity: 4', 'Adaptability to Change: 2', 'Leadership: 2', 'Process Improvement: 1', 'Trust Building: 3', 'Mentoring: 4', 'Presentation Skills: 4', 'Work-Life Balance: 1']}"
Robert,Lucas,56931180,Peru,Data Engineer,jr,"{'hard': ['Performance Tuning: 1', 'Data Transformation: 1', 'SQL: 1', 'Version Control (Git): 1', 'Data Quality Management: 1'], 'soft': ['Critical Thinking: 1', 'Conflict Management: 1', 'Technology Savvy: 1', 'Change Facilitation: 1', 'Stress Resilience: 1']}"
John,Jimenez,78545796,Bolivia,IOT Platform Engineer,jr,"{'hard': ['Data Processing: 1', 'Interoperability Standards: 1', 'Network Security: 1', 'API Development: 1', 'Data Visualization: 1'], 'soft': ['Teamwork: 1', 'Strategic Communication: 1', 'Writing Skills: 1', 'Workplace Culture Awareness: 1', 'Adaptability: 1']}"
Mary,Levine,88816468,Venezuela,Salesforce Developer,sr2,"{'hard': ['Triggers: 4', 'Integration with Third-party Services: 2', 'Process Builder: 1', 'Data Structures: 1', 'Business Process Automation: 4', 'Deployment Techniques: 1', 'Change Sets: 4', 'Agile: 1', 'Lightning Components: 4', 'Salesforce CRM: 3'], 'soft': ['Critical Observation: 4', 'Conflict Management: 3', 'Networking Skills: 3', 'Collaboration: 1', 'Learning Agility: 3', 'Client Management: 2', 'Risk Management: 4', 'Time Management: 2', 'Negotiation: 3', 'Feedback Acceptance: 2', 'Intuition: 3', 'Social Skills: 4']}"
Katherine,Hale,82725027,Venezuela,Web Mobile Developer,jr,"{'hard': ['Git: 1', 'Continuous Integration/Continuous Deployment (CI/CD): 1', 'Agile: 1', 'State Management: 1', 'HTML: 1'], 'soft': ['Crisis Communication: 1', 'Critical Observation: 1', 'Stress Resilience: 1', 'Self-Confidence: 1', 'Attention to Detail: 1']}"
Ronald,Mcknight,74473426,Uruguay,Web UI Developer,sr3,"{'hard': ['Vue.js: 3', 'Color Theory: 5', 'Responsive Design: 3', 'Progressive Enhancement: 2', 'Web Design Principles: 3', 'Figma/Adobe XD: 4', 'Typography: 2', 'HTML: 5', 'Debugging: 3', 'Design Systems: 2', 'CSS Preprocessors (Sass, LESS): 5', 'Accessibility Standards: 5', 'Version Control: 5', 'Front-End Frameworks: 2'], 'soft': ['Work-Life Balance: 4', 'Responsibility: 2', 'Critical Observation: 2', 'Intellectual Curiosity: 5', 'Motivation: 4', 'Task Prioritization: 3', 'Process Improvement: 5', 'Mentoring: 2', 'Collaboration: 5', 'Interpersonal Skills: 3', 'Diversity Awareness: 4', 'Analytical Thinking: 3', 'Creativity: 4', 'Change Management: 3', 'Coaching: 2']}"
Christina,Salazar,15301303,Venezuela,Game Developer,ssr,"{'hard': ['Unity: 2', 'Game Optimization: 1', 'Debugging: 1', 'Gameplay Programming: 2', 'Asset Management: 1'], 'soft': ['Facilitation Skills: 2', 'Initiative: 1', 'Responsibility: 1', 'Crisis Communication: 2', 'Motivation: 2']}"
Jeremy,Boone,93354087,Argentina,NodeJs Developer,ssr,"{'hard': ['Event-Driven Architecture: 1', 'Data Structures: 2', 'Version Control: 2', 'Debugging: 2', 'Performance Optimization: 1'], 'soft': ['Virtual Collaboration: 2', 'Strategic Thinking: 1', 'Visionary Leadership: 1', 'Critical Observation: 1', 'Open-mindedness: 1']}"
Paige,Warner,93063485,Bolivia,Java Developer,ssr,"{'hard': ['Microservices: 1', 'SOAP: 2', 'Cloud Services: 2', 'Data Structures: 1', 'REST APIs: 2'], 'soft': ['Data Interpretation: 1', 'Self-Discipline: 1', 'Decision Making: 1', 'Initiative: 2', 'Risk Management: 1']}"
Gordon,Thornton,53904638,Ecuador,.Net Developer,jr,"{'hard': ['Version Control (Git): 1', 'Web Services: 1', 'WCF: 1', 'Data Structures: 1', 'Design Patterns: 1'], 'soft': ['Work-Life Balance: 1', 'Entrepreneurial Mindset: 1', 'Service Orientation: 1', 'Professionalism: 1', 'Time Management: 1']}"
Amanda,Adkins,77326253,Venezuela,IOT Platform Engineer,jr,"{'hard': ['Sensor Technologies: 1', 'Database Management: 1', 'User Authentication: 1', 'Device Connectivity: 1', 'Remote Device Monitoring: 1'], 'soft': ['Time Awareness: 1', 'Social Intelligence: 1', 'Coaching: 1', 'Team Building: 1', 'Crisis Communication: 1']}"
Angela,Butler,79573802,Colombia,C++ Developer,sr1,"{'hard': ['Unit Testing: 1', 'Compiler Optimization: 2', 'Version Control (Git): 1', 'Windows API: 3', 'OpenGL: 2', 'Static and Dynamic Libraries: 1', 'CMake: 1', 'Game Development: 1', 'Embedded Systems: 1', 'Cross-Platform Development: 3'], 'soft': ['Collaboration: 1', 'Mentoring Skills: 3', 'Trustworthiness: 3', 'Time Management: 1', 'Quality Assurance: 2', 'Service Orientation: 3', 'Intellectual Curiosity: 3', 'Persuasion: 3', 'Creativity: 2', 'Problem Solving: 1', 'Interpersonal Communication: 1', 'Process Improvement: 2']}"
Craig,Carter,95464371,Venezuela,Cybersecurity Engineer,jr,"{'hard': ['Malware Analysis: 1', 'Penetration Testing: 1', 'Scripting (Python, PowerShell): 1', 'Data Protection: 1', 'Encryption Techniques: 1'], 'soft': ['Open-mindedness: 1', 'Stress Resilience: 1', 'Positivity: 1', 'Emotional Resilience: 1', 'Resource Allocation: 1']}"
Gabriel,Holmes,15254681,Uruguay,C++ Developer,jr,"{'hard': ['Qt Framework: 1', 'Unit Testing: 1', 'Cross-Platform Development: 1', 'Templates: 1', 'Static and Dynamic Libraries: 1'], 'soft': ['Emotional Resilience: 1', 'Learning Agility: 1', 'Task Prioritization: 1', 'Conflict Resolution: 1', 'Adaptability to Change: 1']}"
Stephanie,Mcdonald,37740980,Uruguay,Sharepoint Developer,sr2,"{'hard': ['Workflow Automation: 3', 'Integration with Third-party Services: 2', 'CSS: 3', 'Information Architecture: 3', 'Agile: 2', 'Document Libraries: 2', 'ASP.NET: 2', 'Testing Automation: 1', 'Debugging: 3', 'SharePoint Online: 3'], 'soft': ['Attention to Detail: 1', 'Team Building: 4', 'Cultural Awareness: 2', 'Critical Thinking: 3', 'Innovation: 3', 'Initiative: 1', 'Negotiation Tactics: 1', 'Stress Management: 4', 'Interpersonal Skills: 2', 'Quality Assurance: 1', 'Strategic Communication: 1', 'Crisis Communication: 3']}"
Leonard,Ramirez,22214976,Bolivia,RPA Developer,sr3,"{'hard': ['Documentation: 3', 'Excel VBA: 3', 'Integration with Third-party Applications: 3', 'Java: 4', 'Reporting: 3', 'Python: 4', 'Workflow Design: 4', 'Automation Anywhere: 5', 'Continuous Improvement: 3', 'Data Quality Management: 5', 'Exception Handling: 2', 'User Training: 3', 'Change Management: 3', 'Blue Prism: 3'], 'soft': ['Intellectual Curiosity: 2', 'Civic Responsibility: 4', 'Networking: 4', 'Critical Thinking: 5', 'Humility: 5', 'Intuition: 5', 'Social Skills: 2', 'Social Intelligence: 2', 'Analytical Thinking: 5', 'Ethical Judgment: 5', 'Coaching: 4', 'Quality Assurance: 3', 'Customer Service: 3', 'Resource Allocation: 2', 'Trust Building: 4']}"
Jacqueline,Brooks,37597245,Venezuela,Flutter Developer,jr,"{'hard': ['Continuous Integration: 1', 'Debugging: 1', 'Code Refactoring: 1', 'State Management: 1', 'Firebase: 1'], 'soft': ['Learning Agility: 1', 'Self-Regulation: 1', 'Resourcefulness: 1', 'Visionary Thinking: 1', 'Empathy: 1']}"
Kathleen,Gonzales,42612156,Bolivia,NodeJs Developer,sr3,"{'hard': ['MongoDB: 3', 'JWT: 2', 'Performance Optimization: 5', 'Chai: 4', 'NPM: 4', 'Postman: 2', 'Error Handling: 3', 'Data Structures: 5', 'Unit Testing: 2', 'Docker: 2', 'CI/CD: 5', 'API Development: 4', 'REST APIs: 4', 'GraphQL: 5'], 'soft': ['Critical Thinking: 4', 'Service Orientation: 5', 'Collaboration: 4', 'Negotiation: 3', 'Persuasion: 2', 'Goal Setting: 4', 'Scientific Thinking: 5', 'Feedback Acceptance: 2', 'Time Management: 3', 'Visionary Leadership: 5', 'Crisis Management: 2', 'Adaptability: 4', 'Professionalism: 3', 'Task Prioritization: 4', 'Self-Motivation: 5']}"
Lori,Jacobs,68125604,Mexico,Game Developer,sr1,"{'hard': ['Unity: 2', 'Cross-platform Development: 3', 'Multiplayer Networking: 2', 'Asset Management: 1', 'Version Control (Git): 2', 'Game Testing: 2', 'C#: 3', 'Agile: 2', 'Gameplay Programming: 3', 'Shader Programming: 3'], 'soft': ['Visionary Thinking: 2', 'Active Listening: 2', 'Virtual Collaboration: 3', 'Social Skills: 2', 'Strategic Communication: 2', 'Data Interpretation: 2', 'Client Management: 1', 'Cultural Awareness: 2', 'Personality Awareness: 3', 'Influencing: 1', 'Delegation: 2', 'Service Orientation: 2']}"
Ashley,Watson,79551857,Colombia,Python Developer,sr3,"{'hard': ['Data Mining: 5', 'Data Quality Assessment: 2', 'Debugging: 4', 'Unit Testing: 3', 'Python: 5', 'Pandas: 5', 'Natural Language Processing (NLP): 4', 'Web Scraping: 3', 'Django: 3', 'Data Engineering: 4', 'TensorFlow: 3', 'Security Best Practices: 5', 'Machine Learning: 2', 'Algorithms: 5'], 'soft': ['Negotiation Tactics: 5', 'Civic Engagement: 4', 'Diversity Awareness: 3', 'Team Building: 3', 'Trust Building: 4', 'Collaboration: 2', 'Creativity: 4', 'Humility: 3', 'Process Improvement: 2', 'Problem Solving: 5', 'Self-Discipline: 5', 'Goal Setting: 4', 'Coaching: 5', 'Inclusivity: 4', 'Self-Motivation: 5']}"
Matthew,Ware,31073242,Mexico,SQL Developer,sr3,"{'hard': ['Stored Procedures: 3', 'ETL: 5', 'SQL: 2', 'Data Structures: 2', 'Reporting Tools: 2', 'Business Intelligence Tools: 5', 'PL/SQL: 4', 'Triggers: 3', 'Data Analysis: 5', 'NoSQL Databases: 3', 'Version Control: 5', 'Integration with Third-party Tools: 2', 'Data Quality Management: 4', 'Data Migration: 4'], 'soft': ['Data Interpretation: 3', 'Performance Management: 5', 'Visionary Leadership: 5', 'Teamwork: 2', 'Diversity Awareness: 5', 'Technology Savvy: 2', 'Intuition: 4', 'Collaboration: 4', 'Persuasion: 2', 'Trust Building: 3', 'Adaptability to Change: 5', 'Negotiation Tactics: 2', 'Conflict Resolution: 4', 'Cultural Awareness: 3', 'Work Ethic: 2']}"
William,Morgan,43089682,Argentina,iOS Mobile Developer,sr3,"{'hard': ['Git: 5', 'Firebase: 5', 'UIKit: 3', 'Core Animation: 3', 'Reactive Programming: 2', 'SiriKit: 5', 'App Store Submission: 5', 'Animation: 3', 'iOS SDK: 4', 'Third-party Libraries: 4', 'iCloud: 5', 'Accessibility Features: 3', 'Unit Testing: 3', 'Network Connectivity: 4'], 'soft': ['Intellectual Curiosity: 4', 'Presentation Skills: 5', 'Client Management: 3', 'Social Skills: 4', 'Communication: 2', 'Feedback Delivery: 3', 'Emotional Resilience: 5', 'Relationship Building: 2', 'Humility: 4', 'Teamwork: 3', 'Conflict Management: 2', 'Resourcefulness: 2', 'Self-Motivation: 5', 'Empathy: 4', 'Creativity: 3']}"
Anthony,Stephens,23996342,Venezuela,Java Developer,sr1,"{'hard': ['SOAP: 2', 'Design Patterns: 1', 'Logging Frameworks: 2', 'Hibernate: 2', 'Security: 2', 'Data Access Layer: 3', 'JPA: 2', 'Java: 3', 'Spring Boot: 2', 'Microservices: 1'], 'soft': ['Positivity: 2', 'Networking: 1', 'Visionary Leadership: 2', 'Diversity Awareness: 1', 'Risk Management: 3', 'Social Intelligence: 1', 'Active Listening: 1', 'Motivation: 1', 'Time Optimization: 2', 'Work-Life Balance: 3', 'Facilitation Skills: 3', 'Ethical Judgment: 2']}"
Mark,Garcia,10048582,Bolivia,Game Developer,jr,"{'hard': ['Cross-platform Development: 1', 'Multiplayer Networking: 1', 'Gameplay Programming: 1', 'Sound Design: 1', 'Visual Scripting: 1'], 'soft': ['Networking Skills: 1', 'Self-Regulation: 1', 'Service Orientation: 1', 'Time Awareness: 1', 'Risk Management: 1']}"
Thomas,Lester,64412538,Uruguay,Ruby Developer,ssr,"{'hard': ['Front-end Frameworks: 2', 'SQL: 1', 'Integration with Third-party APIs: 1', 'Data Migration: 1', 'Performance Optimization: 2'], 'soft': ['Civic Responsibility: 2', 'Situational Awareness: 1', 'Interpersonal Communication: 1', 'Intuition: 2', 'Time Management: 2']}"
John,Durham,98574265,Venezuela,iOS Mobile Developer,sr3,"{'hard': ['SwiftUI: 3', 'Push Notifications: 4', 'Cocoa Touch: 4', 'iCloud: 4', 'In-App Purchases: 2', 'Agile: 3', 'Core Animation: 4', 'App Store Submission: 4', 'Animation: 2', 'Xcode: 2', 'Git: 3', 'Swift: 4', 'RESTful APIs: 2', 'Auto Layout: 4'], 'soft': ['Customer Service: 5', 'Intuition: 5', 'Public Relations: 5', 'Crisis Communication: 2', 'Global Awareness: 3', 'Conflict Resolution: 3', 'Conflict Management: 2', 'Critical Thinking: 5', 'Crisis Management: 3', 'Coaching: 3', 'Visionary Leadership: 5', 'Cultural Awareness: 4', 'Attention to Detail: 2', 'Active Listening: 3', 'Inclusivity: 2']}"
Joshua,Rodgers,89625878,Mexico,.Net Developer,jr,"{'hard': ['Security Best Practices: 1', 'Code Review: 1', 'Dependency Injection: 1', 'Containerization: 1', 'Visual Studio: 1'], 'soft': ['Visionary Leadership: 1', 'Resourcefulness: 1', 'Flexibility: 1', 'Civic Engagement: 1', 'Strategic Communication: 1']}"
Rachel,Thomas,39760047,Chile,Cybersecurity Engineer,sr3,"{'hard': ['Threat Intelligence: 4', 'Network Security: 3', 'Security Information and Event Management (SIEM): 5', 'Incident Management: 5', 'Security Auditing: 2', 'Penetration Testing: 4', 'Application Security: 5', 'Intrusion Detection Systems (IDS): 3', 'Security Awareness Training: 5', 'Agile: 4', 'Scripting (Python, PowerShell): 5', 'DevSecOps: 5', 'Security Frameworks (CIS, OWASP): 3', 'Network Protocols: 4'], 'soft': ['Task Prioritization: 5', 'Feedback Delivery: 3', 'Trustworthiness: 5', 'Client Management: 2', 'Team Building: 2', 'Work-Life Balance: 2', 'Inclusivity: 3', 'Crisis Communication: 5', 'Mentoring Skills: 3', 'Social Intelligence: 3', 'Negotiation: 4', 'Resourcefulness: 4', 'Active Listening: 4', 'Emotional Resilience: 5', 'Data Interpretation: 3']}"
Erin,Petersen,16997877,Bolivia,Cloud Engineer,sr1,"{'hard': ['Load Balancing: 1', 'Automation Tools: 2', 'Cloud Security: 1', 'AWS: 2', 'Kubernetes: 2', 'Virtualization: 2', 'API Management: 1', 'Service Mesh: 1', 'Cloud Migration: 1', 'Database Management: 2'], 'soft': ['Positivity: 2', 'Performance Management: 3', 'Social Skills: 3', 'Open-mindedness: 1', 'Workplace Culture Awareness: 2', 'Analytical Thinking: 3', 'Negotiation Tactics: 3', 'Social Intelligence: 3', 'Critical Observation: 2', 'Authenticity: 1', 'Data Interpretation: 2', 'Integrity: 2']}"
Denise,King,91211131,Chile,Data Engineer,sr2,"{'hard': ['Business Intelligence: 4', 'Data Quality Management: 2', 'Data Cataloging: 2', 'Hadoop: 2', 'Apache Kafka: 2', 'Data Lakes: 4', 'Scripting (Bash, Python): 1', 'Data Visualization Tools (Tableau, Power BI): 1', 'Performance Tuning: 3', 'SQL: 1'], 'soft': ['Emotional Resilience: 4', 'Active Listening: 4', 'Negotiation Tactics: 1', 'Scientific Thinking: 2', 'Stress Resilience: 2', 'Time Optimization: 1', 'Mentoring Skills: 2', 'Work-Life Balance: 2', 'Visionary Leadership: 4', 'Performance Management: 4', 'Decision Making: 1', 'Resource Allocation: 2']}"
Pam,Hall,60477317,Peru,C++ Developer,sr2,"{'hard': ['Windows API: 3', 'Embedded Systems: 1', 'Compiler Optimization: 3', 'Concurrency: 1', 'System Programming: 2', 'Debugging: 2', 'Boost Library: 4', 'Profiling: 1', 'Algorithms: 2', 'Memory Management: 1'], 'soft': ['Intuition: 3', 'Task Prioritization: 3', 'Diversity Awareness: 2', 'Motivational Skills: 4', 'Emotional Intelligence: 3', 'Presentation Skills: 2', 'Work Ethic: 1', 'Self-Motivation: 4', 'Analytical Thinking: 2', 'Entrepreneurial Mindset: 4', 'Innovation: 2', 'Data Interpretation: 3']}"
Jimmy,Elliott,31214416,Bolivia,Game Developer,sr2,"{'hard': ['Multiplayer Networking: 4', 'Shader Programming: 2', 'Unity: 3', 'Game Optimization: 2', 'Networking: 4', 'Game Analytics: 4', 'Storyboarding: 3', 'AI Programming: 3', 'C#: 2', 'Gameplay Programming: 1'], 'soft': ['Self-Discipline: 4', 'Workplace Culture Awareness: 4', 'Delegation: 1', 'Inclusivity: 1', 'Teamwork: 1', 'Interpersonal Communication: 1', 'Resource Allocation: 2', 'Presentation Skills: 4', 'Public Relations: 4', 'Cultural Awareness: 3', 'Networking: 4', 'Professionalism: 3']}"
Ashley,Murphy,29349538,Colombia,Data Engineer,sr3,"{'hard': ['Python: 5', 'Business Intelligence: 2', 'Data Security: 5', 'Cloud Data Solutions (AWS, Azure, GCP): 3', 'Data Architecture: 2', 'Performance Tuning: 2', 'Apache Kafka: 2', 'Hadoop: 4', 'Data Transformation: 2', 'Agile: 3', 'Data Integration Tools: 5', 'Data Visualization Tools (Tableau, Power BI): 5', 'Data Governance: 2', 'Data Lakes: 2'], 'soft': ['Coaching: 4', 'Diversity Awareness: 4', 'Flexibility: 2', 'Interpersonal Communication: 2', 'Communication: 4', 'Ethical Judgment: 2', 'Empathy: 5', 'Intuition: 5', 'Emotional Intelligence: 5', 'Delegation: 2', 'Emotional Resilience: 3', 'Active Listening: 5', 'Self-Discipline: 3', 'Adaptability: 5', 'Research Skills: 2']}"
Scott,Ortiz,90328269,Uruguay,Salesforce Developer,ssr,"{'hard': ['Salesforce CRM: 1', 'Version Control: 2', 'Business Process Automation: 2', 'Git: 1', 'Triggers: 2'], 'soft': ['Intellectual Curiosity: 1', 'Customer Service: 1', 'Initiative: 1', 'Motivational Skills: 1', 'Positivity: 1']}"
Alyssa,Ramos,68761455,Mexico,.Net Developer,sr3,"{'hard': ['Web API: 2', 'Dependency Injection: 3', 'Unit Testing: 5', 'Data Structures: 3', 'Containerization: 4', 'Design Patterns: 3', 'JavaScript: 3', 'Visual Studio: 3', '.NET Core: 4', 'WCF: 4', 'Agile: 4', 'ASP.NET: 5', '.NET Framework: 4', 'Cloud Services (Azure): 2'], 'soft': ['Risk Management: 2', 'Active Listening: 2', 'Intellectual Curiosity: 2', 'Crisis Management: 4', 'Civic Responsibility: 5', 'Empathy: 4', 'Authenticity: 5', 'Negotiation: 3', 'Open-mindedness: 3', 'Resourcefulness: 5', 'Inclusivity: 5', 'Civic Engagement: 3', 'Scientific Thinking: 2', 'Creativity: 2', 'Virtual Collaboration: 4']}"
Megan,Bates,50919260,Peru,Flutter Developer,ssr,"{'hard': ['Localization: 2', 'User Interface Testing: 1', 'Integration Testing: 1', 'Custom Widgets: 1', 'Accessibility Features: 1'], 'soft': ['Influencing: 1', 'Decision Making: 2', 'Innovation: 1', 'Performance Management: 1', 'Work Ethic: 2']}"
Ann,Williams,64005956,Bolivia,Flutter Developer,sr3,"{'hard': ['Dart: 3', 'Agile: 4', 'State Management: 3', 'Integration Testing: 5', 'App Deployment: 5', 'Cross-Platform Development: 2', 'Native Modules: 4', 'Accessibility Features: 4', 'Versioning: 4', 'UI/UX Design: 2', 'Internationalization: 5', 'Animations: 5', 'Third-party Libraries: 5', 'Asynchronous Programming: 5'], 'soft': ['Critical Observation: 2', 'Intuition: 5', 'Facilitation Skills: 4', 'Emotional Resilience: 3', 'Empathy: 5', 'Cultural Awareness: 4', 'Change Facilitation: 5', 'Negotiation: 5', 'Integrity: 5', 'Research Skills: 3', 'Quality Assurance: 5', 'Civic Responsibility: 5', 'Authenticity: 5', 'Social Skills: 2', 'Personality Awareness: 2']}"
Christie,Wood,84777581,Mexico,Game Developer,sr1,"{'hard': ['Live Ops: 2', 'VR/AR Development: 1', 'Physics Simulation: 1', 'Level Design: 3', 'C#: 1', 'Game Monetization: 1', 'Game Testing: 2', 'Debugging: 1', 'User Interface Design: 1', 'Gameplay Programming: 1'], 'soft': ['Interpersonal Communication: 3', 'Humility: 3', 'Interpersonal Skills: 3', 'Facilitation Skills: 3', 'Situational Awareness: 1', 'Critical Observation: 1', 'Analytical Thinking: 1', 'Motivation: 3', 'Feedback Acceptance: 3', 'Global Awareness: 3', 'Research Skills: 2', 'Performance Management: 1']}"
Bill,Obrien,74004149,Chile,DevOps Engineer,ssr,"{'hard': ['Infrastructure as Code (IaC): 1', 'Backup Strategies: 1', 'Change Management: 1', 'Version Control (Git): 1', 'Incident Management: 2'], 'soft': ['Stress Resilience: 2', 'Responsibility: 2', 'Cognitive Flexibility: 1', 'Relationship Building: 2', 'Process Improvement: 2']}"
James,Peterson,37893112,Peru,SQL Developer,ssr,"{'hard': ['Data Modeling: 1', 'Data Analysis: 1', 'Database Administration: 1', 'Security Best Practices: 2', 'SQL: 1'], 'soft': ['Innovation: 2', 'Empathy: 1', 'Mentoring: 1', 'Communication: 2', 'Quality Assurance: 1']}"
William,Evans,12005908,Paraguay,NodeJs Developer,sr1,"{'hard': ['Security Best Practices: 2', 'NPM: 1', 'Asynchronous Programming: 1', 'SQL: 2', 'Error Handling: 1', 'Kubernetes: 3', 'Redis: 2', 'API Development: 1', 'Node.js: 1', 'Microservices: 3'], 'soft': ['Empathy: 3', 'Analytical Thinking: 1', 'Team Building: 2', 'Initiative: 3', 'Critical Observation: 3', 'Communication: 1', 'Diversity Awareness: 3', 'Professionalism: 1', 'Workplace Culture Awareness: 2', 'Stress Management: 1', 'Positivity: 2', 'Adaptability to Change: 3']}"
Michelle,Hall,95112066,Paraguay,PHP Developer,sr2,"{'hard': ['XML: 1', 'Laravel: 4', 'Security Best Practices: 3', 'Data Structures: 4', 'JavaScript: 2', 'Session Management: 1', 'MVC Architecture: 3', 'API Development: 2', 'Command Line Interface (CLI): 3', 'Frameworks (CodeIgniter): 4'], 'soft': ['Networking Skills: 1', 'Attention to Detail: 4', 'Time Awareness: 1', 'Public Speaking: 1', 'Problem Analysis: 4', 'Active Listening: 2', 'Customer Service: 2', 'Motivation: 1', 'Stress Management: 1', 'Self-Confidence: 2', 'Positivity: 4', 'Persuasion: 3']}"
Corey,Smith,42414313,Bolivia,Java Developer,ssr,"{'hard': ['Performance Tuning: 1', 'Data Structures: 2', 'SOAP: 1', 'Continuous Integration: 2', 'Cloud Services: 2'], 'soft': ['Social Skills: 2', 'Creativity: 2', 'Emotional Resilience: 2', 'Feedback Delivery: 1', 'Visionary Leadership: 2']}"
Dana,Davidson,40845332,Mexico,Python Developer,ssr,"{'hard': ['Jupyter Notebooks: 2', 'Security Best Practices: 1', 'Data Analysis: 1', 'Selenium: 2', 'Docker: 2'], 'soft': ['Analytical Thinking: 1', 'Facilitation Skills: 1', 'Civic Engagement: 2', 'Creativity: 1', 'Conflict Resolution: 2']}"
Scott,Johnson,89908702,Chile,Data Engineer,sr1,"{'hard': ['Metadata Management: 1', 'Version Control (Git): 1', 'Data Warehousing: 3', 'Big Data Technologies: 3', 'Data Visualization Tools (Tableau, Power BI): 2', 'Data Architecture: 3', 'Apache Spark: 3', 'Data Cataloging: 1', 'Data Lakes: 3', 'Hadoop: 2'], 'soft': ['Inclusivity: 2', 'Writing Skills: 1', 'Problem Solving: 1', 'Workplace Culture Awareness: 3', 'Facilitation Skills: 1', 'Decision Making: 1', 'Personality Awareness: 1', 'Trustworthiness: 1', 'Risk Management: 1', 'Emotional Intelligence: 3', 'Professionalism: 2', 'Team Building: 3']}"
Jeremy,Alexander,84742787,Colombia,NodeJs Developer,sr2,"{'hard': ['NPM: 3', 'Event-Driven Architecture: 1', 'Data Structures: 4', 'Logging Frameworks: 4', 'Middleware: 4', 'GraphQL: 4', 'Kubernetes: 4', 'Unit Testing: 4', 'Socket.io: 3', 'Redis: 3'], 'soft': ['Public Relations: 4', 'Teamwork: 1', 'Coaching: 4', 'Time Optimization: 4', 'Change Management: 1', 'Global Awareness: 3', 'Motivation: 1', 'Active Listening: 2', 'Initiative: 3', 'Interpersonal Communication: 3', 'Entrepreneurial Mindset: 3', 'Open-mindedness: 2']}"
Stephanie,Dixon,89826543,Mexico,NodeJs Developer,sr1,"{'hard': ['CI/CD: 1', 'Agile: 3', 'Kubernetes: 3', 'API Development: 3', 'Asynchronous Programming: 3', 'Git: 3', 'SQL: 3', 'REST APIs: 2', 'JWT: 1', 'Performance Optimization: 2'], 'soft': ['Technology Savvy: 1', 'Persuasion: 2', 'Scientific Thinking: 2', 'Innovation: 2', 'Change Facilitation: 2', 'Negotiation Tactics: 1', 'Coaching: 1', 'Ethical Judgment: 3', 'Public Relations: 1', 'Self-Confidence: 2', 'Motivation: 2', 'Stress Resilience: 2']}"
Yolanda,Carson,38590800,Ecuador,Web UI Developer,ssr,"{'hard': ['JavaScript: 2', 'Agile: 2', 'Performance Optimization: 2', 'Vue.js: 2', 'Figma/Adobe XD: 1'], 'soft': ['Flexibility: 2', 'Humility: 1', 'Responsibility: 1', 'Networking: 2', 'Coaching: 1']}"
Nicole,Harris,48010164,Paraguay,DevOps Engineer,sr3,"{'hard': ['Docker: 3', 'User Access Control: 3', 'Performance Tuning: 2', 'Version Control (Git): 2', 'Server Management: 3', 'Custom Scripts: 2', 'Networking: 2', 'Testing Automation: 2', 'Monitoring and Logging: 2', 'API Management: 3', 'Configuration Management: 5', 'Microservices Architecture: 4', 'Infrastructure as Code (IaC): 2', 'Application Performance Monitoring (APM): 4'], 'soft': ['Negotiation: 2', 'Networking: 3', 'Trustworthiness: 2', 'Open-mindedness: 2', 'Resource Allocation: 4', 'Influencing: 3', 'Collaboration: 3', 'Leadership: 2', 'Self-Confidence: 3', 'Problem Analysis: 3', 'Research Skills: 2', 'Negotiation Tactics: 5', 'Authenticity: 5', 'Delegation: 5', 'Self-Motivation: 3']}"
Brian,Valenzuela,51359869,Peru,Game Developer,ssr,"{'hard': ['Storyboarding: 1', 'Game Design: 2', 'Unreal Engine: 2', 'Game Testing: 1', 'VR/AR Development: 2'], 'soft': ['Problem Solving: 2', 'Intellectual Curiosity: 2', 'Negotiation: 2', 'Responsibility: 1', 'Cultural Competence: 2']}"
Alexander,Hudson,28456269,Ecuador,Game Developer,sr1,"{'hard': ['Graphics Programming: 1', 'User Interface Design: 1', 'Shader Programming: 1', 'Multiplayer Networking: 1', 'Performance Optimization: 3', 'Storyboarding: 2', 'Agile: 1', 'Live Ops: 2', 'Game Prototyping: 1', 'Game Design: 3'], 'soft': ['Civic Engagement: 2', 'Creativity: 1', 'Scientific Thinking: 3', 'Ethical Judgment: 1', 'Coaching: 2', 'Inclusivity: 2', 'Conflict Resolution: 2', 'Critical Thinking: 2', 'Cultural Competence: 1', 'Resourcefulness: 1', 'Crisis Communication: 2', 'Persuasion: 1']}"
Levi,Orozco,55308383,Argentina,Game Developer,sr3,"{'hard': ['Game Prototyping: 4', 'Animation: 3', 'VR/AR Development: 5', 'Procedural Generation: 3', 'Shader Programming: 5', 'C#: 2', 'Performance Optimization: 4', 'Game Optimization: 4', 'Game Monetization: 4', 'Gameplay Programming: 5', 'Networking: 5', 'Asset Management: 3', 'User Interface Design: 3', 'Storyboarding: 4'], 'soft': ['Civic Responsibility: 4', 'Public Relations: 5', 'Intuition: 5', 'Cognitive Flexibility: 5', 'Creativity: 3', 'Initiative: 5', 'Innovation: 2', 'Mentoring Skills: 4', 'Critical Observation: 3', 'Entrepreneurial Mindset: 4', 'Persuasion: 2', 'Change Facilitation: 3', 'Virtual Collaboration: 2', 'Work-Life Balance: 5', 'Emotional Resilience: 4']}"
Paul,Coleman,13837402,Peru,Web Mobile Developer,sr1,"{'hard': ['Progressive Web Apps (PWAs): 2', 'Flutter: 2', 'Testing Frameworks: 1', 'Cross-Browser Compatibility: 1', 'Analytics Integration: 2', 'Authentication Mechanisms: 1', 'Deployment Techniques: 1', 'Git: 2', 'HTML: 1', 'Accessibility Standards: 1'], 'soft': ['Virtual Collaboration: 2', 'Creativity: 2', 'Data Interpretation: 2', 'Networking Skills: 2', 'Critical Observation: 3', 'Workplace Culture Awareness: 2', 'Change Facilitation: 3', 'Emotional Intelligence: 1', 'Positivity: 2', 'Time Awareness: 2', 'Motivation: 1', 'Analytical Thinking: 2']}"
Emily,Jones,33904341,Chile,Data Engineer,ssr,"{'hard': ['Data Warehousing: 2', 'Big Data Technologies: 2', 'Machine Learning Basics: 1', 'Data Cataloging: 2', 'Python: 1'], 'soft': ['Risk Management: 2', 'Influencing: 2', 'Feedback Delivery: 2', 'Writing Skills: 1', 'Visionary Thinking: 2']}"
Jaime,Conner,90396324,Bolivia,Data Engineer,sr3,"{'hard': ['SQL: 5', 'Data Lakes: 4', 'Version Control (Git): 4', 'Data Modeling: 4', 'Python: 4', 'Data Security: 5', 'Data Visualization Tools (Tableau, Power BI): 4', 'Analytics Integration: 3', 'Performance Tuning: 5', 'Data Cataloging: 5', 'Data Quality Management: 4', 'Data Architecture: 4', 'Metadata Management: 4', 'Machine Learning Basics: 2'], 'soft': ['Diversity Awareness: 2', 'Trust Building: 5', 'Flexibility: 3', 'Motivational Skills: 5', 'Motivation: 2', 'Interpersonal Skills: 5', 'Task Prioritization: 4', 'Process Improvement: 4', 'Technology Savvy: 5', 'Crisis Communication: 3', 'Virtual Collaboration: 2', 'Public Speaking: 4', 'Time Optimization: 3', 'Feedback Acceptance: 2', 'Persuasion: 5']}"
Sandra,Smith,50626337,Bolivia,Game Developer,jr,"{'hard': ['Graphics Programming: 1', 'C#: 1', 'Physics Simulation: 1', 'Game Monetization: 1', 'Level Design: 1'], 'soft': ['Entrepreneurial Mindset: 1', 'Leadership: 1', 'Negotiation: 1', 'Networking Skills: 1', 'Time Optimization: 1']}"
Daniel,Burke,30893339,Colombia,SQL Developer,sr1,"{'hard': ['Version Control: 1', 'Data Quality Management: 3', 'NoSQL Databases: 2', 'PL/SQL: 3', 'T-SQL: 2', 'MySQL: 1', 'Agile: 2', 'Data Visualization: 3', 'Security Best Practices: 2', 'Reporting Tools: 2'], 'soft': ['Public Relations: 1', 'Coaching: 2', 'Time Management: 1', 'Customer Service: 1', 'Service Orientation: 3', 'Emotional Intelligence: 3', 'Global Awareness: 3', 'Resource Allocation: 1', 'Networking Skills: 1', 'Problem Solving: 2', 'Trust Building: 2', 'Delegation: 1']}"
Barbara,Wilson,14033687,Mexico,Android Mobile Developer,sr3,"{'hard': ['UI/UX Design: 5', 'Material Design: 4', 'XML: 4', 'Retrofit: 4', 'Kotlin Coroutines: 2', 'Android Architecture Components: 4', 'ProGuard: 2', 'Android Jetpack: 2', 'Android SDK: 5', 'Performance Tuning: 4', 'Kotlin: 4', 'Flutter: 3', 'Dagger: 5', 'Data Binding: 4'], 'soft': ['Innovation: 2', 'Problem Analysis: 3', 'Emotional Resilience: 5', 'Entrepreneurial Mindset: 3', 'Feedback Acceptance: 3', 'Delegation: 4', 'Open-mindedness: 2', 'Responsibility: 2', 'Goal Setting: 2', 'Risk Management: 4', 'Public Relations: 2', 'Networking Skills: 4', 'Service Orientation: 3', 'Civic Responsibility: 2', 'Crisis Communication: 2']}"
April,Parks,99545767,Paraguay,RPA Developer,jr,"{'hard': ['Exception Handling: 1', 'Documentation: 1', 'Workflow Design: 1', 'Python: 1', 'Process Analysis: 1'], 'soft': ['Diversity Awareness: 1', 'Inclusivity: 1', 'Public Speaking: 1', 'Social Intelligence: 1', 'Critical Thinking: 1']}"
Matthew,Brown,95500446,Paraguay,Sharepoint Developer,ssr,"{'hard': ['Agile: 1', 'Content Management: 2', 'Git: 1', 'Custom Web Parts: 2', 'Database Design: 2'], 'soft': ['Networking Skills: 1', 'Strategic Thinking: 1', 'Creativity: 1', 'Communication: 2', 'Diversity Awareness: 1']}"
Dale,Russell,35053596,Uruguay,Cybersecurity Engineer,sr3,"{'hard': ['Data Protection: 4', 'Compliance Standards (ISO, NIST): 2', 'Forensics: 3', 'Security Auditing: 5', 'Cloud Security: 5', 'Identity and Access Management (IAM): 2', 'Network Security: 5', 'DevSecOps: 2', 'Threat Intelligence: 5', 'Malware Analysis: 4', 'Security Policies: 5', 'Incident Response: 2', 'Risk Assessment: 5', 'Firewalls: 2'], 'soft': ['Integrity: 2', 'Performance Management: 4', 'Emotional Intelligence: 5', 'Adaptability: 3', 'Scientific Thinking: 3', 'Influencing: 2', 'Self-Motivation: 2', 'Process Improvement: 2', 'Resourcefulness: 4', 'Trustworthiness: 2', 'Crisis Communication: 3', 'Visionary Thinking: 3', 'Responsibility: 3', 'Time Awareness: 3', 'Risk Management: 4']}"
Robin,Costa,55302877,Paraguay,Android Mobile Developer,jr,"{'hard': ['Security Best Practices: 1', 'Material Design: 1', 'Java: 1', 'REST APIs: 1', 'LiveData: 1'], 'soft': ['Critical Observation: 1', 'Service Orientation: 1', 'Workplace Culture Awareness: 1', 'Motivation: 1', 'Time Management: 1']}"
Ashley,Santiago,18366438,Chile,Web Mobile Developer,sr3,"{'hard': ['Authentication Mechanisms: 4', 'Git: 3', 'Third-party Libraries: 5', 'JavaScript: 3', 'HTML: 5', 'UI/UX Design: 4', 'Local Storage: 4', 'REST APIs: 4', 'Deployment Techniques: 3', 'Flutter: 3', 'GraphQL: 5', 'Application Security: 4', 'Agile: 3', 'React Native: 4'], 'soft': ['Open-mindedness: 5', 'Teamwork: 4', 'Communication: 3', 'Professionalism: 4', 'Data Interpretation: 3', 'Active Listening: 5', 'Mentoring: 2', 'Time Awareness: 3', 'Motivational Skills: 5', 'Collaboration: 2', 'Facilitation Skills: 2', 'Social Skills: 4', 'Entrepreneurial Mindset: 3', 'Public Relations: 4', 'Learning Agility: 5']}"
Jennifer,Gonzalez,13008101,Peru,PHP Developer,sr1,"{'hard': ['Continuous Integration: 1', 'Composer: 1', 'Laravel: 3', 'JavaScript: 3', 'Data Structures: 3', 'Database Design: 2', 'Unit Testing: 3', 'Command Line Interface (CLI): 1', 'Security Best Practices: 1', 'Integration with Third-party Services: 3'], 'soft': ['Resourcefulness: 2', 'Feedback Delivery: 2', 'Attention to Detail: 2', 'Emotional Intelligence: 3', 'Delegation: 3', 'Time Optimization: 1', 'Public Relations: 2', 'Civic Engagement: 1', 'Intuition: 1', 'Creativity: 1', 'Initiative: 1', 'Feedback Acceptance: 1']}"
Alicia,Johnson,25641985,Ecuador,Cobol Developer,sr1,"{'hard': ['Data Migration: 3', 'Batch Processing: 3', 'Business Logic: 1', 'Legacy Systems: 3', 'SQL: 2', 'DB2: 3', 'Unit Testing: 3', 'Documentation: 1', 'JCL: 3', 'System Integration: 3'], 'soft': ['Quality Assurance: 1', 'Performance Management: 2', 'Public Relations: 3', 'Communication: 3', 'Professionalism: 2', 'Technology Savvy: 1', 'Resource Allocation: 1', 'Innovation: 2', 'Relationship Building: 3', 'Coaching: 1', 'Resilience: 1', 'Process Improvement: 3']}"
Jeremiah,Gibson,29487716,Chile,IOT Platform Engineer,sr3,"{'hard': ['Data Analytics: 2', 'Big Data Technologies: 3', 'IoT Protocols (MQTT, CoAP): 3', 'Data Visualization: 5', 'Edge Computing: 2', 'Agile: 2', 'Version Control: 3', 'Deployment Techniques: 2', 'Scripting (Python, JavaScript): 2', 'Device Connectivity: 2', 'Device Management: 2', 'Telemetry: 3', 'Testing and Validation: 5', 'Analytics Integration: 2'], 'soft': ['Work-Life Balance: 5', 'Flexibility: 3', 'Conflict Resolution: 4', 'Task Prioritization: 2', 'Coaching: 4', 'Crisis Communication: 2', 'Strategic Communication: 3', 'Team Building: 5', 'Resilience: 5', 'Analytical Thinking: 5', 'Active Listening: 4', 'Negotiation Tactics: 2', 'Collaboration: 5', 'Process Improvement: 2', 'Scientific Thinking: 2']}"
Michael,Garcia,14157400,Mexico,Web UI Developer,sr3,"{'hard': ['Front-End Frameworks: 5', 'Git: 3', 'CSS Preprocessors (Sass, LESS): 4', 'CSS: 2', 'Agile: 4', 'Content Management Systems (CMS): 2', 'Vue.js: 4', 'JavaScript: 3', 'Design Systems: 5', 'User Interaction Design: 2', 'Microinteractions: 3', 'Color Theory: 3', 'UI/UX Design: 5', 'Figma/Adobe XD: 4'], 'soft': ['Cultural Awareness: 3', 'Coaching: 5', 'Teamwork: 4', 'Trust Building: 2', 'Work Ethic: 5', 'Feedback Delivery: 2', 'Data Interpretation: 3', 'Influencing: 4', 'Diversity Awareness: 5', 'Time Optimization: 4', 'Humility: 4', 'Technology Savvy: 4', 'Time Management: 4', 'Self-Confidence: 2', 'Persuasion: 5']}"
Heather,Hill,62707896,Paraguay,Game Developer,jr,"{'hard': ['Sound Design: 1', 'Game Design: 1', 'Game Testing: 1', 'Cross-platform Development: 1', 'Debugging: 1'], 'soft': ['Critical Observation: 1', 'Presentation Skills: 1', 'Teamwork: 1', 'Integrity: 1', 'Virtual Collaboration: 1']}"
Pamela,Green,44937385,Venezuela,iOS Mobile Developer,sr1,"{'hard': ['Push Notifications: 1', 'Objective-C: 3', 'Animation: 1', 'Reactive Programming: 2', 'Unit Testing: 3', 'UIKit: 1', 'iOS SDK: 2', 'Performance Optimization: 3', 'Firebase: 3', 'Core Animation: 3'], 'soft': ['Personality Awareness: 2', 'Influencing: 3', 'Conflict Management: 3', 'Professionalism: 3', 'Ethical Judgment: 2', 'Facilitation Skills: 2', 'Relationship Building: 1', 'Self-Discipline: 3', 'Self-Regulation: 3', 'Initiative: 3', 'Innovation: 1', 'Intuition: 3']}"
Kimberly,Morgan,63895265,Argentina,Java Developer,sr2,"{'hard': ['JSON: 4', 'Docker: 2', 'Kubernetes: 3', 'Agile: 4', 'JPA: 2', 'Internationalization: 4', 'JUnit: 1', 'Spring Boot: 3', 'Data Structures: 2', 'Spring: 1'], 'soft': ['Innovation: 2', 'Social Skills: 1', 'Presentation Skills: 1', 'Client Management: 4', 'Goal Setting: 2', 'Strategic Thinking: 4', 'Interpersonal Communication: 2', 'Analytical Thinking: 2', 'Process Improvement: 4', 'Customer Service: 2', 'Critical Thinking: 2', 'Resource Allocation: 2']}"
Matthew,Weber,49991250,Peru,Flutter Developer,sr1,"{'hard': ['Firebase: 1', 'Cross-Platform Development: 3', 'Flutter: 3', 'Code Refactoring: 2', 'Version Control (Git): 2', 'Security Best Practices: 2', 'Accessibility Features: 2', 'Testing: 2', 'Custom Widgets: 3', 'Material Design: 2'], 'soft': ['Creativity: 3', 'Positivity: 3', 'Innovation: 1', 'Strategic Communication: 2', 'Resourcefulness: 3', 'Situational Awareness: 2', 'Work-Life Balance: 2', 'Team Building: 1', 'Interpersonal Communication: 1', 'Self-Discipline: 3', 'Decision Making: 3', 'Resilience: 3']}"
Ronald,Ross,50808776,Venezuela,Web UI Developer,sr2,"{'hard': ['User Interaction Design: 2', 'State Management: 3', 'UI/UX Design: 4', 'Animations: 1', 'CSS Preprocessors (Sass, LESS): 2', 'Accessibility Standards: 2', 'Design Systems: 4', 'SEO Best Practices: 1', 'Typography: 1', 'REST APIs: 3'], 'soft': ['Change Facilitation: 2', 'Entrepreneurial Mindset: 1', 'Stress Resilience: 2', 'Communication: 1', 'Time Awareness: 4', 'Cultural Awareness: 4', 'Authenticity: 2', 'Technology Savvy: 4', 'Strategic Communication: 2', 'Conflict Resolution: 3', 'Relationship Building: 2', 'Global Awareness: 2']}"
Anthony,Campbell,31249435,Peru,PHP Developer,jr,"{'hard': ['Debugging: 1', 'Frameworks (CodeIgniter): 1', 'Integration with Third-party Services: 1', 'API Development: 1', 'Continuous Integration: 1'], 'soft': ['Presentation Skills: 1', 'Time Awareness: 1', 'Conflict Resolution: 1', 'Critical Thinking: 1', 'Civic Responsibility: 1']}"
Jeremy,Stevenson,31663730,Colombia,Cobol Developer,sr2,"{'hard': ['SoftTech: 2', 'System Analysis: 2', 'SQL: 4', 'Data Structures: 3', 'COBOL: 3', 'User Acceptance Testing (UAT): 2', 'DB2: 3', 'Data Warehousing: 3', 'Application Development: 3', 'Data Processing: 2'], 'soft': ['Persuasion: 3', 'Change Management: 4', 'Crisis Management: 3', 'Task Prioritization: 3', 'Collaboration: 3', 'Change Facilitation: 3', 'Analytical Thinking: 3', 'Work-Life Balance: 3', 'Inclusivity: 4', 'Professionalism: 4', 'Time Management: 1', 'Mentoring: 4']}"
Amy,Miller,74329534,Mexico,Java Developer,ssr,"{'hard': ['Multi-threading: 1', 'Algorithms: 1', 'Spring: 2', 'JSON: 2', 'Java EE: 1'], 'soft': ['Relationship Building: 1', 'Public Relations: 1', 'Self-Confidence: 1', 'Professionalism: 1', 'Leadership: 2']}"
Christopher,King,47328812,Ecuador,C++ Developer,jr,"{'hard': ['Automated Testing: 1', 'Qt Framework: 1', 'Graphics Programming: 1', 'Data Structures: 1', 'Standard Template Library (STL): 1'], 'soft': ['Public Speaking: 1', 'Self-Regulation: 1', 'Service Orientation: 1', 'Strategic Thinking: 1', 'Time Awareness: 1']}"
Joseph,Crawford,31139411,Ecuador,Flutter Developer,ssr,"{'hard': ['Dart: 2', 'Native Modules: 1', 'Versioning: 2', 'Asynchronous Programming: 1', 'Firebase: 2'], 'soft': ['Scientific Thinking: 1', 'Virtual Collaboration: 2', 'Task Prioritization: 2', 'Integrity: 1', 'Active Listening: 2']}"
Lawrence,Harris,32727442,Chile,PHP Developer,ssr,"{'hard': ['Caching Techniques: 1', 'Version Control: 1', 'XML: 1', 'CSS: 1', 'REST APIs: 2'], 'soft': ['Strategic Communication: 1', 'Visionary Thinking: 1', 'Scientific Thinking: 2', 'Diversity Awareness: 2', 'Cultural Competence: 2']}"
Antonio,Jones,14332633,Venezuela,Game Developer,sr2,"{'hard': ['VR/AR Development: 2', 'Visual Scripting: 2', 'Level Design: 4', 'Game Testing: 2', 'Physics Simulation: 3', 'Gameplay Programming: 3', 'Game Design: 1', 'Cross-platform Development: 2', 'Agile: 1', 'Debugging: 2'], 'soft': ['Work-Life Balance: 4', 'Innovation: 1', 'Data Interpretation: 1', 'Cognitive Flexibility: 1', 'Mentoring Skills: 4', 'Social Intelligence: 3', 'Creativity: 4', 'Quality Assurance: 2', 'Social Skills: 1', 'Teamwork: 1', 'Feedback Acceptance: 3', 'Attention to Detail: 1']}"
Veronica,Williamson,98207188,Paraguay,Android Mobile Developer,jr,"{'hard': ['Dependency Injection: 1', 'LiveData: 1', 'Android Architecture Components: 1', 'Agile: 1', 'REST APIs: 1'], 'soft': ['Interpersonal Communication: 1', 'Work Ethic: 1', 'Conflict Resolution: 1', 'Networking Skills: 1', 'Collaboration: 1']}"
Michael,Maxwell,28664040,Mexico,Ruby Developer,ssr,"{'hard': ['Responsive Design: 2', 'Database Design: 2', 'API Development: 1', 'Ruby on Rails: 1', 'Web Services: 2'], 'soft': ['Integrity: 2', 'Initiative: 1', 'Attention to Detail: 1', 'Delegation: 1', 'Ethical Judgment: 1']}"
Sean,Sullivan,20855443,Mexico,IOT Platform Engineer,ssr,"{'hard': ['Big Data Technologies: 2', 'Version Control: 2', 'Sensor Technologies: 1', 'Edge Computing: 2', 'Cloud Platforms (AWS IoT, Azure IoT): 1'], 'soft': ['Public Relations: 1', 'Scientific Thinking: 2', 'Creativity: 2', 'Critical Observation: 2', 'Facilitation Skills: 2']}"
Brittany,Obrien,45198699,Chile,Java Developer,sr2,"{'hard': ['Performance Tuning: 1', 'REST APIs: 2', 'Data Structures: 3', 'Java EE: 1', 'Spring: 2', 'Microservices: 2', 'JavaFX: 4', 'Java: 3', 'Git: 2', 'Web Services: 2'], 'soft': ['Civic Engagement: 3', 'Conflict Management: 3', 'Emotional Resilience: 1', 'Problem Analysis: 1', 'Strategic Communication: 4', 'Professionalism: 2', 'Feedback Delivery: 2', 'Visionary Thinking: 1', 'Flexibility: 1', 'Presentation Skills: 1', 'Client Management: 1', 'Interpersonal Skills: 4']}"
Michael,Lawrence,49742456,Colombia,Data Engineer,ssr,"{'hard': ['ETL Processes: 2', 'Data Security: 2', 'Apache Spark: 1', 'Python: 2', 'Machine Learning Basics: 1'], 'soft': ['Leadership: 1', 'Research Skills: 1', 'Analytical Thinking: 1', 'Social Skills: 2', 'Process Improvement: 2']}"
Patrick,Brown,29695206,Uruguay,RPA Developer,jr,"{'hard': ['Excel VBA: 1', 'Task Automation: 1', 'Change Management: 1', 'Workflow Design: 1', 'Testing Automation: 1'], 'soft': ['Technology Savvy: 1', 'Data Interpretation: 1', 'Critical Observation: 1', 'Team Building: 1', 'Empathy: 1']}"
Robin,Hutchinson,67424065,Bolivia,Ruby Developer,sr1,"{'hard': ['Debugging: 2', 'Web Services: 2', 'Agile: 1', 'Gem Management: 1', 'Caching Techniques: 1', 'Security Best Practices: 1', 'Ruby: 3', 'Version Control: 3', 'Performance Optimization: 1', 'Integration with Third-party APIs: 1'], 'soft': ['Authenticity: 2', 'Facilitation Skills: 3', 'Decision Making: 1', 'Interpersonal Communication: 2', 'Influencing: 2', 'Intellectual Curiosity: 1', 'Motivational Skills: 2', 'Time Awareness: 3', 'Team Building: 1', 'Emotional Resilience: 1', 'Crisis Communication: 2', 'Public Speaking: 2']}"
Brittany,Diaz,93859539,Ecuador,Data Engineer,sr1,"{'hard': ['Data Lakes: 2', 'Testing and Validation: 3', 'Data Cataloging: 3', 'Cloud Data Solutions (AWS, Azure, GCP): 3', 'Data Quality Management: 1', 'Data Warehousing: 2', 'Hadoop: 1', 'Apache Spark: 3', 'Python: 3', 'Data Integration Tools: 1'], 'soft': ['Humility: 3', 'Workplace Culture Awareness: 2', 'Trust Building: 2', 'Mentoring: 2', 'Feedback Delivery: 2', 'Networking Skills: 3', 'Trustworthiness: 2', 'Networking: 1', 'Teamwork: 1', 'Client Management: 2', 'Civic Responsibility: 3', 'Creativity: 1']}"
Michael,Tran,65730837,Colombia,Test Automation Engineer,sr3,"{'hard': ['Load Testing: 2', 'Performance Testing: 5', 'Java: 2', 'Appium: 4', 'Scripting: 5', 'Defect Tracking: 2', 'Data-Driven Testing: 4', 'Security Testing: 4', 'Cypress: 5', 'Test Environment Setup: 2', 'Selenium: 3', 'Python: 2', 'Cross-Browser Testing: 3', 'CI/CD: 5'], 'soft': ['Coaching: 3', 'Adaptability: 4', 'Self-Discipline: 2', 'Self-Confidence: 3', 'Innovation: 2', 'Intuition: 2', 'Civic Engagement: 5', 'Self-Regulation: 4', 'Social Skills: 3', 'Work-Life Balance: 4', 'Adaptability to Change: 4', 'Integrity: 3', 'Motivational Skills: 4', 'Stress Management: 2', 'Leadership: 4']}"
Timothy,Juarez,89651698,Venezuela,Salesforce Developer,ssr,"{'hard': ['Git: 1', 'Lightning Components: 1', 'Salesforce CRM: 2', 'Business Process Automation: 2', 'Community Cloud: 2'], 'soft': ['Inclusivity: 2', 'Process Improvement: 2', 'Resource Allocation: 1', 'Social Intelligence: 1', 'Negotiation: 2']}"
Jennifer,Castaneda,10056004,Ecuador,Cobol Developer,sr3,"{'hard': ['File Handling: 5', 'System Analysis: 4', 'Batch Processing: 5', 'Debugging: 3', 'Reporting: 5', 'Data Migration: 5', 'JCL: 4', 'Software Maintenance: 2', 'Unit Testing: 2', 'COBOL: 2', 'Version Control (Git): 2', 'Client Interaction: 2', 'SoftTech: 3', 'Documentation: 2'], 'soft': ['Learning Agility: 2', 'Visionary Leadership: 2', 'Process Improvement: 5', 'Emotional Intelligence: 5', 'Intuition: 4', 'Mentoring Skills: 3', 'Problem Solving: 5', 'Feedback Delivery: 2', 'Motivational Skills: 2', 'Social Intelligence: 3', 'Motivation: 3', 'Cultural Competence: 3', 'Cultural Awareness: 2', 'Professionalism: 3', 'Critical Observation: 5']}"
Brittany,Hebert,98831796,Paraguay,Sharepoint Developer,sr2,"{'hard': ['Security Best Practices: 2', 'PowerShell: 3', 'HTML: 3', 'Version Control: 2', 'User Interface Design: 3', 'Information Architecture: 1', 'Document Libraries: 2', 'Testing Automation: 4', 'Custom Web Parts: 4', 'Database Design: 3'], 'soft': ['Empathy: 1', 'Public Relations: 1', 'Learning Agility: 1', 'Mentoring Skills: 3', 'Social Intelligence: 1', 'Influencing: 4', 'Interpersonal Communication: 1', 'Visionary Leadership: 3', 'Self-Motivation: 3', 'Decision Making: 4', 'Resilience: 4', 'Situational Awareness: 2']}"
Carolyn,Barnes,65910581,Mexico,Game Developer,sr3,"{'hard': ['Level Design: 2', 'Game Optimization: 2', 'C#: 2', '3D Modeling: 3', 'Game Monetization: 2', 'Storyboarding: 3', 'Multiplayer Networking: 5', 'Animation: 2', 'Debugging: 3', 'Physics Simulation: 2', 'Unity: 3', 'Agile: 3', 'Cross-platform Development: 3', 'Graphics Programming: 5'], 'soft': ['Strategic Communication: 3', 'Technology Savvy: 2', 'Scientific Thinking: 5', 'Mentoring Skills: 2', 'Service Orientation: 4', 'Interpersonal Skills: 3', 'Stress Management: 4', 'Coaching: 4', 'Positivity: 4', 'Negotiation Tactics: 5', 'Emotional Resilience: 4', 'Visionary Leadership: 2', 'Public Relations: 2', 'Personality Awareness: 3', 'Feedback Delivery: 5']}"
Mary,Frost,17823546,Chile,Game Developer,ssr,"{'hard': ['Sound Design: 1', 'AI Programming: 1', 'VR/AR Development: 2', 'Agile: 2', '3D Modeling: 2'], 'soft': ['Work-Life Balance: 2', 'Feedback Acceptance: 1', 'Innovation: 2', 'Writing Skills: 2', 'Technology Savvy: 1']}"
Valerie,Moreno,74117026,Ecuador,Flutter Developer,sr3,"{'hard': ['Dart: 5', 'State Management: 3', 'Testing: 4', 'Agile: 2', 'App Deployment: 3', 'Continuous Integration: 2', 'Version Control (Git): 3', 'Versioning: 3', 'Third-party Libraries: 4', 'Native Modules: 5', 'Network Connectivity: 2', 'RESTful APIs: 4', 'Material Design: 5', 'Flutter: 5'], 'soft': ['Feedback Acceptance: 3', 'Learning Agility: 5', 'Motivation: 2', 'Client Management: 2', 'Cultural Competence: 3', 'Cognitive Flexibility: 5', 'Quality Assurance: 3', 'Feedback Delivery: 2', 'Problem Analysis: 5', 'Responsibility: 2', 'Inclusivity: 5', 'Resilience: 4', 'Process Improvement: 2', 'Mentoring Skills: 2', 'Flexibility: 3']}"
Barbara,Mack,71799025,Venezuela,Cloud Engineer,sr3,"{'hard': ['Disaster Recovery Planning: 4', 'Monitoring and Logging: 2', 'Service Mesh: 2', 'Networking: 2', 'Application Networking: 3', 'Automation Tools: 4', 'Cloud Security: 5', 'AWS: 5', 'Database Management: 3', 'Infrastructure as Code (IaC): 3', 'API Management: 5', 'Version Control (Git): 3', 'Load Balancing: 5', 'Docker: 2'], 'soft': ['Visionary Leadership: 4', 'Crisis Communication: 4', 'Responsibility: 4', 'Inclusivity: 4', 'Change Management: 3', 'Goal Setting: 2', 'Stress Management: 4', 'Visionary Thinking: 2', 'Analytical Thinking: 3', 'Motivational Skills: 5', 'Self-Motivation: 5', 'Adaptability to Change: 5', 'Social Skills: 3', 'Conflict Management: 2', 'Virtual Collaboration: 2']}"
Connor,Flowers,13584648,Colombia,PHP Developer,sr3,"{'hard': ['MVC Architecture: 2', 'Agile: 2', 'Database Design: 2', 'XML: 3', 'MySQL: 4', 'Security Best Practices: 4', 'CSS: 3', 'JSON: 2', 'Composer: 4', 'JavaScript: 4', 'Web Services: 2', 'Laravel: 2', 'Object-Oriented Programming: 2', 'Unit Testing: 4'], 'soft': ['Leadership: 5', 'Attention to Detail: 2', 'Mentoring: 5', 'Interpersonal Communication: 5', 'Research Skills: 3', 'Emotional Resilience: 2', 'Negotiation Tactics: 5', 'Crisis Communication: 4', 'Problem Solving: 3', 'Feedback Delivery: 4', 'Negotiation: 2', 'Authenticity: 2', 'Integrity: 4', 'Creativity: 3', 'Visionary Thinking: 3']}"
Kristin,Reed,47530136,Venezuela,Game Developer,sr1,"{'hard': ['Sound Design: 3', 'Debugging: 3', 'Game Prototyping: 3', 'Unity: 1', 'Game Testing: 3', 'User Interface Design: 2', 'Performance Optimization: 2', 'Procedural Generation: 2', '3D Modeling: 1', 'Game Optimization: 2'], 'soft': ['Communication: 1', 'Flexibility: 2', 'Open-mindedness: 3', 'Emotional Resilience: 1', 'Networking Skills: 2', 'Intellectual Curiosity: 2', 'Authenticity: 1', 'Resilience: 1', 'Delegation: 1', 'Relationship Building: 3', 'Active Listening: 1', 'Initiative: 2']}"
John,Daniel,11011215,Mexico,PHP Developer,sr2,"{'hard': ['Symfony: 3', 'CSS: 4', 'Security Best Practices: 4', 'JSON: 2', 'MySQL: 3', 'Web Services: 2', 'API Development: 1', 'Laravel: 4', 'JavaScript: 3', 'Frameworks (CodeIgniter): 4'], 'soft': ['Workplace Culture Awareness: 3', 'Relationship Building: 1', 'Time Management: 1', 'Resilience: 4', 'Change Management: 4', 'Strategic Communication: 2', 'Emotional Resilience: 4', 'Creativity: 4', 'Initiative: 2', 'Coaching: 1', 'Performance Management: 2', 'Negotiation: 4']}"
Daniel,Fox,65866303,Ecuador,Data Engineer,jr,"{'hard': ['Data Lakes: 1', 'Big Data Technologies: 1', 'Data Integration Tools: 1', 'Hadoop: 1', 'Scripting (Bash, Python): 1'], 'soft': ['Active Listening: 1', 'Delegation: 1', 'Scientific Thinking: 1', 'Personality Awareness: 1', 'Learning Agility: 1']}"
Carrie,Jenkins,84347887,Chile,Flutter Developer,sr3,"{'hard': ['Versioning: 5', 'Continuous Integration: 5', 'Integration Testing: 2', 'Firebase: 4', 'Network Connectivity: 4', 'Cross-Platform Development: 5', 'User Interface Testing: 2', 'Custom Widgets: 5', 'Debugging: 2', 'Responsive Design: 2', 'Internationalization: 2', 'Flutter: 3', 'Platform Channels: 2', 'Performance Optimization: 2'], 'soft': ['Workplace Culture Awareness: 5', 'Relationship Building: 4', 'Interpersonal Skills: 3', 'Customer Service: 2', 'Writing Skills: 2', 'Time Management: 3', 'Leadership: 4', 'Civic Responsibility: 4', 'Trust Building: 2', 'Facilitation Skills: 2', 'Cultural Competence: 3', 'Decision Making: 3', 'Strategic Communication: 2', 'Influencing: 4', 'Creativity: 4']}"
Morgan,Baird,74551974,Bolivia,Data Engineer,sr3,"{'hard': ['Apache Kafka: 3', 'Python: 5', 'Performance Tuning: 3', 'Data Visualization Tools (Tableau, Power BI): 4', 'Analytics Integration: 2', 'Data Security: 3', 'Data Quality Management: 2', 'Data Architecture: 2', 'Data Lakes: 5', 'Data Pipeline Development: 4', 'SQL: 4', 'Version Control (Git): 2', 'API Development: 2', 'Data Transformation: 4'], 'soft': ['Self-Discipline: 2', 'Critical Thinking: 2', 'Mentoring Skills: 5', 'Emotional Intelligence: 3', 'Decision Making: 5', 'Work Ethic: 2', 'Open-mindedness: 3', 'Presentation Skills: 5', 'Analytical Thinking: 5', 'Relationship Building: 2', 'Risk Management: 2', 'Critical Observation: 2', 'Adaptability to Change: 2', 'Work-Life Balance: 3', 'Situational Awareness: 5']}"
Daniel,Webster,68184754,Colombia,Sharepoint Developer,sr1,"{'hard': ['Microsoft Flow: 1', 'Team Sites: 1', 'SQL Server: 2', 'Agile: 3', 'Office 365: 2', 'PowerShell: 1', 'SharePoint Framework (SPFx): 1', 'Testing Automation: 2', 'SharePoint Online: 3', 'C#: 3'], 'soft': ['Learning Agility: 3', 'Leadership: 2', 'Teamwork: 3', 'Quality Assurance: 2', 'Resilience: 1', 'Analytical Thinking: 2', 'Workplace Culture Awareness: 3', 'Cognitive Flexibility: 1', 'Negotiation Tactics: 3', 'Authenticity: 2', 'Coaching: 2', 'Motivation: 1']}"
Cindy,Thomas,91594433,Peru,Test Automation Engineer,sr1,"{'hard': ['JavaScript: 2', 'Integration Testing: 1', 'Debugging: 1', 'Mocking Frameworks: 3', 'Appium: 3', 'Framework Development: 3', 'Behavior-Driven Development (BDD): 2', 'JUnit: 3', 'Load Testing: 1', 'User Interface Testing: 1'], 'soft': ['Leadership: 2', 'Resourcefulness: 1', 'Goal Setting: 1', 'Decision Making: 1', 'Global Awareness: 3', 'Negotiation Tactics: 2', 'Learning Agility: 1', 'Conflict Management: 3', 'Persuasion: 1', 'Professionalism: 3', 'Personality Awareness: 1', 'Civic Engagement: 3']}"
Marilyn,Anderson,13700632,Peru,Ruby Developer,sr2,"{'hard': ['Object-Oriented Programming: 2', 'Deployment Techniques: 3', 'Active Record: 2', 'REST APIs: 4', 'Gem Management: 1', 'JavaScript: 4', 'Database Design: 3', 'HTML: 3', 'Performance Optimization: 2', 'Ruby: 4'], 'soft': ['Conflict Resolution: 2', 'Adaptability to Change: 3', 'Flexibility: 2', 'Relationship Building: 1', 'Cognitive Flexibility: 1', 'Data Interpretation: 4', 'Social Skills: 3', 'Cultural Competence: 1', 'Crisis Communication: 2', 'Resource Allocation: 3', 'Ethical Judgment: 3', 'Self-Motivation: 1']}"
Wyatt,Bradford,76513400,Colombia,iOS Mobile Developer,sr2,"{'hard': ['Core Animation: 1', 'User Experience (UX): 1', 'Firebase: 2', 'Multithreading: 4', 'Xcode: 3', 'SwiftUI: 1', 'Accessibility Features: 2', 'Swift: 3', 'Performance Optimization: 4', 'Security Best Practices: 4'], 'soft': ['Client Management: 1', 'Mentoring: 1', 'Influencing: 2', 'Data Interpretation: 1', 'Resilience: 2', 'Active Listening: 4', 'Entrepreneurial Mindset: 2', 'Writing Skills: 3', 'Cultural Awareness: 4', 'Cultural Competence: 3', 'Facilitation Skills: 3', 'Intellectual Curiosity: 3']}"
Daniel,Turner,82034275,Ecuador,Android Mobile Developer,sr1,"{'hard': ['Android Architecture Components: 3', 'Agile: 1', 'Git: 2', 'Motion Layout: 1', 'MVP: 1', 'Gradle: 3', 'Android SDK: 3', 'Data Binding: 1', 'Kotlin Coroutines: 2', 'Constraint Layout: 2'], 'soft': ['Facilitation Skills: 3', 'Self-Regulation: 2', 'Resourcefulness: 1', 'Feedback Delivery: 3', 'Risk Management: 2', 'Learning Agility: 2', 'Quality Assurance: 1', 'Problem Solving: 1', 'Cultural Competence: 3', 'Client Management: 1', 'Resource Allocation: 2', 'Interpersonal Skills: 2']}"
Sonia,Austin,81220681,Paraguay,Web UI Developer,ssr,"{'hard': ['Git: 2', 'SEO Best Practices: 2', 'Version Control: 2', 'User Interaction Design: 2', 'Debugging: 1'], 'soft': ['Emotional Intelligence: 2', 'Crisis Communication: 1', 'Virtual Collaboration: 1', 'Self-Confidence: 2', 'Authenticity: 2']}"
Brandi,Hammond,24282105,Ecuador,Test Automation Engineer,sr2,"{'hard': ['Version Control: 1', 'JUnit: 2', 'Data-Driven Testing: 3', 'Debugging: 1', 'Defect Tracking: 2', 'Python: 3', 'Continuous Testing: 3', 'TestNG: 1', 'Scripting: 4', 'Test Environment Setup: 4'], 'soft': ['Collaboration: 4', 'Trust Building: 2', 'Time Optimization: 2', 'Empathy: 3', 'Inclusivity: 1', 'Conflict Management: 2', 'Cultural Awareness: 3', 'Social Intelligence: 1', 'Visionary Leadership: 2', 'Global Awareness: 3', 'Risk Management: 1', 'Self-Discipline: 1']}"
Cynthia,Good,77982421,Mexico,Ruby Developer,sr2,"{'hard': ['Task Scheduling: 4', 'Continuous Integration: 2', 'Agile: 2', 'Ruby: 3', 'Version Control: 1', 'Web Services: 3', 'Object-Oriented Programming: 2', 'HTML: 4', 'REST APIs: 4', 'Debugging: 1'], 'soft': ['Integrity: 1', 'Negotiation Tactics: 2', 'Virtual Collaboration: 3', 'Change Management: 2', 'Service Orientation: 3', 'Emotional Intelligence: 3', 'Time Management: 3', 'Negotiation: 1', 'Coaching: 1', 'Performance Management: 4', 'Facilitation Skills: 2', 'Risk Management: 4']}"
Michael,Matthews,78325528,Uruguay,Web UI Developer,sr1,"{'hard': ['JavaScript: 1', 'Git: 2', 'CSS: 3', 'User Interaction Design: 1', 'Animations: 2', 'Responsive Design: 2', 'CSS Preprocessors (Sass, LESS): 1', 'REST APIs: 2', 'Image Optimization: 3', 'Figma/Adobe XD: 1'], 'soft': ['Feedback Acceptance: 2', 'Writing Skills: 3', 'Positivity: 2', 'Risk Management: 3', 'Delegation: 2', 'Collaboration: 2', 'Learning Agility: 2', 'Mentoring Skills: 3', 'Time Management: 3', 'Coaching: 2', 'Strategic Thinking: 3', 'Active Listening: 3']}"
Miguel,Perkins,82788631,Peru,Cloud Engineer,ssr,"{'hard': ['Networking: 1', 'CI/CD: 2', 'AWS: 2', 'Monitoring and Logging: 2', 'Serverless Computing: 2'], 'soft': ['Networking Skills: 2', 'Civic Responsibility: 1', 'Public Relations: 1', 'Delegation: 1', 'Communication: 1']}"
Sharon,Pratt,70945164,Mexico,Ruby Developer,sr3,"{'hard': ['HTML: 2', 'CSS: 4', 'Front-end Frameworks: 3', 'JavaScript: 3', 'Responsive Design: 3', 'Error Handling: 3', 'Web Services: 4', 'Caching Techniques: 4', 'Database Design: 2', 'Object-Oriented Programming: 3', 'REST APIs: 3', 'Deployment Techniques: 5', 'Agile: 3', 'Debugging: 2'], 'soft': ['Interpersonal Skills: 4', 'Quality Assurance: 3', 'Diversity Awareness: 2', 'Conflict Resolution: 3', 'Cultural Awareness: 2', 'Critical Thinking: 5', 'Communication: 3', 'Motivation: 4', 'Conflict Management: 4', 'Public Speaking: 3', 'Self-Motivation: 5', 'Technology Savvy: 4', 'Cultural Competence: 4', 'Writing Skills: 3', 'Relationship Building: 3']}"
Lisa,Whitaker,14051954,Ecuador,C++ Developer,sr2,"{'hard': ['Game Development: 1', 'Cross-Platform Development: 2', 'File I/O: 4', 'Design Patterns: 4', 'Version Control (Git): 3', 'Embedded Systems: 3', 'Multithreading: 3', 'System Programming: 2', 'Concurrency: 3', 'CMake: 2'], 'soft': ['Relationship Building: 2', 'Self-Regulation: 1', 'Presentation Skills: 2', 'Attention to Detail: 2', 'Civic Responsibility: 4', 'Empathy: 4', 'Visionary Leadership: 1', 'Humility: 4', 'Communication: 4', 'Customer Service: 3', 'Creativity: 2', 'Initiative: 4']}"
Carlos,Arnold,98735871,Colombia,Flutter Developer,jr,"{'hard': ['Continuous Integration: 1', 'RESTful APIs: 1', 'Asynchronous Programming: 1', 'Versioning: 1', 'Custom Widgets: 1'], 'soft': ['Empathy: 1', 'Leadership: 1', 'Authenticity: 1', 'Problem Analysis: 1', 'Humility: 1']}"
Jessica,Richardson,51268282,Ecuador,NodeJs Developer,sr2,"{'hard': ['Node.js: 2', 'Debugging: 3', 'JWT: 2', 'Microservices: 2', 'Performance Optimization: 2', 'REST APIs: 2', 'Chai: 1', 'Postman: 1', 'Security Best Practices: 1', 'Agile: 3'], 'soft': ['Cognitive Flexibility: 2', 'Problem Solving: 2', 'Entrepreneurial Mindset: 2', 'Networking Skills: 2', 'Persuasion: 4', 'Trust Building: 2', 'Motivation: 3', 'Creativity: 2', 'Relationship Building: 1', 'Empathy: 1', 'Mentoring: 3', 'Technology Savvy: 3']}"
Alison,Robinson,99745690,Mexico,Python Developer,sr2,"{'hard': ['Data Analysis: 1', 'Docker: 2', 'Selenium: 1', 'Pandas: 3', 'Unit Testing: 3', 'Natural Language Processing (NLP): 3', 'Python: 2', 'TensorFlow: 1', 'Data Structures: 4', 'Django: 1'], 'soft': ['Relationship Building: 4', 'Mentoring Skills: 1', 'Trustworthiness: 3', 'Humility: 1', 'Strategic Communication: 4', 'Motivational Skills: 2', 'Conflict Resolution: 3', 'Cognitive Flexibility: 3', 'Situational Awareness: 3', 'Active Listening: 3', 'Motivation: 4', 'Writing Skills: 1']}"
Jason,Jennings,42723482,Chile,Test Automation Engineer,sr3,"{'hard': ['User Interface Testing: 3', 'Java: 4', 'CI/CD: 4', 'Cypress: 3', 'Version Control (Git): 4', 'Security Testing: 3', 'Test Case Design: 5', 'Cloud Testing: 5', 'JavaScript: 5', 'Framework Development: 3', 'Continuous Testing: 4', 'TestNG: 3', 'Behavior-Driven Development (BDD): 2', 'Test Management Tools: 5'], 'soft': ['Motivation: 2', 'Positivity: 5', 'Learning Agility: 2', 'Strategic Communication: 5', 'Problem Analysis: 2', 'Strategic Thinking: 5', 'Goal Setting: 4', 'Public Speaking: 5', 'Trustworthiness: 5', 'Quality Assurance: 5', 'Inclusivity: 2', 'Data Interpretation: 2', 'Customer Service: 3', 'Flexibility: 3', 'Presentation Skills: 5']}"
Lynn,Smith,74314892,Ecuador,SQL Developer,jr,"{'hard': ['Data Visualization: 1', 'Backup and Recovery: 1', 'Agile: 1', 'Data Warehousing: 1', 'Performance Tuning: 1'], 'soft': ['Emotional Resilience: 1', 'Civic Engagement: 1', 'Public Speaking: 1', 'Team Building: 1', 'Work-Life Balance: 1']}"
Max,Johnson,20561749,Chile,Python Developer,sr3,"{'hard': ['Data Structures: 5', 'NumPy: 5', 'Jupyter Notebooks: 2', 'Data Engineering: 2', 'Data Visualization: 2', 'Git: 4', 'Concurrency: 4', 'Debugging: 5', 'Pytorch: 3', 'Python: 3', 'Security Best Practices: 3', 'APIs: 3', 'Algorithms: 2', 'Flask: 2'], 'soft': ['Visionary Thinking: 5', 'Professionalism: 3', 'Writing Skills: 3', 'Crisis Communication: 3', 'Negotiation: 5', 'Situational Awareness: 4', 'Customer Service: 3', 'Performance Management: 3', 'Client Management: 2', 'Creativity: 3', 'Ethical Judgment: 4', 'Entrepreneurial Mindset: 3', 'Presentation Skills: 2', 'Mentoring: 4', 'Crisis Management: 3']}"
Michelle,Lloyd,46295080,Uruguay,C++ Developer,sr1,"{'hard': ['Boost Library: 1', 'Embedded Systems: 3', 'CMake: 1', 'Standard Template Library (STL): 1', 'OOP: 1', 'Cross-Platform Development: 3', 'C++: 3', 'System Programming: 1', 'Algorithms: 3', 'Windows API: 2'], 'soft': ['Feedback Acceptance: 1', 'Time Optimization: 2', 'Feedback Delivery: 2', 'Strategic Thinking: 1', 'Motivational Skills: 3', 'Analytical Thinking: 2', 'Process Improvement: 1', 'Active Listening: 2', 'Social Skills: 3', 'Trustworthiness: 2', 'Technology Savvy: 2', 'Client Management: 1']}"
Lynn,Walker,54494215,Argentina,Salesforce Developer,ssr,"{'hard': ['Debugging: 2', 'Business Process Automation: 2', 'Salesforce DX: 1', 'User Authentication: 2', 'Lightning Web Components: 2'], 'soft': ['Entrepreneurial Mindset: 2', 'Global Awareness: 2', 'Problem Solving: 1', 'Interpersonal Skills: 1', 'Humility: 2']}"
Brittany,Stone,23482767,Ecuador,Game Developer,sr1,"{'hard': ['Procedural Generation: 2', 'Game Testing: 2', 'Performance Optimization: 2', 'Game Analytics: 3', 'Networking: 2', 'Animation: 1', 'Multiplayer Networking: 3', 'Shader Programming: 1', 'Level Design: 3', 'Asset Management: 3'], 'soft': ['Public Relations: 1', 'Self-Regulation: 1', 'Cultural Awareness: 2', 'Integrity: 1', 'Conflict Management: 1', 'Technology Savvy: 1', 'Mentoring Skills: 1', 'Public Speaking: 2', 'Influencing: 2', 'Time Optimization: 1', 'Self-Motivation: 1', 'Teamwork: 1']}"
Susan,Scott,26065808,Uruguay,.Net Developer,jr,"{'hard': ['SQL Server: 1', 'TDD: 1', 'DevOps: 1', 'Debugging: 1', 'Dependency Injection: 1'], 'soft': ['Strategic Communication: 1', 'Resourcefulness: 1', 'Interpersonal Skills: 1', 'Virtual Collaboration: 1', 'Strategic Thinking: 1']}"
Jeremy,Espinoza,48946952,Colombia,Cybersecurity Engineer,jr,"{'hard': ['Network Protocols: 1', 'Endpoint Protection: 1', 'Authentication Mechanisms: 1', 'DevSecOps: 1', 'Threat Modeling: 1'], 'soft': ['Creativity: 1', 'Crisis Communication: 1', 'Social Skills: 1', 'Cognitive Flexibility: 1', 'Feedback Delivery: 1']}"
Jimmy,Johnson,27259870,Venezuela,IOT Platform Engineer,ssr,"{'hard': ['Data Analytics: 1', 'Interoperability Standards: 2', 'Testing and Validation: 2', 'Agile: 2', 'Embedded Systems: 2'], 'soft': ['Presentation Skills: 2', 'Visionary Leadership: 2', 'Learning Agility: 2', 'Collaboration: 2', 'Entrepreneurial Mindset: 2']}"
Robert,Kramer,54493461,Peru,Web UI Developer,sr3,"{'hard': ['Debugging: 3', 'State Management: 3', 'Design Systems: 5', 'Front-End Frameworks: 2', 'REST APIs: 3', 'Figma/Adobe XD: 4', 'CSS Preprocessors (Sass, LESS): 3', 'Performance Optimization: 3', 'Animations: 3', 'CSS: 2', 'Cross-Browser Compatibility: 5', 'Version Control: 4', 'Color Theory: 5', 'Accessibility Standards: 5'], 'soft': ['Integrity: 5', 'Innovation: 2', 'Team Building: 3', 'Social Intelligence: 2', 'Intellectual Curiosity: 5', 'Public Relations: 3', 'Feedback Delivery: 5', 'Interpersonal Skills: 5', 'Responsibility: 3', 'Cognitive Flexibility: 2', 'Humility: 2', 'Adaptability to Change: 2', 'Writing Skills: 2', 'Motivational Skills: 3', 'Quality Assurance: 2']}"
Mary,Daniels,42639855,Colombia,Salesforce Developer,jr,"{'hard': ['Debugging: 1', 'Deployment Techniques: 1', 'Salesforce Apex: 1', 'Community Cloud: 1', 'Data Structures: 1'], 'soft': ['Motivation: 1', 'Performance Management: 1', 'Problem Solving: 1', 'Visionary Leadership: 1', 'Networking: 1']}"
Deborah,Rodriguez,20104169,Bolivia,iOS Mobile Developer,sr3,"{'hard': ['Multithreading: 5', 'SwiftUI: 2', 'Unit Testing: 2', 'Cocoa Touch: 2', 'Objective-C: 2', 'User Experience (UX): 2', 'Core Animation: 4', 'Reactive Programming: 5', 'RESTful APIs: 5', 'Core Data: 5', 'App Store Submission: 3', 'Push Notifications: 4', 'Xcode: 2', 'UIKit: 2'], 'soft': ['Cultural Competence: 3', 'Resource Allocation: 2', 'Emotional Resilience: 3', 'Visionary Thinking: 2', 'Networking: 3', 'Intuition: 5', 'Cultural Awareness: 5', 'Attention to Detail: 2', 'Social Skills: 2', 'Change Management: 3', 'Time Management: 4', 'Time Optimization: 4', 'Inclusivity: 4', 'Problem Analysis: 4', 'Interpersonal Skills: 5']}"
Chris,Porter,18814415,Paraguay,NodeJs Developer,jr,"{'hard': ['TypeScript: 1', 'Git: 1', 'Data Structures: 1', 'Agile: 1', 'GraphQL: 1'], 'soft': ['Delegation: 1', 'Task Prioritization: 1', 'Self-Confidence: 1', 'Persuasion: 1', 'Data Interpretation: 1']}"
John,Miles,70275504,Bolivia,Java Developer,sr2,"{'hard': ['Git: 3', 'JSON: 2', 'XML: 4', 'Maven: 4', 'Docker: 4', 'Spring Boot: 1', 'Data Access Layer: 3', 'REST APIs: 4', 'JPA: 3', 'Data Structures: 2'], 'soft': ['Teamwork: 4', 'Trustworthiness: 4', 'Delegation: 1', 'Interpersonal Communication: 2', 'Research Skills: 2', 'Innovation: 1', 'Self-Confidence: 1', 'Data Interpretation: 1', 'Performance Management: 1', 'Trust Building: 2', 'Civic Responsibility: 4', 'Interpersonal Skills: 4']}"
Todd,Thompson,17531555,Chile,Test Automation Engineer,jr,"{'hard': ['Regression Testing: 1', 'Test Case Design: 1', 'Cloud Testing: 1', 'Selenium: 1', 'JUnit: 1'], 'soft': ['Change Facilitation: 1', 'Client Management: 1', 'Decision Making: 1', 'Facilitation Skills: 1', 'Time Optimization: 1']}"
Nathan,Singh,22267851,Colombia,DevOps Engineer,sr2,"{'hard': ['Azure: 3', 'Release Management: 2', 'Server Management: 2', 'Backup Strategies: 1', 'Disaster Recovery: 2', 'API Management: 4', 'Database Management: 1', 'Version Control (Git): 4', 'Incident Management: 2', 'Site Reliability Engineering (SRE): 1'], 'soft': ['Cultural Competence: 3', 'Self-Motivation: 3', 'Strategic Thinking: 1', 'Strategic Communication: 2', 'Emotional Resilience: 2', 'Social Intelligence: 3', 'Global Awareness: 2', 'Entrepreneurial Mindset: 1', 'Intuition: 4', 'Interpersonal Communication: 1', 'Conflict Management: 2', 'Humility: 4']}"
Justin,Jones,99202751,Uruguay,Sharepoint Developer,ssr,"{'hard': ['SQL Server: 2', 'Version Control: 2', 'User Authentication: 2', 'Custom Web Parts: 2', 'Database Design: 1'], 'soft': ['Stress Management: 1', 'Feedback Acceptance: 2', 'Trustworthiness: 2', 'Self-Regulation: 2', 'Conflict Management: 1']}"
Donna,Macias,14576207,Venezuela,Web UI Developer,jr,"{'hard': ['JavaScript: 1', 'Progressive Enhancement: 1', 'Front-End Frameworks: 1', 'Accessibility Standards: 1', 'Git: 1'], 'soft': ['Authenticity: 1', 'Teamwork: 1', 'Open-mindedness: 1', 'Self-Motivation: 1', 'Influencing: 1']}"
Alexis,Malone,45414162,Chile,Web UI Developer,sr2,"{'hard': ['State Management: 4', 'Microinteractions: 4', 'Agile: 3', 'Progressive Enhancement: 1', 'Typography: 1', 'Git: 2', 'React: 1', 'Design Systems: 4', 'Responsive Design: 3', 'Web Design Principles: 2'], 'soft': ['Time Management: 1', 'Learning Agility: 3', 'Resourcefulness: 2', 'Feedback Acceptance: 1', 'Self-Confidence: 4', 'Collaboration: 1', 'Technology Savvy: 4', 'Change Facilitation: 1', 'Ethical Judgment: 3', 'Active Listening: 3', 'Interpersonal Communication: 3', 'Stress Resilience: 2']}"
Nicole,Shaw,20664903,Ecuador,SQL Developer,sr1,"{'hard': ['Data Quality Management: 1', 'Data Governance: 3', 'PostgreSQL: 3', 'Business Intelligence Tools: 3', 'Triggers: 1', 'Backup and Recovery: 1', 'ETL: 1', 'Database Administration: 1', 'Oracle Database: 1', 'Data Migration: 3'], 'soft': ['Technology Savvy: 1', 'Data Interpretation: 3', 'Goal Setting: 2', 'Performance Management: 3', 'Motivation: 2', 'Flexibility: 1', 'Adaptability to Change: 2', 'Self-Regulation: 2', 'Negotiation Tactics: 2', 'Resource Allocation: 2', 'Risk Management: 2', 'Collaboration: 2']}"
Christopher,Meyer,33556487,Venezuela,.Net Developer,sr1,"{'hard': ['JavaScript: 2', 'Security Best Practices: 3', 'Unit Testing: 3', 'Dependency Injection: 2', 'Entity Framework: 2', 'Visual Studio: 3', '.NET Framework: 1', 'SignalR: 1', 'REST APIs: 1', 'Agile: 3'], 'soft': ['Professionalism: 3', 'Decision Making: 2', 'Presentation Skills: 3', 'Negotiation: 2', 'Quality Assurance: 3', 'Visionary Thinking: 2', 'Strategic Thinking: 3', 'Visionary Leadership: 3', 'Empathy: 3', 'Time Awareness: 3', 'Humility: 1', 'Motivation: 1']}"
Carolyn,Navarro,36992278,Argentina,Ruby Developer,jr,"{'hard': ['Responsive Design: 1', 'Gem Management: 1', 'Testing Frameworks (RSpec): 1', 'Object-Oriented Programming: 1', 'Ruby on Rails: 1'], 'soft': ['Client Management: 1', 'Intellectual Curiosity: 1', 'Motivation: 1', 'Conflict Management: 1', 'Cultural Competence: 1']}"
Sean,Barr,77533958,Venezuela,Python Developer,ssr,"{'hard': ['Data Structures: 2', 'Python: 1', 'Machine Learning: 1', 'Debugging: 2', 'Concurrency: 2'], 'soft': ['Motivational Skills: 1', 'Work Ethic: 1', 'Self-Discipline: 2', 'Data Interpretation: 1', 'Client Management: 1']}"
Phillip,Mckay,59674357,Chile,Cloud Engineer,jr,"{'hard': ['Cloud Security: 1', 'CI/CD: 1', 'Docker: 1', 'Application Networking: 1', 'Data Storage Solutions: 1'], 'soft': ['Emotional Resilience: 1', 'Leadership: 1', 'Virtual Collaboration: 1', 'Time Awareness: 1', 'Positivity: 1']}"
Austin,Brandt,79153795,Venezuela,.Net Developer,sr3,"{'hard': ['LINQ: 3', 'Cloud Services (Azure): 4', 'C#: 2', 'Visual Studio: 4', 'Entity Framework Core: 5', 'Debugging: 3', 'Code Review: 2', 'REST APIs: 4', 'Performance Optimization: 5', 'HTML/CSS: 4', 'DevOps: 4', 'Entity Framework: 5', 'WCF: 5', 'Application Lifecycle Management: 4'], 'soft': ['Public Speaking: 4', 'Trustworthiness: 5', 'Diversity Awareness: 5', 'Strategic Thinking: 2', 'Crisis Management: 4', 'Facilitation Skills: 2', 'Adaptability: 5', 'Customer Service: 4', 'Task Prioritization: 5', 'Influencing: 2', 'Responsibility: 2', 'Trust Building: 2', 'Risk Management: 2', 'Creativity: 3', 'Motivation: 4']}"
Christopher,Roach,35876692,Argentina,Sharepoint Developer,sr1,"{'hard': ['Integration with Third-party Services: 3', 'C#: 2', 'PowerShell: 3', 'CSS: 2', 'Office 365: 3', 'Custom Web Parts: 2', 'Version Control: 3', 'Database Design: 1', 'Document Libraries: 3', 'Git: 1'], 'soft': ['Critical Observation: 3', 'Social Intelligence: 2', 'Persuasion: 1', 'Trust Building: 1', 'Open-mindedness: 1', 'Entrepreneurial Mindset: 3', 'Service Orientation: 2', 'Global Awareness: 3', 'Responsibility: 1', 'Resource Allocation: 2', 'Conflict Resolution: 3', 'Strategic Thinking: 3']}"
David,Estrada,40440732,Colombia,Cobol Developer,sr1,"{'hard': ['Data Structures: 3', 'Documentation: 1', 'Data Warehousing: 2', 'JCL: 3', 'Business Logic: 2', 'Batch Processing: 2', 'System Integration: 2', 'Client Interaction: 1', 'Data Migration: 2', 'Performance Tuning: 1'], 'soft': ['Professionalism: 2', 'Adaptability: 2', 'Responsibility: 1', 'Delegation: 1', 'Teamwork: 2', 'Negotiation: 2', 'Virtual Collaboration: 2', 'Civic Responsibility: 2', 'Collaboration: 2', 'Interpersonal Skills: 2', 'Trust Building: 2', 'Scientific Thinking: 1']}"
Ashley,Conley,39205606,Ecuador,Cybersecurity Engineer,ssr,"{'hard': ['Cloud Security: 1', 'Network Security: 2', 'Endpoint Protection: 1', 'Application Hardening: 1', 'Threat Modeling: 1'], 'soft': ['Motivational Skills: 2', 'Entrepreneurial Mindset: 2', 'Process Improvement: 2', 'Negotiation Tactics: 1', 'Collaboration: 1']}"
Chad,Lawrence,24520403,Colombia,DevOps Engineer,sr2,"{'hard': ['Infrastructure as Code (IaC): 4', 'User Access Control: 2', 'Change Management: 4', 'Custom Scripts: 3', 'Backup Strategies: 2', 'Continuous Integration/Continuous Deployment (CI/CD): 2', 'Collaboration Tools: 2', 'Load Balancing: 2', 'Error Tracking: 3', 'Security Best Practices: 1'], 'soft': ['Creativity: 1', 'Trust Building: 4', 'Strategic Thinking: 4', 'Conflict Management: 1', 'Resilience: 2', 'Cognitive Flexibility: 2', 'Intuition: 3', 'Teamwork: 1', 'Self-Regulation: 4', 'Decision Making: 4', 'Cultural Awareness: 4', 'Self-Confidence: 4']}"
Matthew,Oneill,69266138,Argentina,Cobol Developer,sr3,"{'hard': ['Micro Focus: 4', 'Reporting: 2', 'Change Management: 5', 'Mainframe: 5', 'Debugging: 5', 'Data Warehousing: 4', 'IBM z/OS: 5', 'SoftTech: 2', 'DB2: 5', 'System Integration: 2', 'System Analysis: 3', 'Data Mapping: 2', 'User Acceptance Testing (UAT): 3', 'VSAM: 3'], 'soft': ['Delegation: 2', 'Team Building: 2', 'Authenticity: 2', 'Stress Resilience: 5', 'Motivational Skills: 2', 'Networking: 2', 'Quality Assurance: 2', 'Cognitive Flexibility: 4', 'Writing Skills: 3', 'Creativity: 2', 'Change Management: 3', 'Civic Engagement: 4', 'Resilience: 3', 'Negotiation Tactics: 4', 'Crisis Management: 4']}"
Jennifer,Burns,54967265,Argentina,NodeJs Developer,sr2,"{'hard': ['Debugging: 4', 'Version Control: 3', 'Middleware: 4', 'HTML/CSS: 4', 'GraphQL: 4', 'REST APIs: 2', 'WebSockets: 4', 'Git: 1', 'Microservices: 4', 'AWS: 3'], 'soft': ['Self-Confidence: 2', 'Social Intelligence: 1', 'Public Speaking: 3', 'Mentoring Skills: 4', 'Stress Management: 1', 'Collaboration: 4', 'Intuition: 2', 'Risk Management: 4', 'Visionary Leadership: 4', 'Communication: 2', 'Customer Service: 4', 'Crisis Communication: 1']}"
Todd,Wong,22186956,Paraguay,Ruby Developer,jr,"{'hard': ['Front-end Frameworks: 1', 'HTML: 1', 'Gem Management: 1', 'Ruby: 1', 'Agile: 1'], 'soft': ['Personality Awareness: 1', 'Situational Awareness: 1', 'Analytical Thinking: 1', 'Communication: 1', 'Positivity: 1']}"
Misty,Anderson,16650249,Venezuela,C++ Developer,sr3,"{'hard': ['C++: 2', 'Code Review: 2', 'Design Patterns: 2', 'System Programming: 5', 'DirectX: 5', 'Cross-Platform Development: 5', 'Embedded Systems: 2', 'Concurrency: 4', 'OpenGL: 4', 'Linux Development: 3', 'Game Development: 4', 'Algorithms: 5', 'Compiler Optimization: 5', 'Version Control (Git): 5'], 'soft': ['Emotional Resilience: 5', 'Conflict Resolution: 2', 'Networking: 3', 'Cognitive Flexibility: 2', 'Self-Motivation: 2', 'Virtual Collaboration: 3', 'Work-Life Balance: 4', 'Feedback Acceptance: 3', 'Performance Management: 5', 'Trust Building: 3', 'Networking Skills: 3', 'Integrity: 3', 'Resilience: 3', 'Cultural Awareness: 5', 'Goal Setting: 5']}"
Monica,Sanchez,48919482,Peru,PHP Developer,sr2,"{'hard': ['Version Control: 4', 'Database Design: 2', 'API Development: 2', 'Command Line Interface (CLI): 4', 'Symfony: 2', 'CSS: 4', 'Data Structures: 1', 'Unit Testing: 3', 'Session Management: 2', 'JSON: 3'], 'soft': ['Active Listening: 3', 'Networking: 4', 'Technology Savvy: 4', 'Conflict Management: 4', 'Work-Life Balance: 3', 'Negotiation: 1', 'Adaptability: 3', 'Emotional Resilience: 2', 'Resilience: 4', 'Networking Skills: 2', 'Stress Management: 1', 'Resourcefulness: 4']}"
Spencer,Collins,57110995,Paraguay,Game Developer,sr3,"{'hard': ['User Interface Design: 4', 'Multiplayer Networking: 4', 'Game Prototyping: 5', 'Live Ops: 3', 'Game Testing: 2', 'Agile: 4', 'Asset Management: 3', 'Visual Scripting: 5', 'Cross-platform Development: 3', 'Procedural Generation: 5', 'Storyboarding: 2', '3D Modeling: 3', 'Game Design: 2', 'Physics Simulation: 3'], 'soft': ['Interpersonal Communication: 3', 'Conflict Resolution: 4', 'Analytical Thinking: 5', 'Decision Making: 5', 'Persuasion: 5', 'Networking: 3', 'Stress Resilience: 3', 'Virtual Collaboration: 3', 'Goal Setting: 3', 'Public Relations: 5', 'Quality Assurance: 4', 'Client Management: 2', 'Critical Observation: 3', 'Team Building: 2', 'Responsibility: 4']}"
David,Lewis,15711711,Ecuador,Cybersecurity Engineer,jr,"{'hard': ['Security Policies: 1', 'Scripting (Python, PowerShell): 1', 'Endpoint Protection: 1', 'Encryption Techniques: 1', 'Penetration Testing: 1'], 'soft': ['Positivity: 1', 'Risk Management: 1', 'Motivational Skills: 1', 'Attention to Detail: 1', 'Visionary Thinking: 1']}"
Michelle,Sanchez,24578627,Colombia,PHP Developer,sr2,"{'hard': ['Object-Oriented Programming: 2', 'Command Line Interface (CLI): 4', 'Git: 4', 'REST APIs: 1', 'API Development: 3', 'XML: 2', 'Database Design: 2', 'Security Best Practices: 1', 'Caching Techniques: 4', 'Error Handling: 4'], 'soft': ['Learning Agility: 4', 'Inclusivity: 2', 'Presentation Skills: 1', 'Change Facilitation: 4', 'Technology Savvy: 1', 'Negotiation Tactics: 4', 'Critical Thinking: 3', 'Civic Engagement: 1', 'Mentoring Skills: 2', 'Mentoring: 2', 'Entrepreneurial Mindset: 3', 'Civic Responsibility: 4']}"
Christopher,Ramsey,13130419,Venezuela,Python Developer,jr,"{'hard': ['Machine Learning: 1', 'Agile: 1', 'Data Analysis: 1', 'Data Quality Assessment: 1', 'Docker: 1'], 'soft': ['Interpersonal Communication: 1', 'Research Skills: 1', 'Social Skills: 1', 'Stress Resilience: 1', 'Negotiation: 1']}"
Calvin,Clark,16934143,Bolivia,RPA Developer,sr3,"{'hard': ['Workflow Design: 2', 'SQL: 2', 'Task Automation: 4', 'Blue Prism: 2', 'Exception Handling: 4', 'Testing Automation: 5', 'Documentation: 5', 'Business Intelligence Tools: 5', 'Python: 5', 'Change Management: 5', 'Data Manipulation: 5', 'Agile: 5', 'Java: 2', 'Integration with Third-party Applications: 5'], 'soft': ['Critical Thinking: 4', 'Intuition: 2', 'Visionary Thinking: 3', 'Decision Making: 5', 'Humility: 5', 'Strategic Thinking: 4', 'Customer Service: 5', 'Self-Confidence: 3', 'Trust Building: 4', 'Cultural Competence: 3', 'Situational Awareness: 4', 'Writing Skills: 2', 'Cultural Awareness: 2', 'Research Skills: 4', 'Delegation: 2']}"
Nicole,Sanchez,19908911,Mexico,IOT Platform Engineer,jr,"{'hard': ['Data Processing: 1', 'Network Security: 1', 'Firmware Development: 1', 'Cloud Computing: 1', 'Data Analytics: 1'], 'soft': ['Adaptability: 1', 'Entrepreneurial Mindset: 1', 'Writing Skills: 1', 'Professionalism: 1', 'Stress Resilience: 1']}"
Alexandria,Copeland,99047289,Paraguay,RPA Developer,sr2,"{'hard': ['Version Control: 2', 'Robotic Process Automation Frameworks: 1', 'Python: 1', 'Data Extraction: 4', 'Business Process Mapping: 3', 'User Training: 3', 'Process Analysis: 1', 'Java: 3', 'UiPath: 3', 'Automation Anywhere: 4'], 'soft': ['Stress Management: 1', 'Goal Setting: 3', 'Crisis Management: 3', 'Positivity: 2', 'Scientific Thinking: 1', 'Entrepreneurial Mindset: 4', 'Innovation: 2', 'Data Interpretation: 2', 'Social Skills: 2', 'Strategic Communication: 2', 'Performance Management: 4', 'Time Optimization: 3']}"
Elizabeth,Mitchell,30815139,Ecuador,Cybersecurity Engineer,jr,"{'hard': ['Application Security: 1', 'Incident Response: 1', 'Authentication Mechanisms: 1', 'Network Protocols: 1', 'Compliance Standards (ISO, NIST): 1'], 'soft': ['Analytical Thinking: 1', 'Problem Analysis: 1', 'Attention to Detail: 1', 'Intuition: 1', 'Data Interpretation: 1']}"
Steven,Smith,54478967,Uruguay,Test Automation Engineer,jr,"{'hard': ['Automation Strategy: 1', 'Version Control: 1', 'JavaScript: 1', 'Agile: 1', 'Behavior-Driven Development (BDD): 1'], 'soft': ['Problem Analysis: 1', 'Social Intelligence: 1', 'Public Relations: 1', 'Ethical Judgment: 1', 'Risk Management: 1']}"
Andrea,Stevenson,68263550,Uruguay,Data Engineer,ssr,"{'hard': ['Business Intelligence: 2', 'Agile: 1', 'Data Architecture: 2', 'Data Pipeline Development: 1', 'Version Control (Git): 2'], 'soft': ['Social Skills: 1', 'Task Prioritization: 2', 'Time Optimization: 2', 'Workplace Culture Awareness: 2', 'Persuasion: 2']}"
Steven,Stanley,80756436,Colombia,SQL Developer,ssr,"{'hard': ['Database Administration: 1', 'Performance Tuning: 2', 'Backup and Recovery: 1', 'Agile: 1', 'Security Best Practices: 2'], 'soft': ['Research Skills: 1', 'Cognitive Flexibility: 2', 'Quality Assurance: 1', 'Negotiation: 1', 'Writing Skills: 1']}"
Crystal,Braun,55446576,Bolivia,NodeJs Developer,sr3,"{'hard': ['NPM: 2', 'Security Best Practices: 3', 'Kubernetes: 5', 'Data Structures: 4', 'Microservices: 4', 'Postman: 3', 'Git: 3', 'Performance Optimization: 5', 'Debugging: 4', 'Asynchronous Programming: 3', 'Middleware: 4', 'WebSockets: 3', 'Redis: 2', 'Logging Frameworks: 5'], 'soft': ['Learning Agility: 3', 'Public Relations: 5', 'Process Improvement: 3', 'Problem Analysis: 2', 'Social Intelligence: 2', 'Coaching: 5', 'Technology Savvy: 4', 'Networking Skills: 5', 'Conflict Management: 5', 'Data Interpretation: 2', 'Professionalism: 2', 'Diversity Awareness: 2', 'Research Skills: 4', 'Relationship Building: 5', 'Strategic Thinking: 3']}"
Joshua,Brooks,18539652,Mexico,Ruby Developer,sr1,"{'hard': ['Middleware: 2', 'SQL: 1', 'Testing Frameworks (RSpec): 3', 'Responsive Design: 2', 'Continuous Integration: 2', 'Data Migration: 3', 'Gem Management: 3', 'Database Design: 3', 'Git: 3', 'Ruby on Rails: 1'], 'soft': ['Change Management: 2', 'Stress Resilience: 2', 'Cognitive Flexibility: 3', 'Analytical Thinking: 2', 'Self-Motivation: 1', 'Negotiation Tactics: 2', 'Situational Awareness: 1', 'Intellectual Curiosity: 3', 'Trust Building: 3', 'Inclusivity: 3', 'Learning Agility: 1', 'Positivity: 3']}"
Rachel,Rangel,57768538,Mexico,IOT Platform Engineer,sr3,"{'hard': ['Interoperability Standards: 4', 'Telemetry: 2', 'Agile: 3', 'Sensor Technologies: 5', 'API Development: 2', 'Security Best Practices: 4', 'Firmware Development: 3', 'IoT Protocols (MQTT, CoAP): 3', 'User Interface Design: 5', 'Database Management: 2', 'Analytics Integration: 2', 'Cloud Platforms (AWS IoT, Azure IoT): 2', 'Edge Computing: 3', 'Version Control: 3'], 'soft': ['Time Awareness: 2', 'Interpersonal Skills: 2', 'Change Facilitation: 2', 'Change Management: 2', 'Teamwork: 3', 'Time Management: 3', 'Stress Management: 4', 'Relationship Building: 5', 'Flexibility: 5', 'Networking: 3', 'Personality Awareness: 4', 'Self-Regulation: 4', 'Ethical Judgment: 5', 'Work-Life Balance: 2', 'Technology Savvy: 5']}"
Christian,Soto,73139133,Chile,Web UI Developer,sr2,"{'hard': ['Web Design Principles: 1', 'Web Standards: 4', 'Agile: 4', 'Microinteractions: 3', 'Performance Optimization: 4', 'Animations: 1', 'Content Management Systems (CMS): 1', 'HTML: 1', 'Vue.js: 1', 'CSS Preprocessors (Sass, LESS): 2'], 'soft': ['Motivational Skills: 2', 'Process Improvement: 4', 'Goal Setting: 4', 'Adaptability: 4', 'Attention to Detail: 1', 'Personality Awareness: 1', 'Critical Thinking: 3', 'Emotional Intelligence: 3', 'Social Skills: 1', 'Self-Discipline: 4', 'Situational Awareness: 2', 'Time Management: 1']}"
Derrick,Jones,88238851,Peru,Cobol Developer,sr1,"{'hard': ['IBM z/OS: 1', 'Debugging: 1', 'Batch Processing: 1', 'Agile: 2', 'JCL: 3', 'CICS: 2', 'Legacy Systems: 3', 'Data Warehousing: 2', 'COBOL: 1', 'Version Control (Git): 3'], 'soft': ['Civic Responsibility: 3', 'Team Building: 1', 'Ethical Judgment: 1', 'Learning Agility: 3', 'Goal Setting: 2', 'Critical Thinking: 2', 'Interpersonal Communication: 1', 'Creativity: 3', 'Personality Awareness: 2', 'Writing Skills: 1', 'Influencing: 3', 'Stress Management: 2']}"
Ricardo,Bailey,94050520,Mexico,Sharepoint Developer,sr1,"{'hard': ['JavaScript: 1', 'REST APIs: 1', 'Information Architecture: 1', 'Business Intelligence: 2', 'C#: 1', 'User Interface Design: 1', 'Debugging: 3', 'Integration with Third-party Services: 2', 'Custom Web Parts: 3', 'Performance Optimization: 2'], 'soft': ['Adaptability: 1', 'Strategic Communication: 1', 'Emotional Intelligence: 2', 'Initiative: 3', 'Diversity Awareness: 1', 'Humility: 3', 'Scientific Thinking: 1', 'Analytical Thinking: 1', 'Stress Resilience: 3', 'Intellectual Curiosity: 2', 'Personality Awareness: 2', 'Global Awareness: 3']}"
Curtis,Ballard,24561940,Paraguay,Web UI Developer,sr1,"{'hard': ['Vue.js: 1', 'Figma/Adobe XD: 2', 'Image Optimization: 2', 'Performance Optimization: 3', 'Agile: 2', 'HTML: 2', 'User Interaction Design: 2', 'Version Control: 1', 'Color Theory: 2', 'REST APIs: 2'], 'soft': ['Analytical Thinking: 3', 'Critical Thinking: 3', 'Collaboration: 3', 'Active Listening: 1', 'Negotiation Tactics: 2', 'Attention to Detail: 3', 'Public Relations: 1', 'Trustworthiness: 1', 'Cultural Competence: 1', 'Data Interpretation: 3', 'Global Awareness: 1', 'Change Facilitation: 3']}"
William,Vasquez,43714754,Uruguay,Java Developer,ssr,"{'hard': ['JSON: 1', 'Kubernetes: 1', 'Algorithms: 1', 'JavaFX: 2', 'Docker: 1'], 'soft': ['Integrity: 1', 'Intuition: 1', 'Leadership: 2', 'Stress Resilience: 1', 'Quality Assurance: 2']}"
Christine,Scott,63851825,Uruguay,Sharepoint Developer,sr2,"{'hard': ['Content Management: 2', 'PowerShell: 2', 'SharePoint Designer: 1', 'Database Design: 4', 'Git: 1', 'Security Best Practices: 4', 'REST APIs: 1', 'Testing Automation: 1', 'Business Intelligence: 2', 'Data Migration: 4'], 'soft': ['Ethical Judgment: 2', 'Entrepreneurial Mindset: 3', 'Inclusivity: 1', 'Motivation: 2', 'Adaptability to Change: 1', 'Collaboration: 3', 'Stress Resilience: 4', 'Civic Engagement: 4', 'Process Improvement: 2', 'Quality Assurance: 3', 'Problem Analysis: 4', 'Positivity: 4']}"
Holly,Parker,93931191,Paraguay,Test Automation Engineer,ssr,"{'hard': ['Regression Testing: 1', 'Debugging: 2', 'Performance Testing: 1', 'Java: 1', 'Integration Testing: 1'], 'soft': ['Virtual Collaboration: 2', 'Ethical Judgment: 1', 'Influencing: 2', 'Work Ethic: 2', 'Integrity: 2']}"
Christine,Green,85776029,Argentina,Ruby Developer,jr,"{'hard': ['Ruby: 1', 'MVC Architecture: 1', 'Agile: 1', 'Task Scheduling: 1', 'JavaScript: 1'], 'soft': ['Coaching: 1', 'Global Awareness: 1', 'Research Skills: 1', 'Process Improvement: 1', 'Personality Awareness: 1']}"
Sandra,Hess,49435904,Bolivia,NodeJs Developer,sr2,"{'hard': ['Unit Testing: 2', 'Version Control: 3', 'NPM: 3', 'Mocha: 4', 'Postman: 4', 'Security Best Practices: 2', 'HTML/CSS: 2', 'Docker: 4', 'Debugging: 3', 'Redis: 2'], 'soft': ['Teamwork: 4', 'Virtual Collaboration: 2', 'Responsibility: 4', 'Adaptability: 1', 'Active Listening: 4', 'Decision Making: 1', 'Customer Service: 1', 'Motivation: 1', 'Writing Skills: 1', 'Civic Engagement: 3', 'Coaching: 1', 'Work-Life Balance: 4']}"
Logan,Murphy,31494617,Argentina,NodeJs Developer,sr2,"{'hard': ['Mocha: 3', 'GraphQL: 3', 'MongoDB: 2', 'JavaScript: 2', 'API Development: 2', 'Performance Optimization: 1', 'Logging Frameworks: 3', 'Frontend Frameworks (React/Vue): 4', 'Asynchronous Programming: 1', 'SQL: 3'], 'soft': ['Active Listening: 1', 'Diversity Awareness: 2', 'Strategic Thinking: 3', 'Interpersonal Communication: 2', 'Cultural Competence: 4', 'Self-Motivation: 3', 'Cognitive Flexibility: 1', 'Time Awareness: 1', 'Humility: 3', 'Creativity: 4', 'Influencing: 1', 'Intellectual Curiosity: 3']}"
Elizabeth,Webb,87117211,Venezuela,Sharepoint Developer,sr1,"{'hard': ['SharePoint Framework (SPFx): 1', 'PowerShell: 1', 'Performance Optimization: 1', 'Business Intelligence: 1', 'C#: 3', 'Database Design: 3', 'SharePoint Designer: 3', 'Team Sites: 3', 'Data Migration: 3', 'Custom Web Parts: 1'], 'soft': ['Innovation: 2', 'Mentoring: 1', 'Open-mindedness: 3', 'Self-Regulation: 1', 'Global Awareness: 1', 'Writing Skills: 3', 'Visionary Leadership: 3', 'Social Intelligence: 2', 'Resourcefulness: 3', 'Strategic Thinking: 1', 'Visionary Thinking: 2', 'Trustworthiness: 2']}"
William,Roberts,68977579,Bolivia,Flutter Developer,sr3,"{'hard': ['Integration Testing: 2', 'App Deployment: 5', 'Internationalization: 4', 'Cross-Platform Development: 3', 'Versioning: 2', 'Code Refactoring: 3', 'Security Best Practices: 5', 'State Management: 2', 'Flutter: 2', 'Continuous Integration: 2', 'Dependency Management: 3', 'Dart: 4', 'Localization: 5', 'UI/UX Design: 3'], 'soft': ['Flexibility: 2', 'Mentoring Skills: 3', 'Attention to Detail: 4', 'Empathy: 2', 'Conflict Management: 3', 'Self-Discipline: 3', 'Facilitation Skills: 4', 'Emotional Intelligence: 3', 'Conflict Resolution: 2', 'Intellectual Curiosity: 2', 'Integrity: 2', 'Motivational Skills: 5', 'Team Building: 3', 'Inclusivity: 5', 'Intuition: 2']}"
Lauren,Burke,78575767,Uruguay,Android Mobile Developer,sr3,"{'hard': ['MVVM: 3', 'Android SDK: 5', 'Firebase: 3', 'Constraint Layout: 4', 'Security Best Practices: 5', 'UI/UX Design: 2', 'Gradle: 5', 'Android NDK: 3', 'Performance Tuning: 3', 'Android Jetpack: 2', 'Git: 3', 'Kotlin Coroutines: 3', 'XML: 3', 'Kotlin: 2'], 'soft': ['Work Ethic: 4', 'Research Skills: 4', 'Customer Service: 4', 'Social Intelligence: 4', 'Cultural Awareness: 4', 'Interpersonal Communication: 3', 'Personality Awareness: 4', 'Visionary Thinking: 5', 'Responsibility: 5', 'Self-Discipline: 5', 'Data Interpretation: 3', 'Critical Thinking: 2', 'Team Building: 5', 'Motivation: 4', 'Crisis Communication: 3']}"
Tammy,Turner,93062373,Venezuela,Sharepoint Developer,sr2,"{'hard': ['Security Best Practices: 4', 'Team Sites: 1', 'CSS: 1', 'HTML: 3', 'Document Libraries: 4', 'Git: 1', 'Version Control: 3', 'Performance Optimization: 3', 'Integration with Third-party Services: 3', 'User Interface Design: 4'], 'soft': ['Civic Engagement: 2', 'Leadership: 1', 'Risk Management: 3', 'Teamwork: 3', 'Positivity: 2', 'Open-mindedness: 1', 'Humility: 2', 'Conflict Resolution: 3', 'Crisis Management: 1', 'Team Building: 4', 'Self-Motivation: 1', 'Mentoring Skills: 1']}"
Adam,Anderson,34697589,Paraguay,Python Developer,jr,"{'hard': ['NumPy: 1', 'Web Scraping: 1', 'REST APIs: 1', 'Selenium: 1', 'Security Best Practices: 1'], 'soft': ['Public Speaking: 1', 'Humility: 1', 'Risk Management: 1', 'Emotional Resilience: 1', 'Communication: 1']}"
Michael,Lucero,14923135,Chile,C++ Developer,sr1,"{'hard': ['Templates: 1', 'Qt Framework: 3', 'Multithreading: 1', 'C++: 1', 'Automated Testing: 3', 'Game Development: 1', 'OpenGL: 3', 'Cross-Platform Development: 2', 'DirectX: 3', 'OOP: 2'], 'soft': ['Professionalism: 3', 'Self-Motivation: 3', 'Feedback Acceptance: 3', 'Performance Management: 2', 'Goal Setting: 1', 'Intellectual Curiosity: 3', 'Cultural Competence: 1', 'Critical Observation: 1', 'Integrity: 2', 'Workplace Culture Awareness: 3', 'Self-Regulation: 1', 'Decision Making: 1']}"
Martha,Kelly,68089352,Venezuela,RPA Developer,sr2,"{'hard': ['Testing Automation: 1', 'Integration with Third-party Applications: 1', 'Java: 3', 'Python: 1', 'Exception Handling: 2', 'Debugging: 2', 'Workflow Design: 4', 'Task Automation: 3', 'Data Quality Management: 2', 'Excel VBA: 2'], 'soft': ['Change Management: 3', 'Work-Life Balance: 1', 'Empathy: 1', 'Task Prioritization: 1', 'Global Awareness: 2', 'Resourcefulness: 2', 'Problem Analysis: 4', 'Conflict Management: 2', 'Humility: 4', 'Social Intelligence: 4', 'Team Building: 3', 'Networking Skills: 2']}"
Jenna,Murphy,70781755,Uruguay,Cloud Engineer,jr,"{'hard': ['Configuration Management: 1', 'Performance Tuning: 1', 'CI/CD: 1', 'Scripting (Python, Bash): 1', 'Cloud Migration: 1'], 'soft': ['Strategic Communication: 1', 'Intellectual Curiosity: 1', 'Empathy: 1', 'Trustworthiness: 1', 'Visionary Leadership: 1']}"
John,Perez,51279687,Chile,Salesforce Developer,jr,"{'hard': ['Integration with Third-party Services: 1', 'Salesforce CRM: 1', 'Lightning Web Components: 1', 'Business Process Automation: 1', 'Service Cloud: 1'], 'soft': ['Time Awareness: 1', 'Performance Management: 1', 'Mentoring Skills: 1', 'Emotional Intelligence: 1', 'Feedback Delivery: 1']}"
Pamela,Pope,51231145,Peru,Web UI Developer,sr2,"{'hard': ['Testing Frameworks (Jest, Mocha): 2', 'Progressive Enhancement: 3', 'User Interaction Design: 4', 'Web Standards: 1', 'SEO Best Practices: 1', 'Accessibility Standards: 4', 'State Management: 2', 'CSS: 4', 'JavaScript: 1', 'Design Systems: 4'], 'soft': ['Responsibility: 1', 'Time Optimization: 1', 'Collaboration: 4', 'Decision Making: 2', 'Facilitation Skills: 3', 'Motivation: 3', 'Emotional Resilience: 3', 'Change Management: 4', 'Risk Management: 1', 'Networking Skills: 2', 'Persuasion: 4', 'Attention to Detail: 2']}"
Stephen,Flores,52051214,Mexico,DevOps Engineer,sr1,"{'hard': ['Continuous Integration/Continuous Deployment (CI/CD): 1', 'Error Tracking: 2', 'Change Management: 1', 'Database Management: 3', 'Agile: 1', 'Testing Automation: 2', 'Networking: 3', 'API Management: 1', 'Version Control (Git): 3', 'Automation Tools: 1'], 'soft': ['Ethical Judgment: 1', 'Humility: 3', 'Problem Analysis: 1', 'Social Intelligence: 3', 'Empathy: 3', 'Professionalism: 2', 'Personality Awareness: 1', 'Mentoring: 3', 'Work Ethic: 2', 'Technology Savvy: 2', 'Situational Awareness: 1', 'Mentoring Skills: 3']}"
Angela,Booker,96708565,Uruguay,Sharepoint Developer,sr3,"{'hard': ['Office 365: 2', 'Information Architecture: 4', 'SharePoint Framework (SPFx): 5', 'Data Migration: 5', 'Git: 4', 'PowerShell: 5', 'Microsoft Flow: 3', 'Debugging: 5', 'Security Best Practices: 4', 'HTML: 2', 'Content Management: 5', 'SQL Server: 2', 'JavaScript: 5', 'Version Control: 4'], 'soft': ['Research Skills: 3', 'Technology Savvy: 3', 'Mentoring: 5', 'Problem Solving: 5', 'Active Listening: 2', 'Intuition: 3', 'Adaptability to Change: 3', 'Data Interpretation: 5', 'Persuasion: 4', 'Cognitive Flexibility: 2', 'Resourcefulness: 4', 'Responsibility: 5', 'Integrity: 4', 'Change Facilitation: 2', 'Strategic Thinking: 4']}"
Yolanda,Hughes,52468297,Argentina,iOS Mobile Developer,sr3,"{'hard': ['Core Location: 3', 'Firebase: 2', 'Git: 4', 'SiriKit: 3', 'UIKit: 3', 'App Store Submission: 5', 'iOS SDK: 2', 'Core Data: 2', 'In-App Purchases: 4', 'Network Connectivity: 3', 'Debugging: 5', 'Security Best Practices: 5', 'Cocoa Touch: 2', 'Core Animation: 4'], 'soft': ['Time Management: 5', 'Decision Making: 2', 'Visionary Thinking: 2', 'Social Skills: 3', 'Work-Life Balance: 5', 'Entrepreneurial Mindset: 3', 'Interpersonal Skills: 3', 'Civic Engagement: 5', 'Feedback Delivery: 5', 'Change Management: 3', 'Creativity: 3', 'Authenticity: 5', 'Attention to Detail: 2', 'Self-Regulation: 2', 'Time Optimization: 5']}"
Joshua,Hill,30107599,Peru,IOT Platform Engineer,jr,"{'hard': ['Real-time Data Processing: 1', 'Device Management: 1', 'Interoperability Standards: 1', 'Big Data Technologies: 1', 'Sensor Technologies: 1'], 'soft': ['Cultural Competence: 1', 'Strategic Communication: 1', 'Motivational Skills: 1', 'Writing Skills: 1', 'Learning Agility: 1']}"
Donna,Contreras,40841161,Colombia,iOS Mobile Developer,ssr,"{'hard': ['Core Data: 1', 'UIKit: 2', 'Auto Layout: 1', 'Push Notifications: 1', 'Third-party Libraries: 1'], 'soft': ['Critical Observation: 2', 'Situational Awareness: 1', 'Empathy: 1', 'Crisis Management: 2', 'Change Facilitation: 1']}"
Robert,Anderson,94557227,Ecuador,Cybersecurity Engineer,ssr,"{'hard': ['Risk Assessment: 1', 'Network Security: 1', 'Application Hardening: 2', 'Intrusion Detection Systems (IDS): 1', 'Identity and Access Management (IAM): 1'], 'soft': ['Critical Observation: 1', 'Intellectual Curiosity: 1', 'Networking: 1', 'Leadership: 1', 'Open-mindedness: 2']}"
Connor,Boyer,21612740,Peru,RPA Developer,sr3,"{'hard': ['Python: 5', 'Debugging: 5', 'User Training: 3', 'Excel VBA: 5', 'REST APIs: 3', 'Data Quality Management: 5', 'Integration with Third-party Applications: 4', 'Reporting: 4', 'Process Analysis: 2', 'Security Best Practices: 3', 'Version Control: 3', 'UiPath: 3', 'Exception Handling: 3', 'Task Automation: 4'], 'soft': ['Creativity: 5', 'Positivity: 2', 'Crisis Management: 4', 'Cultural Awareness: 4', 'Emotional Intelligence: 4', 'Emotional Resilience: 2', 'Service Orientation: 5', 'Facilitation Skills: 5', 'Self-Confidence: 3', 'Self-Discipline: 3', 'Risk Management: 2', 'Communication: 5', 'Professionalism: 2', 'Client Management: 3', 'Persuasion: 5']}"
Katie,Rodriguez,37078343,Chile,Cloud Engineer,jr,"{'hard': ['API Management: 1', 'DevOps: 1', 'Application Networking: 1', 'Google Cloud Platform: 1', 'Cost Optimization: 1'], 'soft': ['Resource Allocation: 1', 'Emotional Resilience: 1', 'Work-Life Balance: 1', 'Task Prioritization: 1', 'Influencing: 1']}"
Andrew,Lee,99964190,Mexico,Salesforce Developer,ssr,"{'hard': ['Salesforce DX: 1', 'Version Control: 1', 'User Interface Design: 2', 'Lightning Web Components: 1', 'Data Modeling: 2'], 'soft': ['Resourcefulness: 2', 'Motivation: 1', 'Diversity Awareness: 1', 'Strategic Communication: 2', 'Quality Assurance: 1']}"
Todd,Woods,78981500,Mexico,SQL Developer,jr,"{'hard': ['Data Warehousing: 1', 'Integration with Third-party Tools: 1', 'Performance Tuning: 1', 'Data Governance: 1', 'Debugging: 1'], 'soft': ['Analytical Thinking: 1', 'Customer Service: 1', 'Responsibility: 1', 'Negotiation Tactics: 1', 'Data Interpretation: 1']}"
Hannah,Fuller,94979150,Chile,Android Mobile Developer,sr2,"{'hard': ['Performance Tuning: 4', 'Android Jetpack: 1', 'ProGuard: 1', 'Motion Layout: 3', 'LiveData: 2', 'UI/UX Design: 2', 'Android Architecture Components: 4', 'Test-Driven Development: 3', 'JUnit: 3', 'Kotlin: 3'], 'soft': ['Goal Setting: 1', 'Crisis Communication: 4', 'Performance Management: 2', 'Visionary Leadership: 1', 'Humility: 1', 'Emotional Resilience: 2', 'Crisis Management: 3', 'Intuition: 1', 'Inclusivity: 3', 'Conflict Management: 4', 'Process Improvement: 3', 'Work-Life Balance: 3']}"
David,Hendrix,41649572,Ecuador,Cloud Engineer,sr1,"{'hard': ['CI/CD: 1', 'Cloud Security: 3', 'Event-Driven Architecture: 1', 'Version Control (Git): 1', 'Performance Tuning: 1', 'Cost Optimization: 1', 'Cloud Architecture: 3', 'Monitoring and Logging: 3', 'Disaster Recovery Planning: 3', 'Networking: 2'], 'soft': ['Public Relations: 2', 'Motivation: 1', 'Work-Life Balance: 2', 'Time Awareness: 2', 'Emotional Resilience: 3', 'Open-mindedness: 2', 'Critical Observation: 2', 'Persuasion: 3', 'Social Skills: 3', 'Strategic Communication: 1', 'Task Prioritization: 1', 'Problem Analysis: 2']}"
Nancy,Bolton,17478430,Colombia,NodeJs Developer,sr3,"{'hard': ['NPM: 2', 'WebSockets: 5', 'Asynchronous Programming: 3', 'Event-Driven Architecture: 2', 'JWT: 4', 'Debugging: 2', 'HTML/CSS: 3', 'Chai: 2', 'Git: 4', 'REST APIs: 4', 'Data Structures: 4', 'API Development: 3', 'Socket.io: 2', 'GraphQL: 3'], 'soft': ['Self-Regulation: 3', 'Decision Making: 5', 'Risk Management: 5', 'Goal Setting: 5', 'Humility: 3', 'Conflict Resolution: 5', 'Conflict Management: 3', 'Persuasion: 3', 'Cultural Competence: 3', 'Data Interpretation: 3', 'Change Facilitation: 3', 'Civic Engagement: 5', 'Inclusivity: 2', 'Motivational Skills: 3', 'Networking Skills: 4']}"
Paul,Crawford,44001046,Colombia,Cybersecurity Engineer,jr,"{'hard': ['Authentication Mechanisms: 1', 'Encryption Techniques: 1', 'DevSecOps: 1', 'Identity and Access Management (IAM): 1', 'Agile: 1'], 'soft': ['Responsibility: 1', 'Conflict Resolution: 1', 'Communication: 1', 'Delegation: 1', 'Scientific Thinking: 1']}"
Shelley,Harris,95354912,Venezuela,C++ Developer,sr3,"{'hard': ['C++: 4', 'Standard Template Library (STL): 2', 'Qt Framework: 3', 'Memory Management: 2', 'Cross-Platform Development: 2', 'Static and Dynamic Libraries: 5', 'Linux Development: 5', 'Boost Library: 3', 'Algorithms: 5', 'OOP: 2', 'Debugging: 3', 'Game Development: 2', 'Embedded Systems: 5', 'Automated Testing: 5'], 'soft': ['Strategic Thinking: 2', 'Task Prioritization: 5', 'Facilitation Skills: 4', 'Delegation: 3', 'Civic Responsibility: 2', 'Civic Engagement: 4', 'Diversity Awareness: 2', 'Interpersonal Communication: 5', 'Analytical Thinking: 2', 'Cultural Awareness: 4', 'Ethical Judgment: 2', 'Trust Building: 2', 'Conflict Resolution: 5', 'Networking: 2', 'Resource Allocation: 5']}"
Stacy,Newton,16960257,Argentina,Python Developer,jr,"{'hard': ['Concurrency: 1', 'Data Mining: 1', 'Git: 1', 'Machine Learning: 1', 'Data Quality Assessment: 1'], 'soft': ['Negotiation: 1', 'Creativity: 1', 'Motivational Skills: 1', 'Learning Agility: 1', 'Cognitive Flexibility: 1']}"
Renee,Garcia,65245514,Uruguay,Test Automation Engineer,sr1,"{'hard': ['Test Management Tools: 1', 'Version Control (Git): 3', 'Selenium: 3', 'Mocking Frameworks: 2', 'API Testing: 3', 'Test Case Design: 2', 'Continuous Testing: 1', 'Automation Strategy: 1', 'Test Environment Setup: 1', 'Cloud Testing: 3'], 'soft': ['Creativity: 1', 'Delegation: 2', 'Humility: 2', 'Collaboration: 2', 'Open-mindedness: 1', 'Strategic Communication: 3', 'Social Intelligence: 2', 'Decision Making: 3', 'Coaching: 3', 'Adaptability to Change: 1', 'Self-Regulation: 2', 'Global Awareness: 1']}"
Angela,Valenzuela,94967163,Venezuela,SQL Developer,sr2,"{'hard': ['MySQL: 3', 'Stored Procedures: 4', 'PostgreSQL: 1', 'ETL: 3', 'Data Governance: 4', 'Data Analysis: 4', 'Data Modeling: 1', 'SQL Server: 3', 'Agile: 3', 'NoSQL Databases: 3'], 'soft': ['Problem Analysis: 4', 'Public Relations: 2', 'Creativity: 3', 'Visionary Leadership: 2', 'Trustworthiness: 4', 'Open-mindedness: 3', 'Delegation: 3', 'Work Ethic: 3', 'Influencing: 4', 'Technology Savvy: 1', 'Diversity Awareness: 4', 'Facilitation Skills: 2']}"
Karen,Gonzalez,79417838,Argentina,Cloud Engineer,sr2,"{'hard': ['Cloud Security: 2', 'Data Storage Solutions: 3', 'Infrastructure as Code (IaC): 1', 'Backup and Recovery: 1', 'Automation Tools: 1', 'Version Control (Git): 4', 'Disaster Recovery Planning: 4', 'Application Networking: 2', 'Kubernetes: 2', 'Resource Allocation: 2'], 'soft': ['Intellectual Curiosity: 3', 'Feedback Delivery: 4', 'Cognitive Flexibility: 1', 'Facilitation Skills: 2', 'Presentation Skills: 2', 'Cultural Awareness: 2', 'Cultural Competence: 4', 'Inclusivity: 3', 'Situational Awareness: 4', 'Work Ethic: 4', 'Creativity: 1', 'Decision Making: 1']}"
Elizabeth,Parker,41353556,Venezuela,Web Mobile Developer,jr,"{'hard': ['Authentication Mechanisms: 1', 'Deployment Techniques: 1', 'Flutter: 1', 'JavaScript: 1', 'Progressive Web Apps (PWAs): 1'], 'soft': ['Resilience: 1', 'Coaching: 1', 'Service Orientation: 1', 'Emotional Intelligence: 1', 'Problem Solving: 1']}"
Christian,Thomas,44437645,Chile,Cobol Developer,ssr,"{'hard': ['JCL: 1', 'SoftTech: 2', 'System Integration: 1', 'Client Interaction: 1', 'Debugging: 1'], 'soft': ['Interpersonal Skills: 2', 'Cognitive Flexibility: 1', 'Time Awareness: 2', 'Trustworthiness: 1', 'Initiative: 1']}"
Kimberly,Lynn,54234584,Paraguay,SQL Developer,ssr,"{'hard': ['T-SQL: 2', 'Security Best Practices: 1', 'Data Warehousing: 1', 'Data Structures: 2', 'Reporting Tools: 2'], 'soft': ['Team Building: 1', 'Delegation: 2', 'Adaptability to Change: 2', 'Cultural Competence: 2', 'Social Skills: 2']}"
Jody,Giles,29462290,Colombia,Flutter Developer,ssr,"{'hard': ['Performance Optimization: 2', 'Agile: 1', 'Firebase: 2', 'Asynchronous Programming: 1', 'Continuous Integration: 1'], 'soft': ['Civic Engagement: 1', 'Personality Awareness: 2', 'Task Prioritization: 1', 'Trust Building: 1', 'Networking: 1']}"
Louis,Contreras,39839330,Peru,Cloud Engineer,jr,"{'hard': ['Networking: 1', 'Google Cloud Platform: 1', 'Service Mesh: 1', 'Infrastructure as Code (IaC): 1', 'Disaster Recovery Planning: 1'], 'soft': ['Data Interpretation: 1', 'Resilience: 1', 'Professionalism: 1', 'Mentoring: 1', 'Service Orientation: 1']}"
Eric,Sutton,43355686,Peru,RPA Developer,sr2,"{'hard': ['Robotic Process Automation Frameworks: 2', 'Change Management: 2', 'Reporting: 1', 'Process Analysis: 2', 'Client Interaction: 1', 'Version Control: 2', 'Python: 2', 'Blue Prism: 2', 'Business Intelligence Tools: 1', 'Performance Monitoring: 4'], 'soft': ['Collaboration: 1', 'Cultural Competence: 3', 'Interpersonal Skills: 1', 'Integrity: 1', 'Visionary Thinking: 2', 'Inclusivity: 1', 'Personality Awareness: 2', 'Cultural Awareness: 4', 'Work-Life Balance: 2', 'Intellectual Curiosity: 4', 'Negotiation Tactics: 1', 'Decision Making: 1']}"
Jessica,Bennett,98194961,Uruguay,Python Developer,ssr,"{'hard': ['Spark: 1', 'Cloud Services: 1', 'Data Engineering: 1', 'SQL: 1', 'NumPy: 2'], 'soft': ['Creativity: 1', 'Negotiation: 2', 'Scientific Thinking: 1', 'Communication: 2', 'Intellectual Curiosity: 1']}"
Anne,Martinez,30238230,Venezuela,RPA Developer,jr,"{'hard': ['Python: 1', 'Continuous Improvement: 1', 'Testing Automation: 1', 'SQL: 1', 'Business Process Mapping: 1'], 'soft': ['Goal Setting: 1', 'Intuition: 1', 'Trust Building: 1', 'Performance Management: 1', 'Entrepreneurial Mindset: 1']}"
Mary,Smith,65267254,Chile,Java Developer,sr1,"{'hard': ['JSON: 2', 'Dependency Injection: 1', 'Agile: 2', 'Web Services: 2', 'Data Structures: 3', 'JavaFX: 2', 'XML: 1', 'Hibernate: 1', 'Security: 1', 'Continuous Integration: 2'], 'soft': ['Trustworthiness: 3', 'Ethical Judgment: 1', 'Cultural Competence: 2', 'Time Optimization: 2', 'Work Ethic: 3', 'Situational Awareness: 1', 'Decision Making: 1', 'Innovation: 2', 'Mentoring Skills: 3', 'Interpersonal Skills: 2', 'Negotiation Tactics: 2', 'Self-Discipline: 2']}"
Carl,Lee,52298353,Uruguay,Cobol Developer,ssr,"{'hard': ['Reporting: 2', 'Mainframe: 2', 'DB2: 1', 'SoftTech: 1', 'Data Structures: 2'], 'soft': ['Social Skills: 1', 'Civic Engagement: 2', 'Entrepreneurial Mindset: 2', 'Emotional Resilience: 2', 'Negotiation Tactics: 1']}"
Kathryn,Smith,82620661,Venezuela,Python Developer,ssr,"{'hard': ['Agile: 2', 'Data Visualization: 2', 'Spark: 1', 'Pytorch: 2', 'Python: 2'], 'soft': ['Time Awareness: 2', 'Cultural Competence: 1', 'Team Building: 2', 'Motivation: 1', 'Writing Skills: 1']}"
Jose,Matthews,82072849,Argentina,Cloud Engineer,sr1,"{'hard': ['Automation Tools: 2', 'AWS: 3', 'Scripting (Python, Bash): 3', 'Monitoring and Logging: 1', 'API Management: 1', 'Cloud Architecture: 2', 'Version Control (Git): 2', 'Configuration Management: 1', 'DevOps: 2', 'Data Storage Solutions: 2'], 'soft': ['Critical Observation: 3', 'Conflict Resolution: 3', 'Time Awareness: 3', 'Trust Building: 2', 'Motivational Skills: 1', 'Crisis Management: 2', 'Motivation: 2', 'Self-Regulation: 3', 'Stress Management: 3', 'Presentation Skills: 1', 'Networking Skills: 2', 'Workplace Culture Awareness: 3']}"
Steven,Mathews,30713062,Venezuela,Cloud Engineer,ssr,"{'hard': ['Google Cloud Platform: 2', 'Disaster Recovery Planning: 1', 'Database Management: 1', 'AWS: 2', 'Serverless Computing: 2'], 'soft': ['Self-Confidence: 2', 'Self-Discipline: 1', 'Writing Skills: 2', 'Social Skills: 2', 'Time Optimization: 1']}"
Devin,Wilson,47493556,Mexico,Web Mobile Developer,jr,"{'hard': ['Performance Optimization: 1', 'CSS: 1', 'Cross-Browser Compatibility: 1', 'UI/UX Design: 1', 'JavaScript: 1'], 'soft': ['Positivity: 1', 'Influencing: 1', 'Facilitation Skills: 1', 'Innovation: 1', 'Team Building: 1']}"
Daniel,Whitaker,17618917,Bolivia,DevOps Engineer,sr2,"{'hard': ['Change Management: 3', 'User Access Control: 3', 'Backup Strategies: 3', 'Agile: 1', 'Application Performance Monitoring (APM): 3', 'Monitoring and Logging: 2', 'Infrastructure as Code (IaC): 1', 'Collaboration Tools: 2', 'Version Control (Git): 2', 'API Management: 2'], 'soft': ['Writing Skills: 1', 'Scientific Thinking: 1', 'Visionary Thinking: 3', 'Work Ethic: 2', 'Task Prioritization: 4', 'Presentation Skills: 4', 'Communication: 2', 'Self-Regulation: 4', 'Teamwork: 3', 'Inclusivity: 4', 'Crisis Management: 4', 'Stress Management: 3']}"
Stephen,Henry,16300938,Mexico,Ruby Developer,sr1,"{'hard': ['Debugging: 3', 'Performance Optimization: 1', 'Database Design: 3', 'HTML: 3', 'Object-Oriented Programming: 2', 'Task Scheduling: 3', 'Caching Techniques: 1', 'Active Record: 2', 'User Authentication: 3', 'Gem Management: 2'], 'soft': ['Client Management: 1', 'Empathy: 3', 'Goal Setting: 3', 'Innovation: 2', 'Integrity: 1', 'Self-Confidence: 1', 'Diversity Awareness: 1', 'Task Prioritization: 3', 'Personality Awareness: 2', 'Crisis Communication: 1', 'Mentoring: 2', 'Intuition: 2']}"
Jack,Perez,54051596,Chile,Java Developer,jr,"{'hard': ['JSON: 1', 'Spring Boot: 1', 'Hibernate: 1', 'Data Structures: 1', 'JPA: 1'], 'soft': ['Feedback Delivery: 1', 'Performance Management: 1', 'Self-Confidence: 1', 'Leadership: 1', 'Workplace Culture Awareness: 1']}"
Alexis,Thomas,39219423,Argentina,.Net Developer,jr,"{'hard': ['Code Review: 1', 'Web API: 1', 'SQL Server: 1', 'Version Control (Git): 1', 'Web Services: 1'], 'soft': ['Innovation: 1', 'Risk Management: 1', 'Authenticity: 1', 'Negotiation: 1', 'Analytical Thinking: 1']}"
Melissa,Wood,43104074,Venezuela,C++ Developer,sr2,"{'hard': ['Boost Library: 1', 'Code Review: 1', 'Standard Template Library (STL): 3', 'Static and Dynamic Libraries: 3', 'Embedded Systems: 1', 'Debugging: 3', 'OOP: 3', 'Linux Development: 1', 'Templates: 4', 'System Programming: 1'], 'soft': ['Cultural Competence: 1', 'Writing Skills: 2', 'Problem Analysis: 2', 'Personality Awareness: 4', 'Entrepreneurial Mindset: 1', 'Empathy: 1', 'Virtual Collaboration: 3', 'Team Building: 1', 'Resource Allocation: 1', 'Performance Management: 2', 'Civic Responsibility: 1', 'Conflict Resolution: 3']}"
Brandon,Romero,69123467,Bolivia,IOT Platform Engineer,sr2,"{'hard': ['Cloud Platforms (AWS IoT, Azure IoT): 3', 'Agile: 3', 'Testing and Validation: 3', 'Edge Computing: 2', 'Device Connectivity: 4', 'Interoperability Standards: 4', 'Data Visualization: 1', 'Lifecycle Management: 2', 'Device Management: 2', 'Analytics Integration: 2'], 'soft': ['Conflict Resolution: 3', 'Task Prioritization: 1', 'Workplace Culture Awareness: 3', 'Data Interpretation: 2', 'Communication: 1', 'Intuition: 1', 'Creativity: 1', 'Persuasion: 3', 'Emotional Resilience: 3', 'Visionary Leadership: 4', 'Presentation Skills: 4', 'Ethical Judgment: 1']}"
Amy,Hendrix,18616079,Bolivia,IOT Platform Engineer,ssr,"{'hard': ['Database Management: 2', 'Version Control: 2', 'Cloud Computing: 2', 'Data Analytics: 2', 'Deployment Techniques: 1'], 'soft': ['Flexibility: 1', 'Self-Motivation: 1', 'Crisis Communication: 2', 'Social Intelligence: 1', 'Facilitation Skills: 1']}"
Rhonda,Martinez,67547550,Mexico,PHP Developer,sr3,"{'hard': ['API Development: 4', 'CSS: 2', 'Object-Oriented Programming: 3', 'PHP: 4', 'Web Services: 3', 'User Authentication: 4', 'Caching Techniques: 5', 'Security Best Practices: 3', 'Error Handling: 3', 'Session Management: 3', 'Git: 3', 'Continuous Integration: 2', 'Frameworks (CodeIgniter): 2', 'Symfony: 2'], 'soft': ['Intellectual Curiosity: 2', 'Influencing: 4', 'Social Intelligence: 5', 'Time Awareness: 5', 'Ethical Judgment: 2', 'Mentoring: 4', 'Networking: 3', 'Team Building: 4', 'Entrepreneurial Mindset: 2', 'Workplace Culture Awareness: 3', 'Trustworthiness: 2', 'Interpersonal Skills: 4', 'Visionary Leadership: 4', 'Mentoring Skills: 2', 'Attention to Detail: 3']}"
Kathy,Anderson,65921739,Ecuador,Game Developer,ssr,"{'hard': ['Graphics Programming: 1', 'Game Design: 2', 'Physics Engines: 1', 'Unreal Engine: 2', 'Unity: 1'], 'soft': ['Collaboration: 2', 'Innovation: 2', 'Adaptability to Change: 1', 'Performance Management: 1', 'Initiative: 1']}"
Kevin,Christensen,59123967,Mexico,DevOps Engineer,jr,"{'hard': ['Infrastructure as Code (IaC): 1', 'Version Control (Git): 1', 'Networking: 1', 'Change Management: 1', 'API Management: 1'], 'soft': ['Trustworthiness: 1', 'Innovation: 1', 'Goal Setting: 1', 'Crisis Management: 1', 'Empathy: 1']}"
Dylan,Murray,88092852,Bolivia,Cybersecurity Engineer,sr1,"{'hard': ['Incident Response: 1', 'DevSecOps: 2', 'Malware Analysis: 2', 'Mobile Security: 3', 'Penetration Testing: 1', 'Security Frameworks (CIS, OWASP): 3', 'Network Security: 3', 'Endpoint Protection: 1', 'Vulnerability Assessment: 3', 'Encryption Techniques: 2'], 'soft': ['Problem Solving: 3', 'Inclusivity: 1', 'Service Orientation: 2', 'Critical Observation: 1', 'Negotiation Tactics: 2', 'Relationship Building: 1', 'Crisis Management: 2', 'Stress Management: 3', 'Client Management: 3', 'Self-Regulation: 1', 'Self-Discipline: 1', 'Intuition: 1']}"
Margaret,Simmons,60372580,Mexico,Cybersecurity Engineer,jr,"{'hard': ['Security Awareness Training: 1', 'Agile: 1', 'Application Hardening: 1', 'Security Information and Event Management (SIEM): 1', 'Incident Management: 1'], 'soft': ['Civic Engagement: 1', 'Visionary Leadership: 1', 'Creativity: 1', 'Diversity Awareness: 1', 'Scientific Thinking: 1']}"
Kathryn,Thompson,91969525,Paraguay,Java Developer,sr2,"{'hard': ['Internationalization: 1', 'Performance Tuning: 4', 'JUnit: 1', 'Logging Frameworks: 4', 'Dependency Injection: 4', 'API Development: 2', 'Web Services: 4', 'Design Patterns: 3', 'Multi-threading: 2', 'JDBC: 4'], 'soft': ['Cultural Awareness: 1', 'Process Improvement: 4', 'Self-Discipline: 3', 'Creativity: 2', 'Change Facilitation: 1', 'Integrity: 2', 'Interpersonal Communication: 1', 'Decision Making: 3', 'Cultural Competence: 1', 'Time Management: 1', 'Delegation: 2', 'Initiative: 4']}"
Amy,Sanchez,45851541,Argentina,Web UI Developer,ssr,"{'hard': ['Content Management Systems (CMS): 1', 'Front-End Frameworks: 2', 'Web Standards: 1', 'JavaScript: 2', 'Web Design Principles: 2'], 'soft': ['Service Orientation: 2', 'Presentation Skills: 1', 'Learning Agility: 1', 'Attention to Detail: 2', 'Crisis Communication: 1']}"
Steve,Gray,47815722,Colombia,DevOps Engineer,sr2,"{'hard': ['Incident Management: 3', 'Error Tracking: 2', 'Cloud Services: 3', 'AWS: 4', 'Application Performance Monitoring (APM): 4', 'Backup Strategies: 2', 'Kubernetes: 1', 'Site Reliability Engineering (SRE): 1', 'Configuration Management: 4', 'Networking: 1'], 'soft': ['Active Listening: 1', 'Visionary Thinking: 3', 'Public Relations: 4', 'Humility: 1', 'Self-Motivation: 1', 'Resilience: 1', 'Presentation Skills: 1', 'Leadership: 4', 'Workplace Culture Awareness: 4', 'Persuasion: 1', 'Problem Solving: 2', 'Professionalism: 1']}"
Tina,Grant,89548135,Venezuela,Python Developer,ssr,"{'hard': ['Docker: 2', 'Selenium: 1', 'SQL: 2', 'Data Engineering: 2', 'Data Visualization: 2'], 'soft': ['Flexibility: 1', 'Cultural Competence: 1', 'Strategic Thinking: 1', 'Self-Discipline: 2', 'Intellectual Curiosity: 2']}"
Heather,Edwards,55959971,Argentina,Sharepoint Developer,sr2,"{'hard': ['Data Migration: 1', 'SharePoint Online: 4', 'Team Sites: 4', 'Content Management: 4', 'CSS: 1', 'User Authentication: 1', 'JavaScript: 4', 'SharePoint Framework (SPFx): 4', 'SharePoint Designer: 1', 'Custom Web Parts: 1'], 'soft': ['Work Ethic: 4', 'Integrity: 4', 'Intuition: 1', 'Feedback Acceptance: 2', 'Interpersonal Skills: 1', 'Visionary Leadership: 4', 'Time Optimization: 3', 'Performance Management: 3', 'Change Management: 4', 'Persuasion: 3', 'Negotiation: 1', 'Task Prioritization: 2']}"
George,Coffey,12710017,Bolivia,Test Automation Engineer,jr,"{'hard': ['Cypress: 1', 'Regression Testing: 1', 'Reporting Tools: 1', 'Continuous Testing: 1', 'Version Control (Git): 1'], 'soft': ['Civic Engagement: 1', 'Intuition: 1', 'Creativity: 1', 'Time Awareness: 1', 'Writing Skills: 1']}"
Nathaniel,Gray,52414165,Colombia,Data Engineer,jr,"{'hard': ['Data Visualization Tools (Tableau, Power BI): 1', 'Data Transformation: 1', 'API Development: 1', 'Machine Learning Basics: 1', 'Data Cataloging: 1'], 'soft': ['Civic Engagement: 1', 'Conflict Management: 1', 'Critical Observation: 1', 'Integrity: 1', 'Networking Skills: 1']}"
Nicole,Holmes,23124720,Argentina,Sharepoint Developer,sr1,"{'hard': ['HTML: 2', 'User Authentication: 2', 'Git: 1', 'Microsoft Flow: 2', 'Debugging: 3', 'Information Architecture: 3', 'Agile: 2', 'Integration with Third-party Services: 3', 'ASP.NET: 1', 'REST APIs: 2'], 'soft': ['Motivational Skills: 3', 'Quality Assurance: 3', 'Mentoring Skills: 2', 'Change Management: 3', 'Public Relations: 3', 'Strategic Communication: 1', 'Self-Confidence: 1', 'Professionalism: 1', 'Decision Making: 3', 'Innovation: 1', 'Problem Solving: 3', 'Strategic Thinking: 3']}"
Robert,Clark,21480598,Ecuador,SQL Developer,sr3,"{'hard': ['Business Intelligence Tools: 4', 'PL/SQL: 5', 'Query Optimization: 4', 'Data Migration: 2', 'Oracle Database: 5', 'SQL: 2', 'Integration with Third-party Tools: 2', 'Data Analysis: 4', 'Reporting Tools: 2', 'ETL: 3', 'Data Warehousing: 4', 'Indexing: 2', 'Stored Procedures: 2', 'Debugging: 3'], 'soft': ['Innovation: 2', 'Ethical Judgment: 5', 'Flexibility: 2', 'Delegation: 2', 'Inclusivity: 5', 'Positivity: 5', 'Facilitation Skills: 5', 'Time Optimization: 3', 'Professionalism: 2', 'Time Management: 4', 'Problem Solving: 5', 'Cultural Awareness: 5', 'Active Listening: 2', 'Open-mindedness: 5', 'Civic Responsibility: 3']}"
Sabrina,Thompson,27671939,Argentina,Java Developer,sr1,"{'hard': ['Git: 1', 'Data Structures: 3', 'Multi-threading: 1', 'Web Services: 1', 'SOAP: 3', 'Kubernetes: 3', 'Spring Boot: 1', 'Microservices: 1', 'JDBC: 2', 'REST APIs: 2'], 'soft': ['Self-Confidence: 1', 'Active Listening: 3', 'Collaboration: 3', 'Workplace Culture Awareness: 3', 'Global Awareness: 3', 'Motivation: 2', 'Work Ethic: 3', 'Civic Engagement: 2', 'Teamwork: 3', 'Visionary Leadership: 2', 'Stress Management: 3', 'Situational Awareness: 3']}"
Elizabeth,Mejia,73614080,Argentina,SQL Developer,sr3,"{'hard': ['Database Design: 3', 'Data Warehousing: 2', 'SQL Server: 5', 'Performance Tuning: 3', 'Data Modeling: 2', 'Backup and Recovery: 4', 'PL/SQL: 3', 'MySQL: 5', 'Data Structures: 4', 'Version Control: 3', 'NoSQL Databases: 5', 'Triggers: 4', 'Stored Procedures: 3', 'Data Analysis: 2'], 'soft': ['Entrepreneurial Mindset: 3', 'Humility: 3', 'Resource Allocation: 2', 'Feedback Delivery: 2', 'Conflict Resolution: 2', 'Influencing: 4', 'Cognitive Flexibility: 5', 'Positivity: 2', 'Intellectual Curiosity: 4', 'Global Awareness: 3', 'Crisis Management: 2', 'Interpersonal Communication: 2', 'Situational Awareness: 3', 'Authenticity: 4', 'Self-Motivation: 4']}"
Janet,Woods,92385902,Argentina,.Net Developer,jr,"{'hard': ['ASP.NET: 1', 'Entity Framework Core: 1', 'Unit Testing: 1', 'Entity Framework: 1', 'Microservices: 1'], 'soft': ['Feedback Delivery: 1', 'Visionary Thinking: 1', 'Cultural Awareness: 1', 'Emotional Resilience: 1', 'Negotiation: 1']}"
Kristen,Herrera,11620148,Mexico,Android Mobile Developer,sr1,"{'hard': ['Android SDK: 3', 'Coroutines: 3', 'Constraint Layout: 3', 'Data Binding: 2', 'UI/UX Design: 2', 'Android NDK: 1', 'Git: 2', 'Kotlin: 3', 'REST APIs: 1', 'Performance Tuning: 2'], 'soft': ['Cultural Competence: 3', 'Service Orientation: 3', 'Stress Resilience: 1', 'Negotiation: 1', 'Initiative: 1', 'Resourcefulness: 2', 'Creativity: 1', 'Time Optimization: 3', 'Professionalism: 2', 'Analytical Thinking: 3', 'Emotional Intelligence: 3', 'Coaching: 3']}"
Jacob,Leach,95834133,Chile,Java Developer,ssr,"{'hard': ['REST APIs: 1', 'Logging Frameworks: 2', 'JUnit: 1', 'Java EE: 2', 'JDBC: 1'], 'soft': ['Decision Making: 1', 'Responsibility: 1', 'Entrepreneurial Mindset: 1', 'Service Orientation: 1', 'Inclusivity: 1']}"
Jeff,Lee,34761297,Paraguay,iOS Mobile Developer,jr,"{'hard': ['App Store Submission: 1', 'Swift: 1', 'Auto Layout: 1', 'Firebase: 1', 'Design Patterns: 1'], 'soft': ['Inclusivity: 1', 'Flexibility: 1', 'Crisis Communication: 1', 'Motivation: 1', 'Self-Motivation: 1']}"
Ronald,Anderson,87033443,Peru,RPA Developer,sr3,"{'hard': ['Data Manipulation: 4', 'Python: 5', 'Task Automation: 3', 'User Training: 4', 'Business Process Mapping: 2', 'Blue Prism: 4', 'Java: 2', 'Agile: 2', 'Testing Automation: 4', 'Debugging: 3', 'UiPath: 4', 'Change Management: 2', 'Documentation: 2', 'Version Control: 2'], 'soft': ['Networking Skills: 5', 'Civic Responsibility: 2', 'Influencing: 2', 'Time Optimization: 3', 'Performance Management: 2', 'Decision Making: 5', 'Emotional Intelligence: 5', 'Work-Life Balance: 4', 'Trustworthiness: 3', 'Problem Solving: 3', 'Analytical Thinking: 3', 'Public Speaking: 5', 'Persuasion: 4', 'Service Orientation: 4', 'Open-mindedness: 3']}"
Anthony,Frey,18782582,Bolivia,Ruby Developer,sr2,"{'hard': ['Continuous Integration: 2', 'Integration with Third-party APIs: 2', 'Object-Oriented Programming: 1', 'Deployment Techniques: 3', 'Ruby on Rails: 4', 'Error Handling: 2', 'REST APIs: 1', 'API Development: 2', 'Middleware: 4', 'Gem Management: 4'], 'soft': ['Negotiation: 3', 'Adaptability to Change: 1', 'Crisis Management: 2', 'Performance Management: 3', 'Conflict Resolution: 4', 'Global Awareness: 1', 'Leadership: 1', 'Problem Analysis: 3', 'Time Awareness: 2', 'Critical Thinking: 1', 'Self-Regulation: 2', 'Networking Skills: 1']}"
Samuel,Brewer,40464409,Argentina,Sharepoint Developer,sr1,"{'hard': ['Debugging: 2', 'User Interface Design: 3', 'SQL Server: 3', 'SharePoint Designer: 3', 'Version Control: 3', 'HTML: 1', 'ASP.NET: 2', 'Team Sites: 1', 'SharePoint Framework (SPFx): 1', 'C#: 3'], 'soft': ['Mentoring: 2', 'Visionary Leadership: 3', 'Time Optimization: 3', 'Client Management: 3', 'Adaptability: 1', 'Collaboration: 2', 'Creativity: 3', 'Integrity: 2', 'Conflict Resolution: 1', 'Initiative: 1', 'Negotiation Tactics: 2', 'Leadership: 1']}"
Autumn,Durham,70131404,Ecuador,IOT Platform Engineer,ssr,"{'hard': ['Device Management: 1', 'User Authentication: 1', 'Deployment Techniques: 1', 'Firmware Development: 2', 'Interoperability Standards: 1'], 'soft': ['Performance Management: 1', 'Change Facilitation: 2', 'Problem Solving: 2', 'Critical Thinking: 2', 'Social Intelligence: 2']}"
Colleen,Brooks,34806700,Peru,SQL Developer,ssr,"{'hard': ['Security Best Practices: 2', 'Data Quality Management: 2', 'Reporting Tools: 1', 'Data Governance: 1', 'PostgreSQL: 1'], 'soft': ['Leadership: 1', 'Presentation Skills: 1', 'Crisis Communication: 2', 'Team Building: 1', 'Diversity Awareness: 2']}"
Tina,Francis,12809658,Chile,Cybersecurity Engineer,sr3,"{'hard': ['Threat Intelligence: 5', 'Authentication Mechanisms: 3', 'Scripting (Python, PowerShell): 3', 'Network Security: 3', 'Mobile Security: 3', 'Application Hardening: 3', 'Penetration Testing: 5', 'Firewalls: 2', 'Security Information and Event Management (SIEM): 3', 'Security Auditing: 3', 'Risk Assessment: 3', 'Incident Response: 4', 'Endpoint Protection: 5', 'Agile: 4'], 'soft': ['Self-Regulation: 3', 'Scientific Thinking: 2', 'Task Prioritization: 3', 'Flexibility: 2', 'Authenticity: 5', 'Adaptability: 2', 'Personality Awareness: 2', 'Quality Assurance: 3', 'Time Awareness: 5', 'Networking: 5', 'Feedback Acceptance: 4', 'Trustworthiness: 5', 'Ethical Judgment: 5', 'Negotiation: 5', 'Workplace Culture Awareness: 2']}"
Stacey,Wilson,55517882,Mexico,Cybersecurity Engineer,ssr,"{'hard': ['Application Hardening: 1', 'Agile: 1', 'Security Awareness Training: 1', 'Intrusion Detection Systems (IDS): 1', 'Incident Management: 1'], 'soft': ['Emotional Resilience: 1', 'Change Facilitation: 1', 'Innovation: 1', 'Adaptability: 1', 'Social Skills: 2']}"
Phillip,Duran,95646719,Chile,RPA Developer,sr3,"{'hard': ['Data Extraction: 5', 'User Training: 4', 'Python: 5', 'Business Process Mapping: 3', 'Documentation: 2', 'Integration with Third-party Applications: 2', 'Testing Automation: 5', 'Exception Handling: 3', 'Performance Monitoring: 5', 'Security Best Practices: 3', 'Robotic Process Automation Frameworks: 3', 'Data Quality Management: 3', 'Scripting: 2', 'Task Automation: 3'], 'soft': ['Self-Discipline: 2', 'Time Awareness: 3', 'Process Improvement: 3', 'Ethical Judgment: 3', 'Personality Awareness: 2', 'Problem Analysis: 3', 'Critical Thinking: 2', 'Self-Motivation: 4', 'Networking: 5', 'Self-Regulation: 4', 'Resourcefulness: 3', 'Team Building: 5', 'Visionary Thinking: 5', 'Coaching: 4', 'Cultural Competence: 5']}"
Michael,Sanchez,11618687,Peru,Ruby Developer,sr3,"{'hard': ['Ruby: 2', 'Integration with Third-party APIs: 4', 'Performance Optimization: 5', 'Gem Management: 3', 'Data Migration: 4', 'Error Handling: 3', 'User Authentication: 4', 'Caching Techniques: 3', 'CSS: 3', 'API Development: 3', 'MVC Architecture: 5', 'SQL: 5', 'Responsive Design: 4', 'Testing Frameworks (RSpec): 4'], 'soft': ['Humility: 2', 'Feedback Acceptance: 5', 'Networking Skills: 4', 'Resource Allocation: 4', 'Professionalism: 3', 'Global Awareness: 3', 'Ethical Judgment: 5', 'Social Skills: 4', 'Integrity: 5', 'Leadership: 5', 'Delegation: 4', 'Time Optimization: 5', 'Scientific Thinking: 3', 'Critical Observation: 3', 'Writing Skills: 3']}"
Dana,Willis,89672384,Peru,Web UI Developer,sr3,"{'hard': ['Vue.js: 4', 'Animations: 3', 'CSS: 3', 'Testing Frameworks (Jest, Mocha): 3', 'Cross-Browser Compatibility: 5', 'Agile: 4', 'Version Control: 5', 'Web Standards: 3', 'Typography: 5', 'Angular: 2', 'User Interaction Design: 2', 'Progressive Enhancement: 2', 'React: 4', 'REST APIs: 4'], 'soft': ['Self-Confidence: 3', 'Decision Making: 4', 'Change Management: 2', 'Creativity: 2', 'Work Ethic: 3', 'Quality Assurance: 3', 'Mentoring Skills: 5', 'Facilitation Skills: 4', 'Networking: 2', 'Writing Skills: 2', 'Technology Savvy: 2', 'Time Awareness: 3', 'Authenticity: 4', 'Adaptability: 3', 'Entrepreneurial Mindset: 2']}"
Deborah,Snyder,43025153,Uruguay,Java Developer,sr1,"{'hard': ['Java EE: 2', 'Web Services: 1', 'Java: 1', 'Multi-threading: 1', 'Internationalization: 2', 'JPA: 2', 'Algorithms: 3', 'Data Access Layer: 2', 'Git: 2', 'Spring: 2'], 'soft': ['Public Speaking: 1', 'Negotiation: 2', 'Cultural Competence: 2', 'Resourcefulness: 2', 'Risk Management: 2', 'Process Improvement: 1', 'Stress Management: 1', 'Time Management: 3', 'Mentoring: 1', 'Workplace Culture Awareness: 2', 'Creativity: 2', 'Negotiation Tactics: 1']}"
Justin,Williamson,62337391,Paraguay,IOT Platform Engineer,jr,"{'hard': ['Deployment Techniques: 1', 'Telemetry: 1', 'Analytics Integration: 1', 'Remote Device Monitoring: 1', 'Cloud Platforms (AWS IoT, Azure IoT): 1'], 'soft': ['Empathy: 1', 'Negotiation: 1', 'Client Management: 1', 'Flexibility: 1', 'Resource Allocation: 1']}"
Justin,Giles,44316921,Ecuador,Python Developer,sr2,"{'hard': ['Unit Testing: 1', 'Debugging: 2', 'Cloud Services: 4', 'Data Structures: 4', 'Machine Learning: 3', 'Spark: 3', 'Algorithms: 2', 'Git: 2', 'Data Visualization: 4', 'SQL: 1'], 'soft': ['Positivity: 2', 'Situational Awareness: 3', 'Initiative: 2', 'Decision Making: 2', 'Facilitation Skills: 3', 'Flexibility: 3', 'Client Management: 2', 'Time Management: 3', 'Personality Awareness: 4', 'Strategic Thinking: 3', 'Change Facilitation: 4', 'Innovation: 1']}"
Wesley,Kramer,65562845,Chile,Web Mobile Developer,jr,"{'hard': ['Network Communication: 1', 'REST APIs: 1', 'Authentication Mechanisms: 1', 'State Management: 1', 'Continuous Integration/Continuous Deployment (CI/CD): 1'], 'soft': ['Team Building: 1', 'Emotional Resilience: 1', 'Empathy: 1', 'Humility: 1', 'Technology Savvy: 1']}"
Rebecca,Yang,26771231,Bolivia,Cybersecurity Engineer,sr3,"{'hard': ['Firewalls: 4', 'Cloud Security: 5', 'Threat Modeling: 4', 'Endpoint Protection: 2', 'Malware Analysis: 5', 'Security Awareness Training: 4', 'Network Protocols: 2', 'Network Security: 4', 'Data Protection: 3', 'DevSecOps: 5', 'Compliance Standards (ISO, NIST): 3', 'Identity and Access Management (IAM): 5', 'Data Loss Prevention (DLP): 5', 'Intrusion Detection Systems (IDS): 3'], 'soft': ['Crisis Communication: 2', 'Global Awareness: 2', 'Time Management: 3', 'Stress Management: 5', 'Scientific Thinking: 2', 'Relationship Building: 2', 'Humility: 4', 'Interpersonal Skills: 2', 'Positivity: 3', 'Technology Savvy: 2', 'Innovation: 3', 'Leadership: 5', 'Attention to Detail: 2', 'Civic Engagement: 4', 'Teamwork: 3']}"
Kyle,Gonzalez,40896519,Venezuela,NodeJs Developer,sr2,"{'hard': ['TypeScript: 1', 'HTML/CSS: 3', 'Data Structures: 1', 'Node.js: 3', 'Security Best Practices: 2', 'Debugging: 2', 'CI/CD: 3', 'Unit Testing: 4', 'Event-Driven Architecture: 1', 'Docker: 4'], 'soft': ['Performance Management: 3', 'Resilience: 4', 'Flexibility: 1', 'Emotional Intelligence: 2', 'Situational Awareness: 1', 'Trustworthiness: 1', 'Networking: 4', 'Work Ethic: 2', 'Leadership: 4', 'Global Awareness: 4', 'Task Prioritization: 4', 'Teamwork: 2']}"
Elizabeth,Simmons,69920093,Argentina,Salesforce Developer,sr2,"{'hard': ['Integration with Third-party Services: 2', 'Version Control: 1', 'Debugging: 1', 'Sales Cloud: 3', 'Data Migration: 1', 'API Development: 1', 'Workflows: 1', 'Data Modeling: 1', 'Change Sets: 1', 'Security Best Practices: 4'], 'soft': ['Performance Management: 2', 'Decision Making: 3', 'Personality Awareness: 2', 'Goal Setting: 2', 'Resilience: 3', 'Global Awareness: 1', 'Communication: 2', 'Negotiation Tactics: 4', 'Empathy: 2', 'Relationship Building: 2', 'Active Listening: 1', 'Mentoring Skills: 2']}"
Gabriel,Ortega,99181022,Venezuela,Java Developer,jr,"{'hard': ['JUnit: 1', 'JPA: 1', 'Data Structures: 1', 'Design Patterns: 1', 'Java: 1'], 'soft': ['Relationship Building: 1', 'Time Awareness: 1', 'Social Skills: 1', 'Communication: 1', 'Visionary Leadership: 1']}"
Eric,Nolan,68025137,Uruguay,Cloud Engineer,ssr,"{'hard': ['Configuration Management: 2', 'Resource Allocation: 2', 'Database Management: 2', 'Google Cloud Platform: 2', 'Infrastructure as Code (IaC): 2'], 'soft': ['Customer Service: 1', 'Resourcefulness: 1', 'Active Listening: 1', 'Diversity Awareness: 2', 'Time Management: 2']}"
Bryan,Lee,58636543,Chile,Cobol Developer,sr1,"{'hard': ['Batch Processing: 3', 'Legacy Systems: 1', 'Micro Focus: 3', 'IBM z/OS: 3', 'System Analysis: 2', 'VSAM: 1', 'Change Management: 2', 'Debugging: 2', 'Client Interaction: 3', 'Mainframe: 2'], 'soft': ['Mentoring: 1', 'Active Listening: 3', 'Self-Regulation: 1', 'Creativity: 3', 'Adaptability to Change: 3', 'Interpersonal Communication: 1', 'Delegation: 3', 'Trustworthiness: 2', 'Time Awareness: 1', 'Time Management: 1', 'Risk Management: 3', 'Ethical Judgment: 1']}"
Jamie,Doyle,39324273,Venezuela,Salesforce Developer,sr2,"{'hard': ['SOQL: 3', 'Testing Frameworks: 1', 'Process Builder: 3', 'Triggers: 2', 'Service Cloud: 4', 'REST APIs: 3', 'Visualforce: 3', 'API Development: 1', 'Debugging: 1', 'Version Control: 1'], 'soft': ['Negotiation Tactics: 1', 'Relationship Building: 2', 'Performance Management: 2', 'Work-Life Balance: 1', 'Motivation: 4', 'Resource Allocation: 4', 'Stress Management: 4', 'Creativity: 2', 'Strategic Thinking: 1', 'Authenticity: 4', 'Initiative: 1', 'Intuition: 1']}"
Michelle,Gamble,27259384,Chile,Sharepoint Developer,sr1,"{'hard': ['Workflow Automation: 3', 'Agile: 3', 'C#: 1', 'SharePoint Framework (SPFx): 2', 'Git: 2', 'Performance Optimization: 1', 'JavaScript: 1', 'Testing Automation: 2', 'ASP.NET: 1', 'Debugging: 3'], 'soft': ['Motivational Skills: 3', 'Strategic Communication: 2', 'Writing Skills: 3', 'Critical Observation: 1', 'Delegation: 2', 'Learning Agility: 3', 'Initiative: 3', 'Social Skills: 2', 'Self-Motivation: 3', 'Intuition: 3', 'Ethical Judgment: 1', 'Analytical Thinking: 1']}"
Ryan,Wade,61020918,Argentina,.Net Developer,sr2,"{'hard': ['Performance Optimization: 2', 'Design Patterns: 3', 'Web Services: 3', 'ASP.NET: 4', 'Entity Framework: 4', 'LINQ: 4', 'Debugging: 2', 'DevOps: 3', 'Entity Framework Core: 1', 'Security Best Practices: 1'], 'soft': ['Entrepreneurial Mindset: 2', 'Resource Allocation: 1', 'Authenticity: 2', 'Presentation Skills: 4', 'Time Management: 1', 'Strategic Communication: 3', 'Motivational Skills: 2', 'Feedback Acceptance: 1', 'Negotiation: 3', 'Adaptability to Change: 1', 'Writing Skills: 2', 'Global Awareness: 3']}"
Joseph,Tapia,30179765,Venezuela,IOT Platform Engineer,sr3,"{'hard': ['Microservices Architecture: 5', 'Big Data Technologies: 3', 'IoT Protocols (MQTT, CoAP): 3', 'User Authentication: 4', 'Remote Device Monitoring: 4', 'Data Processing: 2', 'Cloud Platforms (AWS IoT, Azure IoT): 2', 'Lifecycle Management: 4', 'API Development: 3', 'Version Control: 2', 'Firmware Development: 2', 'Edge Computing: 5', 'Interoperability Standards: 2', 'User Interface Design: 2'], 'soft': ['Open-mindedness: 3', 'Problem Solving: 5', 'Resilience: 2', 'Cultural Competence: 3', 'Conflict Resolution: 3', 'Interpersonal Skills: 3', 'Negotiation Tactics: 3', 'Self-Motivation: 2', 'Social Intelligence: 4', 'Cultural Awareness: 5', 'Quality Assurance: 2', 'Critical Thinking: 2', 'Crisis Management: 4', 'Communication: 3', 'Work Ethic: 5']}"
April,Bender,46286074,Mexico,Java Developer,jr,"{'hard': ['Java: 1', 'JDBC: 1', 'Dependency Injection: 1', 'Docker: 1', 'Internationalization: 1'], 'soft': ['Time Awareness: 1', 'Problem Analysis: 1', 'Conflict Resolution: 1', 'Risk Management: 1', 'Emotional Resilience: 1']}"
Philip,Martin,75234329,Mexico,Android Mobile Developer,sr3,"{'hard': ['LiveData: 4', 'XML: 5', 'Android SDK: 4', 'Kotlin: 5', 'Material Design: 5', 'Android Jetpack: 2', 'Retrofit: 2', 'REST APIs: 4', 'ProGuard: 5', 'UI/UX Design: 3', 'MVP: 3', 'Dependency Injection: 5', 'Coroutines: 2', 'Motion Layout: 3'], 'soft': ['Trustworthiness: 5', 'Goal Setting: 4', 'Trust Building: 5', 'Civic Responsibility: 3', 'Networking: 4', 'Negotiation Tactics: 2', 'Stress Management: 3', 'Civic Engagement: 2', 'Quality Assurance: 4', 'Initiative: 2', 'Flexibility: 4', 'Performance Management: 4', 'Learning Agility: 5', 'Self-Motivation: 2', 'Critical Observation: 2']}"
Angela,Hill,41653964,Peru,Cybersecurity Engineer,jr,"{'hard': ['Authentication Mechanisms: 1', 'Data Loss Prevention (DLP): 1', 'Intrusion Detection Systems (IDS): 1', 'Security Awareness Training: 1', 'Agile: 1'], 'soft': ['Self-Confidence: 1', 'Interpersonal Communication: 1', 'Change Management: 1', 'Empathy: 1', 'Inclusivity: 1']}"
Wayne,Carter,11965508,Paraguay,Python Developer,sr1,"{'hard': ['Data Mining: 1', 'NumPy: 3', 'REST APIs: 3', 'TensorFlow: 3', 'Matplotlib: 2', 'Debugging: 1', 'Algorithms: 1', 'Selenium: 2', 'Git: 1', 'Docker: 3'], 'soft': ['Change Management: 3', 'Time Optimization: 3', 'Stress Resilience: 2', 'Diversity Awareness: 2', 'Interpersonal Skills: 1', 'Goal Setting: 3', 'Feedback Delivery: 3', 'Flexibility: 3', 'Problem Analysis: 2', 'Analytical Thinking: 1', 'Attention to Detail: 3', 'Empathy: 2']}"
Paula,Cline,62278055,Venezuela,Android Mobile Developer,jr,"{'hard': ['Data Binding: 1', 'Dagger: 1', 'Android Jetpack: 1', 'Retrofit: 1', 'REST APIs: 1'], 'soft': ['Process Improvement: 1', 'Strategic Thinking: 1', 'Coaching: 1', 'Feedback Delivery: 1', 'Creativity: 1']}"
Alyssa,Aguirre,34275176,Bolivia,Game Developer,sr3,"{'hard': ['Game Testing: 2', 'Unity: 3', 'Procedural Generation: 3', 'Physics Engines: 4', 'Unreal Engine: 2', 'AI Programming: 4', 'Sound Design: 5', 'Live Ops: 3', 'Level Design: 5', 'Physics Simulation: 3', 'Visual Scripting: 5', 'Gameplay Programming: 3', 'VR/AR Development: 2', 'Graphics Programming: 2'], 'soft': ['Responsibility: 4', 'Collaboration: 3', 'Networking: 3', 'Ethical Judgment: 5', 'Public Speaking: 5', 'Task Prioritization: 4', 'Feedback Delivery: 5', 'Analytical Thinking: 2', 'Client Management: 2', 'Research Skills: 4', 'Change Facilitation: 4', 'Workplace Culture Awareness: 2', 'Mentoring Skills: 5', 'Feedback Acceptance: 4', 'Resilience: 4']}"
Jose,Horton,77910622,Peru,Cybersecurity Engineer,jr,"{'hard': ['Authentication Mechanisms: 1', 'Cloud Security: 1', 'Security Auditing: 1', 'Vulnerability Assessment: 1', 'Penetration Testing: 1'], 'soft': ['Time Management: 1', 'Data Interpretation: 1', 'Task Prioritization: 1', 'Presentation Skills: 1', 'Diversity Awareness: 1']}"
Christopher,Stewart,78617802,Bolivia,IOT Platform Engineer,sr2,"{'hard': ['Data Processing: 1', 'User Authentication: 1', 'User Interface Design: 4', 'Cloud Computing: 2', 'Remote Device Monitoring: 3', 'Security Best Practices: 2', 'Real-time Data Processing: 2', 'Edge Computing: 1', 'Data Visualization: 4', 'Interoperability Standards: 3'], 'soft': ['Public Relations: 1', 'Visionary Thinking: 4', 'Goal Setting: 2', 'Crisis Communication: 4', 'Performance Management: 2', 'Persuasion: 4', 'Self-Motivation: 4', 'Workplace Culture Awareness: 2', 'Negotiation: 1', 'Learning Agility: 2', 'Service Orientation: 1', 'Ethical Judgment: 3']}"
David,Porter,69221349,Argentina,Ruby Developer,sr3,"{'hard': ['MVC Architecture: 5', 'Integration with Third-party APIs: 4', 'Deployment Techniques: 5', 'SQL: 2', 'Data Structures: 5', 'Debugging: 5', 'REST APIs: 3', 'Middleware: 2', 'Agile: 2', 'User Authentication: 4', 'Gem Management: 4', 'Performance Optimization: 5', 'API Development: 2', 'HTML: 3'], 'soft': ['Integrity: 2', 'Intuition: 3', 'Presentation Skills: 4', 'Strategic Communication: 3', 'Change Management: 2', 'Social Skills: 3', 'Client Management: 2', 'Learning Agility: 4', 'Research Skills: 2', 'Process Improvement: 3', 'Negotiation: 5', 'Persuasion: 5', 'Public Speaking: 2', 'Mentoring Skills: 2', 'Visionary Thinking: 2']}"
Natalie,Hernandez,72060611,Venezuela,Cobol Developer,sr2,"{'hard': ['Unit Testing: 4', 'Documentation: 4', 'Data Migration: 2', 'Reporting: 2', 'Data Mapping: 3', 'CICS: 2', 'Version Control (Git): 2', 'Change Management: 3', 'SoftTech: 2', 'JCL: 1'], 'soft': ['Performance Management: 1', 'Crisis Management: 1', 'Scientific Thinking: 4', 'Goal Setting: 4', 'Problem Analysis: 1', 'Civic Engagement: 3', 'Critical Observation: 1', 'Collaboration: 4', 'Integrity: 2', 'Writing Skills: 2', 'Diversity Awareness: 4', 'Service Orientation: 2']}"
Michael,Blair,92880087,Peru,SQL Developer,jr,"{'hard': ['Data Visualization: 1', 'PostgreSQL: 1', 'ETL: 1', 'Reporting Tools: 1', 'Version Control: 1'], 'soft': ['Presentation Skills: 1', 'Collaboration: 1', 'Interpersonal Communication: 1', 'Analytical Thinking: 1', 'Work Ethic: 1']}"
Pamela,Villegas,69425370,Peru,DevOps Engineer,jr,"{'hard': ['Version Control (Git): 1', 'AWS: 1', 'Change Management: 1', 'Continuous Integration/Continuous Deployment (CI/CD): 1', 'Database Management: 1'], 'soft': ['Authenticity: 1', 'Presentation Skills: 1', 'Cultural Competence: 1', 'Negotiation Tactics: 1', 'Adaptability to Change: 1']}"
Tiffany,Frederick,55986763,Peru,Ruby Developer,sr3,"{'hard': ['MVC Architecture: 2', 'Caching Techniques: 3', 'Active Record: 4', 'Debugging: 4', 'Ruby on Rails: 5', 'API Development: 3', 'Gem Management: 5', 'Web Services: 4', 'Continuous Integration: 5', 'REST APIs: 4', 'Agile: 5', 'Security Best Practices: 4', 'User Authentication: 5', 'Error Handling: 2'], 'soft': ['Resilience: 2', 'Work-Life Balance: 5', 'Social Intelligence: 2', 'Civic Engagement: 5', 'Crisis Communication: 2', 'Delegation: 4', 'Crisis Management: 2', 'Workplace Culture Awareness: 5', 'Motivation: 3', 'Motivational Skills: 4', 'Time Optimization: 3', 'Authenticity: 3', 'Performance Management: 2', 'Humility: 3', 'Active Listening: 3']}"
Patricia,Flores,52451103,Venezuela,Data Engineer,sr2,"{'hard': ['Data Integration Tools: 1', 'Version Control (Git): 3', 'NoSQL Databases: 1', 'Cloud Data Solutions (AWS, Azure, GCP): 1', 'ETL Processes: 1', 'Python: 4', 'Data Governance: 2', 'Big Data Technologies: 4', 'Business Intelligence: 2', 'Data Transformation: 4'], 'soft': ['Collaboration: 2', 'Conflict Management: 4', 'Authenticity: 1', 'Coaching: 4', 'Self-Confidence: 4', 'Learning Agility: 3', 'Negotiation: 2', 'Strategic Thinking: 2', 'Public Relations: 1', 'Technology Savvy: 4', 'Research Skills: 2', 'Relationship Building: 4']}"
Kevin,Avery,26251981,Bolivia,PHP Developer,ssr,"{'hard': ['Composer: 2', 'Command Line Interface (CLI): 2', 'Continuous Integration: 2', 'Database Design: 2', 'JSON: 2'], 'soft': ['Goal Setting: 2', 'Resource Allocation: 2', 'Innovation: 2', 'Adaptability: 2', 'Responsibility: 2']}"
Michele,Clark,29748796,Uruguay,DevOps Engineer,sr2,"{'hard': ['Custom Scripts: 1', 'Performance Tuning: 3', 'Database Management: 4', 'Change Management: 2', 'Site Reliability Engineering (SRE): 2', 'Microservices Architecture: 4', 'Continuous Integration/Continuous Deployment (CI/CD): 3', 'Testing Automation: 4', 'Load Balancing: 2', 'Azure: 1'], 'soft': ['Authenticity: 3', 'Change Management: 2', 'Writing Skills: 2', 'Critical Thinking: 1', 'Client Management: 1', 'Problem Analysis: 3', 'Work Ethic: 4', 'Visionary Thinking: 3', 'Task Prioritization: 1', 'Presentation Skills: 2', 'Public Speaking: 1', 'Workplace Culture Awareness: 3']}"
Misty,Golden,43654925,Colombia,Cloud Engineer,sr3,"{'hard': ['Cloud Migration: 4', 'Networking: 3', 'CI/CD: 4', 'Google Cloud Platform: 2', 'Serverless Computing: 2', 'Kubernetes: 2', 'Infrastructure as Code (IaC): 5', 'Configuration Management: 4', 'Cost Optimization: 4', 'Service Mesh: 4', 'Virtualization: 5', 'Docker: 5', 'Automation Tools: 2', 'Event-Driven Architecture: 4'], 'soft': ['Time Management: 4', 'Self-Motivation: 2', 'Negotiation Tactics: 4', 'Goal Setting: 4', 'Social Skills: 4', 'Resourcefulness: 3', 'Attention to Detail: 5', 'Resilience: 3', 'Workplace Culture Awareness: 2', 'Strategic Communication: 3', 'Negotiation: 4', 'Performance Management: 2', 'Creativity: 5', 'Time Awareness: 2', 'Technology Savvy: 2']}"
Christopher,Taylor,60704868,Argentina,Flutter Developer,ssr,"{'hard': ['User Interface Testing: 2', 'Debugging: 1', 'Continuous Integration: 2', 'Performance Optimization: 1', 'Dependency Management: 1'], 'soft': ['Social Skills: 2', 'Time Optimization: 1', 'Attention to Detail: 2', 'Global Awareness: 1', 'Collaboration: 2']}"
Jose,Taylor,15216408,Peru,C++ Developer,sr3,"{'hard': ['DirectX: 5', 'Data Structures: 3', 'Qt Framework: 4', 'Static and Dynamic Libraries: 5', 'Standard Template Library (STL): 5', 'Boost Library: 3', 'Windows API: 3', 'Cross-Platform Development: 5', 'Templates: 4', 'CMake: 4', 'Memory Management: 2', 'OpenGL: 3', 'C++: 5', 'Automated Testing: 3'], 'soft': ['Conflict Resolution: 4', 'Task Prioritization: 5', 'Change Facilitation: 4', 'Emotional Intelligence: 2', 'Influencing: 2', 'Inclusivity: 4', 'Humility: 4', 'Self-Discipline: 2', 'Responsibility: 4', 'Civic Responsibility: 2', 'Performance Management: 5', 'Self-Confidence: 4', 'Networking: 5', 'Persuasion: 5', 'Risk Management: 3']}"
Michael,Rogers,77760539,Paraguay,C++ Developer,jr,"{'hard': ['DirectX: 1', 'OOP: 1', 'Networking: 1', 'Data Structures: 1', 'Algorithms: 1'], 'soft': ['Research Skills: 1', 'Quality Assurance: 1', 'Social Intelligence: 1', 'Time Awareness: 1', 'Cognitive Flexibility: 1']}"
Stephanie,Mcmillan,26293517,Bolivia,Web UI Developer,sr2,"{'hard': ['React: 1', 'CSS Preprocessors (Sass, LESS): 1', 'UI/UX Design: 4', 'Content Management Systems (CMS): 3', 'Git: 2', 'SEO Best Practices: 3', 'Microinteractions: 1', 'Version Control: 1', 'Responsive Design: 1', 'Testing Frameworks (Jest, Mocha): 1'], 'soft': ['Workplace Culture Awareness: 4', 'Risk Management: 4', 'Feedback Acceptance: 1', 'Critical Observation: 4', 'Authenticity: 4', 'Public Speaking: 1', 'Self-Motivation: 1', 'Trust Building: 3', 'Change Facilitation: 2', 'Self-Confidence: 2', 'Professionalism: 1', 'Resource Allocation: 2']}"
Michael,Brown,64833429,Ecuador,C++ Developer,ssr,"{'hard': ['Unit Testing: 1', 'Static and Dynamic Libraries: 1', 'Concurrency: 1', 'Boost Library: 1', 'OOP: 1'], 'soft': ['Cultural Competence: 2', 'Authenticity: 2', 'Time Management: 2', 'Resourcefulness: 1', 'Conflict Management: 1']}"
Alexander,Pennington,48005347,Ecuador,DevOps Engineer,sr3,"{'hard': ['Performance Tuning: 2', 'Database Management: 4', 'Networking: 5', 'Release Management: 3', 'Disaster Recovery: 3', 'Automation Tools: 4', 'Change Management: 4', 'Server Management: 3', 'Cloud Services: 3', 'Incident Management: 3', 'API Management: 4', 'Load Balancing: 2', 'Version Control (Git): 4', 'Collaboration Tools: 4'], 'soft': ['Self-Motivation: 3', 'Problem Solving: 5', 'Writing Skills: 2', 'Strategic Communication: 2', 'Quality Assurance: 3', 'Leadership: 5', 'Feedback Acceptance: 5', 'Networking: 4', 'Networking Skills: 4', 'Workplace Culture Awareness: 5', 'Intellectual Curiosity: 5', 'Communication: 4', 'Persuasion: 5', 'Trust Building: 2', 'Interpersonal Communication: 5']}"
Tara,Lopez,52666717,Paraguay,PHP Developer,jr,"{'hard': ['Data Structures: 1', 'Agile: 1', 'REST APIs: 1', 'PHP: 1', 'API Development: 1'], 'soft': ['Networking: 1', 'Active Listening: 1', 'Self-Regulation: 1', 'Civic Responsibility: 1', 'Negotiation Tactics: 1']}"
Abigail,Davis,45707089,Argentina,Data Engineer,jr,"{'hard': ['Analytics Integration: 1', 'Data Quality Management: 1', 'API Development: 1', 'Agile: 1', 'Data Security: 1'], 'soft': ['Critical Observation: 1', 'Client Management: 1', 'Conflict Management: 1', 'Trustworthiness: 1', 'Presentation Skills: 1']}"
Caitlin,Clark,72520878,Peru,Cybersecurity Engineer,jr,"{'hard': ['Security Policies: 1', 'Firewalls: 1', 'Network Protocols: 1', 'Scripting (Python, PowerShell): 1', 'Network Security: 1'], 'soft': ['Teamwork: 1', 'Data Interpretation: 1', 'Motivation: 1', 'Customer Service: 1', 'Intellectual Curiosity: 1']}"
Larry,Ford,93937619,Bolivia,NodeJs Developer,sr3,"{'hard': ['REST APIs: 4', 'AWS: 3', 'Debugging: 3', 'WebSockets: 3', 'Postman: 3', 'Express.js: 3', 'Mocha: 4', 'Docker: 4', 'Redis: 3', 'MongoDB: 3', 'SQL: 4', 'Version Control: 4', 'NPM: 3', 'Event-Driven Architecture: 3'], 'soft': ['Client Management: 4', 'Conflict Management: 2', 'Service Orientation: 5', 'Negotiation Tactics: 5', 'Process Improvement: 4', 'Cultural Competence: 5', 'Negotiation: 5', 'Mentoring Skills: 3', 'Facilitation Skills: 5', 'Virtual Collaboration: 5', 'Risk Management: 2', 'Authenticity: 4', 'Networking: 3', 'Mentoring: 5', 'Public Speaking: 5']}"
Christina,Johnson,18586431,Chile,iOS Mobile Developer,sr3,"{'hard': ['Git: 3', 'SiriKit: 2', 'Push Notifications: 2', 'RESTful APIs: 2', 'iCloud: 3', 'iOS SDK: 5', 'Core Location: 4', 'Reactive Programming: 4', 'Cocoa Touch: 2', 'Objective-C: 4', 'User Experience (UX): 2', 'Network Connectivity: 3', 'Auto Layout: 3', 'Accessibility Features: 3'], 'soft': ['Coaching: 3', 'Positivity: 2', 'Visionary Leadership: 5', 'Negotiation: 2', 'Task Prioritization: 5', 'Persuasion: 4', 'Service Orientation: 5', 'Intellectual Curiosity: 5', 'Conflict Resolution: 2', 'Work Ethic: 2', 'Writing Skills: 3', 'Global Awareness: 4', 'Research Skills: 4', 'Conflict Management: 4', 'Adaptability to Change: 3']}"
Peter,Cobb,94845487,Mexico,Web Mobile Developer,ssr,"{'hard': ['Application Security: 2', 'CSS: 1', 'Version Control: 1', 'Flutter: 2', 'Cross-Browser Compatibility: 1'], 'soft': ['Professionalism: 1', 'Team Building: 2', 'Collaboration: 2', 'Influencing: 2', 'Personality Awareness: 1']}"
Jared,Vang,55029177,Chile,RPA Developer,ssr,"{'hard': ['REST APIs: 2', 'Robotic Process Automation Frameworks: 2', 'Automation Anywhere: 2', 'User Training: 1', 'Workflow Design: 1'], 'soft': ['Resourcefulness: 1', 'Attention to Detail: 1', 'Intellectual Curiosity: 1', 'Trust Building: 1', 'Social Intelligence: 2']}"
Jasmine,Walker,24031492,Peru,Java Developer,sr1,"{'hard': ['Continuous Integration: 3', 'Security: 1', 'Maven: 2', 'Thread Management: 3', 'Kubernetes: 3', 'Data Access Layer: 3', 'Design Patterns: 1', 'Java: 2', 'Docker: 2', 'Agile: 2'], 'soft': ['Critical Observation: 2', 'Work-Life Balance: 1', 'Networking Skills: 3', 'Time Management: 1', 'Writing Skills: 2', 'Negotiation Tactics: 1', 'Stress Management: 1', 'Conflict Management: 2', 'Initiative: 2', 'Intuition: 3', 'Motivational Skills: 3', 'Public Relations: 2']}"
Jim,Orr,69870792,Peru,Sharepoint Developer,jr,"{'hard': ['Debugging: 1', 'Security Best Practices: 1', 'PowerShell: 1', 'Performance Optimization: 1', 'Information Architecture: 1'], 'soft': ['Creativity: 1', 'Negotiation: 1', 'Work Ethic: 1', 'Intuition: 1', 'Time Awareness: 1']}"
William,Guerrero,88985157,Bolivia,Python Developer,ssr,"{'hard': ['Docker: 1', 'SQL: 1', 'TensorFlow: 2', 'Selenium: 2', 'REST APIs: 2'], 'soft': ['Ethical Judgment: 1', 'Communication: 1', 'Change Facilitation: 1', 'Critical Thinking: 1', 'Facilitation Skills: 2']}"
Barbara,Boyle,15978065,Paraguay,Data Engineer,sr3,"{'hard': ['Agile: 3', 'Performance Tuning: 5', 'Data Pipeline Development: 2', 'Apache Spark: 5', 'Cloud Data Solutions (AWS, Azure, GCP): 5', 'Data Visualization Tools (Tableau, Power BI): 3', 'Data Modeling: 2', 'Analytics Integration: 3', 'Version Control (Git): 3', 'Data Quality Management: 3', 'NoSQL Databases: 4', 'Scripting (Bash, Python): 5', 'ETL Processes: 2', 'Hadoop: 2'], 'soft': ['Attention to Detail: 3', 'Change Management: 4', 'Humility: 4', 'Self-Discipline: 3', 'Quality Assurance: 2', 'Authenticity: 5', 'Innovation: 5', 'Influencing: 5', 'Cultural Competence: 4', 'Responsibility: 2', 'Self-Regulation: 3', 'Interpersonal Skills: 2', 'Strategic Communication: 5', 'Critical Thinking: 2', 'Empathy: 5']}"
Angela,Foster,31034000,Paraguay,Flutter Developer,sr2,"{'hard': ['Debugging: 1', 'App Deployment: 1', 'Firebase: 4', 'Agile: 1', 'Asynchronous Programming: 2', 'Integration Testing: 2', 'Localization: 4', 'Dart: 3', 'UI/UX Design: 3', 'Versioning: 2'], 'soft': ['Work-Life Balance: 4', 'Negotiation Tactics: 2', 'Writing Skills: 4', 'Virtual Collaboration: 4', 'Work Ethic: 3', 'Self-Regulation: 1', 'Problem Solving: 4', 'Social Intelligence: 2', 'Analytical Thinking: 4', 'Coaching: 4', 'Emotional Intelligence: 1', 'Civic Responsibility: 2']}"
Debra,Johnson,73006406,Uruguay,Cybersecurity Engineer,sr3,"{'hard': ['Incident Management: 3', 'Risk Assessment: 4', 'Compliance Standards (ISO, NIST): 2', 'Network Security: 3', 'Endpoint Protection: 5', 'Firewalls: 3', 'Security Awareness Training: 4', 'Vulnerability Assessment: 5', 'Cloud Security: 2', 'Security Policies: 2', 'Identity and Access Management (IAM): 4', 'Threat Modeling: 4', 'Security Frameworks (CIS, OWASP): 2', 'Data Protection: 4'], 'soft': ['Cultural Awareness: 3', 'Negotiation: 4', 'Responsibility: 3', 'Negotiation Tactics: 4', 'Creativity: 3', 'Influencing: 2', 'Teamwork: 4', 'Attention to Detail: 4', 'Self-Regulation: 2', 'Workplace Culture Awareness: 3', 'Trustworthiness: 5', 'Customer Service: 4', 'Situational Awareness: 5', 'Stress Management: 2', 'Change Management: 4']}"
Vanessa,Mclean,30873001,Bolivia,Sharepoint Developer,ssr,"{'hard': ['ASP.NET: 2', 'PowerShell: 1', 'Office 365: 2', 'Team Sites: 2', 'JavaScript: 2'], 'soft': ['Cognitive Flexibility: 2', 'Social Intelligence: 2', 'Change Facilitation: 2', 'Networking: 2', 'Decision Making: 2']}"
David,Jones,74034816,Paraguay,DevOps Engineer,sr1,"{'hard': ['Custom Scripts: 3', 'Networking: 1', 'Microservices Architecture: 3', 'Security Best Practices: 2', 'Incident Management: 2', 'Application Performance Monitoring (APM): 1', 'Azure: 3', 'Change Management: 3', 'Server Management: 1', 'Performance Tuning: 3'], 'soft': ['Negotiation: 1', 'Presentation Skills: 1', 'Inclusivity: 2', 'Persuasion: 1', 'Civic Engagement: 2', 'Analytical Thinking: 2', 'Social Intelligence: 1', 'Resilience: 1', 'Humility: 1', 'Stress Resilience: 3', 'Flexibility: 3', 'Adaptability: 2']}"
Sally,Hayes,41251561,Chile,Web UI Developer,jr,"{'hard': ['Testing Frameworks (Jest, Mocha): 1', 'Web Standards: 1', 'Web Design Principles: 1', 'Accessibility Standards: 1', 'Vue.js: 1'], 'soft': ['Initiative: 1', 'Time Management: 1', 'Cultural Awareness: 1', 'Research Skills: 1', 'Problem Analysis: 1']}"
Cynthia,Reid,40343704,Argentina,Python Developer,sr1,"{'hard': ['REST APIs: 3', 'Data Visualization: 3', 'Pytorch: 2', 'Natural Language Processing (NLP): 3', 'Debugging: 1', 'Data Mining: 1', 'Docker: 3', 'Python: 2', 'Data Structures: 1', 'Matplotlib: 2'], 'soft': ['Intuition: 2', 'Collaboration: 2', 'Conflict Management: 3', 'Research Skills: 3', 'Time Awareness: 3', 'Resource Allocation: 2', 'Time Management: 2', 'Analytical Thinking: 3', 'Social Skills: 2', 'Empathy: 3', 'Client Management: 1', 'Flexibility: 3']}"
Richard,House,45413817,Mexico,Test Automation Engineer,sr1,"{'hard': ['Appium: 1', 'Cloud Testing: 3', 'Reporting Tools: 1', 'Test Case Design: 1', 'Security Testing: 2', 'Mocking Frameworks: 3', 'Continuous Testing: 1', 'Test Environment Setup: 3', 'User Interface Testing: 3', 'JUnit: 1'], 'soft': ['Trust Building: 1', 'Intellectual Curiosity: 1', 'Networking Skills: 2', 'Active Listening: 2', 'Client Management: 1', 'Motivational Skills: 3', 'Intuition: 3', 'Workplace Culture Awareness: 3', 'Time Management: 3', 'Virtual Collaboration: 2', 'Cultural Awareness: 3', 'Facilitation Skills: 1']}"
Jamie,Taylor,15541453,Bolivia,Test Automation Engineer,sr3,"{'hard': ['Test Case Design: 4', 'Test Management Tools: 5', 'Scripting: 3', 'Continuous Testing: 5', 'Agile: 2', 'Selenium: 2', 'Regression Testing: 5', 'Test Environment Setup: 2', 'JavaScript: 2', 'Mocking Frameworks: 5', 'Cloud Testing: 3', 'Integration Testing: 3', 'Appium: 4', 'API Testing: 3'], 'soft': ['Creativity: 3', 'Analytical Thinking: 3', 'Resource Allocation: 5', 'Goal Setting: 2', 'Strategic Communication: 5', 'Trustworthiness: 2', 'Delegation: 5', 'Collaboration: 3', 'Negotiation: 4', 'Intuition: 5', 'Self-Motivation: 5', 'Initiative: 5', 'Presentation Skills: 5', 'Time Awareness: 4', 'Customer Service: 3']}"
Joshua,Whitney,24978630,Uruguay,Salesforce Developer,jr,"{'hard': ['Integration with Third-party Services: 1', 'Salesforce CRM: 1', 'Sales Cloud: 1', 'Lightning Web Components: 1', 'Lightning Components: 1'], 'soft': ['Strategic Communication: 1', 'Intuition: 1', 'Analytical Thinking: 1', 'Relationship Building: 1', 'Teamwork: 1']}"
Richard,Wright,56154296,Venezuela,Data Engineer,sr1,"{'hard': ['SQL: 2', 'ETL Processes: 3', 'Analytics Integration: 1', 'Apache Kafka: 3', 'Apache Spark: 2', 'Cloud Data Solutions (AWS, Azure, GCP): 2', 'Data Transformation: 1', 'Big Data Technologies: 1', 'Version Control (Git): 3', 'Testing and Validation: 2'], 'soft': ['Communication: 2', 'Visionary Thinking: 1', 'Strategic Thinking: 1', 'Personality Awareness: 2', 'Interpersonal Communication: 2', 'Self-Confidence: 3', 'Entrepreneurial Mindset: 1', 'Flexibility: 2', 'Leadership: 1', 'Visionary Leadership: 2', 'Networking: 1', 'Feedback Acceptance: 3']}"
Matthew,Lewis,46830114,Ecuador,RPA Developer,sr3,"{'hard': ['User Training: 5', 'Version Control: 2', 'Automation Anywhere: 2', 'Process Analysis: 4', 'Security Best Practices: 4', 'Reporting: 4', 'Scripting: 3', 'Continuous Improvement: 5', 'Workflow Design: 5', 'Task Automation: 3', 'Change Management: 4', 'Client Interaction: 2', 'UiPath: 5', 'Excel VBA: 2'], 'soft': ['Performance Management: 5', 'Global Awareness: 5', 'Inclusivity: 2', 'Conflict Resolution: 5', 'Self-Regulation: 3', 'Influencing: 5', 'Civic Responsibility: 5', 'Process Improvement: 4', 'Crisis Communication: 3', 'Public Speaking: 4', 'Trustworthiness: 3', 'Creativity: 4', 'Empathy: 5', 'Mentoring Skills: 5', 'Feedback Delivery: 4']}"
Cristian,Huff,51292154,Paraguay,iOS Mobile Developer,ssr,"{'hard': ['Multithreading: 1', 'iOS SDK: 2', 'Animation: 1', 'RESTful APIs: 1', 'Accessibility Features: 2'], 'soft': ['Self-Confidence: 2', 'Change Facilitation: 2', 'Flexibility: 1', 'Resource Allocation: 1', 'Adaptability: 2']}"
Jennifer,Cross,28901181,Bolivia,Android Mobile Developer,ssr,"{'hard': ['JUnit: 2', 'Android NDK: 1', 'Constraint Layout: 2', 'Git: 2', 'Kotlin Coroutines: 2'], 'soft': ['Time Management: 1', 'Emotional Resilience: 2', 'Positivity: 1', 'Teamwork: 1', 'Emotional Intelligence: 1']}"
Kristy,Bass,71681931,Uruguay,Python Developer,sr2,"{'hard': ['Data Structures: 2', 'Git: 2', 'Data Engineering: 1', 'TensorFlow: 3', 'Security Best Practices: 3', 'Unit Testing: 2', 'Data Analysis: 3', 'Flask: 4', 'APIs: 4', 'REST APIs: 4'], 'soft': ['Stress Management: 4', 'Critical Thinking: 3', 'Resource Allocation: 4', 'Influencing: 1', 'Performance Management: 1', 'Responsibility: 1', 'Crisis Communication: 3', 'Time Management: 3', 'Negotiation: 3', 'Interpersonal Communication: 4', 'Adaptability: 1', 'Positivity: 1']}"
Joseph,Peck,69814034,Mexico,Salesforce Developer,jr,"{'hard': ['User Interface Design: 1', 'Business Process Automation: 1', 'Testing Frameworks: 1', 'Integration with Third-party Services: 1', 'Sales Cloud: 1'], 'soft': ['Integrity: 1', 'Task Prioritization: 1', 'Virtual Collaboration: 1', 'Strategic Communication: 1', 'Technology Savvy: 1']}"
Jody,Page,60852783,Chile,Ruby Developer,sr3,"{'hard': ['Testing Frameworks (RSpec): 2', 'Deployment Techniques: 5', 'Object-Oriented Programming: 3', 'Error Handling: 3', 'JavaScript: 5', 'Version Control: 5', 'Responsive Design: 4', 'CSS: 2', 'Integration with Third-party APIs: 3', 'Data Migration: 5', 'Agile: 4', 'Continuous Integration: 3', 'Debugging: 2', 'User Authentication: 3'], 'soft': ['Crisis Communication: 4', 'Service Orientation: 3', 'Self-Regulation: 5', 'Initiative: 2', 'Problem Solving: 3', 'Goal Setting: 2', 'Resilience: 5', 'Motivational Skills: 5', 'Mentoring: 2', 'Virtual Collaboration: 2', 'Negotiation: 4', 'Conflict Resolution: 2', 'Self-Discipline: 2', 'Civic Engagement: 3', 'Professionalism: 2']}"
Amanda,Ramirez,82080079,Paraguay,Sharepoint Developer,jr,"{'hard': ['Performance Optimization: 1', 'REST APIs: 1', 'Custom Web Parts: 1', 'Business Intelligence: 1', 'SharePoint Online: 1'], 'soft': ['Mentoring Skills: 1', 'Interpersonal Skills: 1', 'Professionalism: 1', 'Presentation Skills: 1', 'Self-Regulation: 1']}"
Robin,Jordan,51298188,Argentina,PHP Developer,sr2,"{'hard': ['XML: 4', 'Web Services: 2', 'Error Handling: 4', 'Laravel: 4', 'Debugging: 2', 'CSS: 3', 'REST APIs: 4', 'Composer: 4', 'Performance Optimization: 4', 'JavaScript: 4'], 'soft': ['Empathy: 4', 'Attention to Detail: 3', 'Adaptability to Change: 2', 'Self-Regulation: 3', 'Risk Management: 4', 'Conflict Management: 2', 'Influencing: 1', 'Negotiation Tactics: 3', 'Virtual Collaboration: 2', 'Stress Resilience: 2', 'Critical Thinking: 2', 'Interpersonal Communication: 3']}"
Susan,Grant,42041325,Uruguay,SQL Developer,sr3,"{'hard': ['Data Warehousing: 5', 'Data Governance: 3', 'Integration with Third-party Tools: 2', 'Debugging: 2', 'Data Analysis: 2', 'Security Best Practices: 5', 'Query Optimization: 4', 'Database Design: 4', 'MySQL: 5', 'Data Modeling: 4', 'Backup and Recovery: 5', 'Indexing: 2', 'SQL Server: 3', 'Data Migration: 3'], 'soft': ['Visionary Thinking: 4', 'Negotiation: 5', 'Humility: 2', 'Critical Observation: 2', 'Global Awareness: 5', 'Inclusivity: 3', 'Intuition: 4', 'Feedback Acceptance: 3', 'Leadership: 2', 'Communication: 5', 'Civic Engagement: 5', 'Decision Making: 2', 'Self-Discipline: 2', 'Self-Regulation: 3', 'Cultural Awareness: 5']}"
James,Middleton,41993721,Bolivia,NodeJs Developer,sr3,"{'hard': ['REST APIs: 5', 'Microservices: 4', 'Debugging: 2', 'Middleware: 5', 'CI/CD: 3', 'JavaScript: 5', 'Version Control: 4', 'SQL: 3', 'GraphQL: 2', 'Performance Optimization: 5', 'API Development: 4', 'Kubernetes: 5', 'Logging Frameworks: 2', 'Node.js: 3'], 'soft': ['Motivation: 4', 'Feedback Delivery: 4', 'Task Prioritization: 5', 'Civic Responsibility: 4', 'Global Awareness: 2', 'Change Facilitation: 5', 'Trust Building: 4', 'Persuasion: 5', 'Social Skills: 2', 'Client Management: 4', 'Situational Awareness: 3', 'Stress Management: 4', 'Teamwork: 4', 'Influencing: 5', 'Authenticity: 3']}"
Paul,Clarke,41615637,Paraguay,RPA Developer,sr3,"{'hard': ['Workflow Design: 5', 'Java: 5', 'Excel VBA: 4', 'UiPath: 5', 'Scripting: 5', 'Business Intelligence Tools: 3', 'Data Extraction: 4', 'Continuous Improvement: 5', 'Business Process Mapping: 3', 'Robotic Process Automation Frameworks: 2', 'Reporting: 3', 'Automation Anywhere: 3', 'Integration with Third-party Applications: 2', 'Change Management: 2'], 'soft': ['Technology Savvy: 2', 'Attention to Detail: 3', 'Time Awareness: 4', 'Humility: 2', 'Scientific Thinking: 5', 'Influencing: 4', 'Resource Allocation: 5', 'Team Building: 4', 'Feedback Delivery: 2', 'Work-Life Balance: 2', 'Self-Discipline: 5', 'Change Facilitation: 4', 'Strategic Thinking: 5', 'Feedback Acceptance: 5', 'Flexibility: 3']}"
Victoria,Wilkerson,28184977,Paraguay,Ruby Developer,ssr,"{'hard': ['Performance Optimization: 2', 'REST APIs: 2', 'Front-end Frameworks: 2', 'Continuous Integration: 2', 'Web Services: 2'], 'soft': ['Strategic Communication: 1', 'Global Awareness: 2', 'Creativity: 1', 'Coaching: 1', 'Stress Resilience: 1']}"
Brittany,Ruiz,24269884,Colombia,Cybersecurity Engineer,sr2,"{'hard': ['Data Protection: 4', 'Application Security: 3', 'Threat Modeling: 2', 'Malware Analysis: 2', 'Vulnerability Assessment: 4', 'Incident Response: 1', 'Scripting (Python, PowerShell): 4', 'Compliance Standards (ISO, NIST): 4', 'Penetration Testing: 1', 'Threat Intelligence: 4'], 'soft': ['Responsibility: 2', 'Mentoring Skills: 3', 'Diversity Awareness: 4', 'Change Management: 2', 'Customer Service: 4', 'Resourcefulness: 1', 'Cultural Awareness: 3', 'Negotiation Tactics: 1', 'Public Relations: 2', 'Client Management: 1', 'Social Intelligence: 4', 'Team Building: 4']}"
Barbara,Jackson,82193895,Colombia,PHP Developer,sr1,"{'hard': ['HTML: 2', 'Unit Testing: 3', 'Git: 2', 'Web Services: 1', 'MVC Architecture: 2', 'PHP: 2', 'JSON: 3', 'User Authentication: 2', 'Object-Oriented Programming: 3', 'Frameworks (CodeIgniter): 2'], 'soft': ['Creativity: 2', 'Resilience: 2', 'Motivation: 3', 'Risk Management: 3', 'Coaching: 1', 'Teamwork: 3', 'Stress Management: 1', 'Strategic Thinking: 1', 'Process Improvement: 1', 'Positivity: 1', 'Scientific Thinking: 3', 'Trustworthiness: 2']}"
Julie,Anderson,76559897,Argentina,Web UI Developer,ssr,"{'hard': ['SEO Best Practices: 2', 'UI/UX Design: 2', 'Agile: 2', 'Design Systems: 1', 'Progressive Enhancement: 1'], 'soft': ['Virtual Collaboration: 2', 'Intuition: 2', 'Stress Resilience: 2', 'Global Awareness: 2', 'Workplace Culture Awareness: 1']}"
Michelle,Moore,99008411,Mexico,Data Engineer,sr3,"{'hard': ['Data Modeling: 2', 'Data Architecture: 2', 'Analytics Integration: 2', 'Big Data Technologies: 3', 'Agile: 3', 'ETL Processes: 2', 'Data Integration Tools: 5', 'SQL: 2', 'Data Visualization Tools (Tableau, Power BI): 3', 'Data Quality Management: 2', 'Data Governance: 5', 'Data Transformation: 3', 'Data Security: 2', 'Metadata Management: 3'], 'soft': ['Creativity: 5', 'Relationship Building: 3', 'Strategic Communication: 3', 'Facilitation Skills: 4', 'Collaboration: 5', 'Networking: 5', 'Attention to Detail: 4', 'Resource Allocation: 5', 'Time Optimization: 5', 'Social Intelligence: 2', 'Flexibility: 2', 'Mentoring: 5', 'Ethical Judgment: 2', 'Presentation Skills: 2', 'Goal Setting: 2']}"
Christian,Mcintyre,65657854,Ecuador,Android Mobile Developer,sr1,"{'hard': ['SQLite: 1', 'Android Architecture Components: 1', 'Test-Driven Development: 3', 'LiveData: 3', 'JUnit: 3', 'Dependency Injection: 3', 'Android Jetpack: 3', 'Data Binding: 1', 'Flutter: 1', 'Java: 3'], 'soft': ['Cultural Competence: 1', 'Decision Making: 1', 'Adaptability: 1', 'Adaptability to Change: 3', 'Analytical Thinking: 2', 'Social Intelligence: 1', 'Self-Confidence: 1', 'Learning Agility: 3', 'Goal Setting: 3', 'Global Awareness: 1', 'Interpersonal Skills: 1', 'Self-Regulation: 1']}"
Emily,Delgado,97719705,Chile,Test Automation Engineer,sr1,"{'hard': ['Debugging: 3', 'User Interface Testing: 3', 'Python: 2', 'JUnit: 1', 'Cloud Testing: 2', 'Performance Testing: 3', 'Selenium: 3', 'Automation Strategy: 2', 'Agile: 3', 'Cross-Browser Testing: 2'], 'soft': ['Motivational Skills: 3', 'Integrity: 1', 'Quality Assurance: 1', 'Work Ethic: 3', 'Inclusivity: 1', 'Teamwork: 3', 'Intellectual Curiosity: 2', 'Communication: 3', 'Motivation: 1', 'Visionary Thinking: 3', 'Leadership: 2', 'Networking: 2']}"
Donald,Perez,79819132,Paraguay,Game Developer,sr2,"{'hard': ['Multiplayer Networking: 3', 'Game Optimization: 3', 'Game Analytics: 2', 'Version Control (Git): 2', 'Unreal Engine: 3', 'Game Testing: 4', 'Networking: 4', 'VR/AR Development: 2', 'Cross-platform Development: 3', 'Shader Programming: 2'], 'soft': ['Critical Thinking: 1', 'Risk Management: 4', 'Global Awareness: 1', 'Virtual Collaboration: 3', 'Self-Confidence: 4', 'Service Orientation: 2', 'Stress Resilience: 2', 'Goal Setting: 4', 'Coaching: 2', 'Cultural Awareness: 2', 'Analytical Thinking: 2', 'Negotiation Tactics: 1']}"
Brenda,Jensen,41823131,Argentina,RPA Developer,sr3,"{'hard': ['Reporting: 4', 'Data Manipulation: 2', 'Workflow Design: 2', 'Testing Automation: 5', 'Scripting: 3', 'Client Interaction: 2', 'Documentation: 3', 'Data Extraction: 5', 'Process Analysis: 2', 'Version Control: 4', 'Agile: 2', 'Excel VBA: 2', 'Integration with Third-party Applications: 5', 'Business Intelligence Tools: 3'], 'soft': ['Empathy: 3', 'Motivational Skills: 5', 'Quality Assurance: 3', 'Public Speaking: 2', 'Authenticity: 5', 'Presentation Skills: 5', 'Open-mindedness: 4', 'Facilitation Skills: 2', 'Performance Management: 2', 'Self-Discipline: 4', 'Conflict Management: 2', 'Client Management: 2', 'Innovation: 5', 'Diversity Awareness: 2', 'Humility: 2']}"
Cheryl,Padilla,17646473,Bolivia,C++ Developer,sr3,"{'hard': ['Standard Template Library (STL): 5', 'Unit Testing: 5', 'Windows API: 3', 'CMake: 3', 'Graphics Programming: 2', 'Qt Framework: 3', 'Cross-Platform Development: 4', 'Version Control (Git): 2', 'Algorithms: 5', 'Profiling: 5', 'C++: 3', 'Code Review: 4', 'Multithreading: 4', 'OOP: 3'], 'soft': ['Negotiation Tactics: 3', 'Delegation: 2', 'Time Management: 3', 'Empathy: 4', 'Analytical Thinking: 3', 'Attention to Detail: 4', 'Research Skills: 5', 'Crisis Management: 4', 'Technology Savvy: 4', 'Cultural Awareness: 2', 'Problem Analysis: 5', 'Conflict Management: 4', 'Critical Thinking: 3', 'Client Management: 2', 'Task Prioritization: 5']}"
Kaitlin,Johnson,62163984,Colombia,Test Automation Engineer,jr,"{'hard': ['Python: 1', 'User Interface Testing: 1', 'Test Case Design: 1', 'Security Testing: 1', 'Test Management Tools: 1'], 'soft': ['Communication: 1', 'Negotiation Tactics: 1', 'Delegation: 1', 'Performance Management: 1', 'Cultural Awareness: 1']}"
Susan,Smith,60186076,Chile,Cybersecurity Engineer,ssr,"{'hard': ['Threat Modeling: 2', 'Encryption Techniques: 2', 'Security Frameworks (CIS, OWASP): 1', 'Forensics: 2', 'Network Security: 2'], 'soft': ['Change Management: 1', 'Time Management: 2', 'Social Skills: 1', 'Scientific Thinking: 1', 'Feedback Acceptance: 2']}"
William,Stewart,98040179,Peru,Salesforce Developer,sr1,"{'hard': ['Data Migration: 1', 'Workflows: 1', 'Visualforce: 1', 'Community Cloud: 2', 'Lightning Web Components: 1', 'Salesforce DX: 3', 'Debugging: 1', 'User Interface Design: 3', 'Salesforce CRM: 2', 'Data Structures: 1'], 'soft': ['Public Speaking: 3', 'Facilitation Skills: 3', 'Civic Responsibility: 2', 'Resilience: 2', 'Social Skills: 2', 'Time Optimization: 3', 'Time Awareness: 1', 'Professionalism: 3', 'Innovation: 2', 'Integrity: 3', 'Stress Resilience: 2', 'Negotiation Tactics: 2']}"
Theresa,Carney,32774810,Peru,Python Developer,ssr,"{'hard': ['Machine Learning: 2', 'Algorithms: 2', 'SQL: 2', 'Data Mining: 1', 'REST APIs: 1'], 'soft': ['Work Ethic: 2', 'Presentation Skills: 2', 'Open-mindedness: 2', 'Delegation: 1', 'Risk Management: 1']}"
Eric,Boyle,28833725,Paraguay,RPA Developer,ssr,"{'hard': ['Robotic Process Automation Frameworks: 2', 'Change Management: 2', 'Documentation: 1', 'Java: 1', 'Workflow Design: 2'], 'soft': ['Networking Skills: 1', 'Motivational Skills: 2', 'Analytical Thinking: 2', 'Mentoring Skills: 1', 'Change Management: 1']}"
Tracy,Jimenez,75348674,Venezuela,.Net Developer,sr2,"{'hard': ['Visual Studio: 3', 'Entity Framework Core: 3', 'Unit Testing: 2', 'DevOps: 1', 'MVC: 1', 'TDD: 1', '.NET Framework: 2', 'Performance Optimization: 4', 'WCF: 1', 'Web API: 3'], 'soft': ['Positivity: 3', 'Motivational Skills: 3', 'Humility: 1', 'Data Interpretation: 4', 'Emotional Resilience: 4', 'Stress Management: 2', 'Self-Regulation: 3', 'Visionary Leadership: 2', 'Client Management: 1', 'Social Skills: 4', 'Mentoring Skills: 3', 'Strategic Communication: 1']}"
Kelsey,Sandoval,15244700,Paraguay,Java Developer,sr1,"{'hard': ['SOAP: 2', 'Maven: 3', 'Microservices: 3', 'JUnit: 3', 'JavaFX: 2', 'Hibernate: 3', 'JSON: 3', 'Data Access Layer: 2', 'API Development: 3', 'Continuous Integration: 1'], 'soft': ['Self-Confidence: 3', 'Situational Awareness: 2', 'Mentoring: 1', 'Integrity: 1', 'Strategic Thinking: 3', 'Conflict Resolution: 1', 'Delegation: 1', 'Networking Skills: 1', 'Time Awareness: 2', 'Influencing: 1', 'Social Skills: 2', 'Empathy: 1']}"
Laura,Garcia,30451258,Paraguay,Web UI Developer,sr3,"{'hard': ['JavaScript: 2', 'UI/UX Design: 2', 'Angular: 5', 'Web Standards: 2', 'HTML: 3', 'Image Optimization: 3', 'State Management: 4', 'Version Control: 4', 'CSS Preprocessors (Sass, LESS): 4', 'Web Design Principles: 5', 'Debugging: 5', 'Accessibility Standards: 2', 'Git: 2', 'Cross-Browser Compatibility: 5'], 'soft': ['Stress Resilience: 4', 'Conflict Management: 5', 'Change Facilitation: 3', 'Goal Setting: 2', 'Time Awareness: 4', 'Public Relations: 2', 'Resourcefulness: 2', 'Negotiation Tactics: 3', 'Cultural Competence: 5', 'Learning Agility: 5', 'Creativity: 2', 'Empathy: 2', 'Integrity: 2', 'Feedback Acceptance: 4', 'Virtual Collaboration: 4']}"
Rebecca,Thornton,70274866,Bolivia,Cloud Engineer,sr3,"{'hard': ['Resource Allocation: 3', 'Data Storage Solutions: 3', 'Azure: 4', 'Event-Driven Architecture: 2', 'Security Best Practices: 2', 'Automation Tools: 5', 'Google Cloud Platform: 5', 'Cloud Security: 5', 'API Management: 4', 'Cost Optimization: 5', 'Docker: 2', 'Service Mesh: 4', 'Configuration Management: 3', 'Scripting (Python, Bash): 5'], 'soft': ['Flexibility: 2', 'Adaptability to Change: 5', 'Attention to Detail: 5', 'Negotiation: 5', 'Persuasion: 4', 'Performance Management: 4', 'Professionalism: 4', 'Learning Agility: 5', 'Work-Life Balance: 4', 'Crisis Communication: 5', 'Networking: 5', 'Conflict Resolution: 3', 'Emotional Resilience: 4', 'Creativity: 5', 'Responsibility: 2']}"
Thomas,Powers,13132371,Ecuador,C++ Developer,sr3,"{'hard': ['Standard Template Library (STL): 3', 'Qt Framework: 3', 'System Programming: 2', 'OOP: 3', 'Graphics Programming: 3', 'OpenGL: 2', 'CMake: 5', 'Concurrency: 4', 'C++: 2', 'Code Review: 4', 'Version Control (Git): 4', 'Profiling: 2', 'Windows API: 3', 'Multithreading: 4'], 'soft': ['Diversity Awareness: 2', 'Professionalism: 4', 'Time Optimization: 5', 'Client Management: 5', 'Entrepreneurial Mindset: 4', 'Initiative: 3', 'Creativity: 5', 'Teamwork: 4', 'Collaboration: 3', 'Positivity: 3', 'Quality Assurance: 2', 'Trustworthiness: 2', 'Civic Engagement: 5', 'Emotional Intelligence: 5', 'Feedback Acceptance: 3']}"
Erin,Mcclure,38241961,Bolivia,C++ Developer,sr2,"{'hard': ['OOP: 4', 'Concurrency: 2', 'Multithreading: 2', 'Embedded Systems: 4', 'Unit Testing: 3', 'CMake: 4', 'Linux Development: 3', 'Cross-Platform Development: 3', 'Design Patterns: 4', 'Networking: 1'], 'soft': ['Visionary Thinking: 1', 'Motivation: 1', 'Open-mindedness: 3', 'Time Optimization: 1', 'Resilience: 2', 'Interpersonal Communication: 2', 'Resource Allocation: 1', 'Workplace Culture Awareness: 4', 'Networking Skills: 3', 'Crisis Management: 4', 'Change Facilitation: 1', 'Strategic Communication: 1']}"
Thomas,Miller,64087016,Peru,Cobol Developer,sr1,"{'hard': ['Data Processing: 3', 'Data Mapping: 3', 'System Integration: 3', 'Mainframe: 2', 'Business Logic: 3', 'File Handling: 1', 'Change Management: 2', 'Data Migration: 2', 'SQL: 1', 'Client Interaction: 2'], 'soft': ['Networking: 2', 'Resource Allocation: 2', 'Time Optimization: 2', 'Facilitation Skills: 3', 'Visionary Leadership: 1', 'Intuition: 1', 'Conflict Management: 2', 'Performance Management: 2', 'Self-Regulation: 3', 'Resourcefulness: 3', 'Civic Responsibility: 2', 'Civic Engagement: 2']}"
Donna,Frank,76992422,Venezuela,RPA Developer,sr1,"{'hard': ['Robotic Process Automation Frameworks: 2', 'Client Interaction: 3', 'Version Control: 3', 'User Training: 1', 'Business Process Mapping: 2', 'Blue Prism: 2', 'Data Manipulation: 1', 'Integration with Third-party Applications: 1', 'Workflow Design: 1', 'Data Quality Management: 1'], 'soft': ['Research Skills: 3', 'Authenticity: 1', 'Mentoring: 1', 'Networking: 1', 'Stress Resilience: 2', 'Civic Responsibility: 3', 'Situational Awareness: 3', 'Work Ethic: 1', 'Crisis Communication: 3', 'Persuasion: 1', 'Active Listening: 2', 'Empathy: 1']}"
Heather,Galvan,97850268,Ecuador,Android Mobile Developer,jr,"{'hard': ['RxJava: 1', 'XML: 1', 'Dependency Injection: 1', 'Firebase: 1', 'Android SDK: 1'], 'soft': ['Public Speaking: 1', 'Problem Analysis: 1', 'Self-Confidence: 1', 'Inclusivity: 1', 'Data Interpretation: 1']}"
Wendy,Hodges,34587704,Peru,Android Mobile Developer,sr1,"{'hard': ['Android Jetpack: 1', 'Agile: 3', 'Android Architecture Components: 1', 'UI/UX Design: 1', 'Kotlin: 3', 'MVVM: 3', 'Flutter: 1', 'RxJava: 1', 'Kotlin Coroutines: 2', 'Firebase: 3'], 'soft': ['Mentoring Skills: 2', 'Self-Confidence: 1', 'Communication: 1', 'Research Skills: 1', 'Mentoring: 3', 'Creativity: 2', 'Task Prioritization: 3', 'Public Speaking: 2', 'Integrity: 2', 'Visionary Leadership: 1', 'Visionary Thinking: 1', 'Humility: 1']}"
Joel,Ruiz,29249740,Peru,Web UI Developer,ssr,"{'hard': ['User Interaction Design: 1', 'Testing Frameworks (Jest, Mocha): 1', 'Color Theory: 1', 'REST APIs: 1', 'Figma/Adobe XD: 2'], 'soft': ['Initiative: 2', 'Conflict Resolution: 1', 'Scientific Thinking: 1', 'Resilience: 1', 'Adaptability to Change: 1']}"
Amanda,Pace,81381874,Bolivia,SQL Developer,sr3,"{'hard': ['Debugging: 5', 'Data Modeling: 2', 'Oracle Database: 2', 'Data Warehousing: 5', 'Data Visualization: 5', 'Business Intelligence Tools: 3', 'Security Best Practices: 4', 'T-SQL: 2', 'NoSQL Databases: 5', 'Query Optimization: 4', 'Database Design: 5', 'ETL: 4', 'Indexing: 2', 'Data Migration: 4'], 'soft': ['Conflict Management: 3', 'Cognitive Flexibility: 4', 'Process Improvement: 2', 'Feedback Acceptance: 3', 'Stress Management: 2', 'Task Prioritization: 2', 'Stress Resilience: 5', 'Crisis Management: 2', 'Customer Service: 4', 'Situational Awareness: 4', 'Coaching: 4', 'Persuasion: 3', 'Integrity: 3', 'Self-Confidence: 3', 'Civic Engagement: 2']}"
Adam,Moore,77697499,Venezuela,Data Engineer,sr2,"{'hard': ['Testing and Validation: 3', 'Scripting (Bash, Python): 4', 'Python: 4', 'Agile: 1', 'Performance Tuning: 1', 'Data Warehousing: 2', 'Data Transformation: 1', 'Data Cataloging: 4', 'API Development: 4', 'Data Architecture: 2'], 'soft': ['Trustworthiness: 4', 'Emotional Intelligence: 3', 'Conflict Resolution: 2', 'Task Prioritization: 1', 'Problem Analysis: 3', 'Networking Skills: 1', 'Public Speaking: 4', 'Time Optimization: 1', 'Authenticity: 2', 'Feedback Delivery: 3', 'Interpersonal Skills: 1', 'Delegation: 1']}"
Devon,Sosa,29257244,Paraguay,Web UI Developer,sr1,"{'hard': ['Accessibility Standards: 1', 'Typography: 2', 'Angular: 2', 'Image Optimization: 2', 'Responsive Design: 1', 'SEO Best Practices: 3', 'Front-End Frameworks: 2', 'User Interaction Design: 2', 'CSS: 2', 'Content Management Systems (CMS): 2'], 'soft': ['Adaptability to Change: 2', 'Diversity Awareness: 3', 'Research Skills: 1', 'Stress Resilience: 1', 'Negotiation: 1', 'Attention to Detail: 1', 'Integrity: 1', 'Data Interpretation: 3', 'Intuition: 1', 'Scientific Thinking: 1', 'Professionalism: 3', 'Intellectual Curiosity: 1']}"
Joshua,Vazquez,19452721,Paraguay,Data Engineer,ssr,"{'hard': ['API Development: 1', 'NoSQL Databases: 1', 'Data Lakes: 1', 'Data Pipeline Development: 1', 'SQL: 1'], 'soft': ['Crisis Communication: 2', 'Self-Regulation: 2', 'Conflict Management: 2', 'Change Management: 2', 'Resource Allocation: 1']}"
Caleb,Shah,23312051,Venezuela,Test Automation Engineer,ssr,"{'hard': ['JavaScript: 2', 'Agile: 2', 'JUnit: 2', 'Security Testing: 1', 'User Interface Testing: 1'], 'soft': ['Motivational Skills: 1', 'Influencing: 1', 'Conflict Resolution: 2', 'Critical Observation: 2', 'Negotiation Tactics: 1']}"
Morgan,Smith,16191631,Argentina,PHP Developer,jr,"{'hard': ['Debugging: 1', 'Error Handling: 1', 'Git: 1', 'Session Management: 1', 'API Development: 1'], 'soft': ['Cognitive Flexibility: 1', 'Open-mindedness: 1', 'Collaboration: 1', 'Networking Skills: 1', 'Empathy: 1']}"
Thomas,Scott,18142368,Paraguay,Python Developer,ssr,"{'hard': ['NumPy: 2', 'Unit Testing: 1', 'Pandas: 1', 'Agile: 2', 'Data Visualization: 2'], 'soft': ['Social Intelligence: 1', 'Cultural Competence: 2', 'Interpersonal Communication: 2', 'Resilience: 1', 'Problem Solving: 1']}"
Doris,Long,36978722,Argentina,SQL Developer,sr3,"{'hard': ['Data Modeling: 2', 'Data Governance: 2', 'Oracle Database: 2', 'Database Administration: 2', 'NoSQL Databases: 5', 'Performance Tuning: 5', 'Reporting Tools: 2', 'Database Design: 5', 'Stored Procedures: 4', 'Security Best Practices: 5', 'SQL Server: 2', 'Data Quality Management: 2', 'Data Structures: 4', 'SQL: 5'], 'soft': ['Persuasion: 4', 'Workplace Culture Awareness: 3', 'Research Skills: 2', 'Visionary Leadership: 2', 'Interpersonal Communication: 5', 'Crisis Communication: 4', 'Humility: 4', 'Feedback Delivery: 2', 'Conflict Management: 3', 'Trust Building: 5', 'Scientific Thinking: 5', 'Inclusivity: 3', 'Social Intelligence: 5', 'Resourcefulness: 4', 'Personality Awareness: 3']}"
Kevin,King,10198632,Colombia,Cybersecurity Engineer,jr,"{'hard': ['Security Auditing: 1', 'Security Frameworks (CIS, OWASP): 1', 'Risk Assessment: 1', 'Mobile Security: 1', 'Incident Response: 1'], 'soft': ['Creativity: 1', 'Trustworthiness: 1', 'Change Management: 1', 'Stress Management: 1', 'Positivity: 1']}"
Christopher,Logan,24485561,Chile,Data Engineer,sr1,"{'hard': ['Agile: 3', 'Data Security: 2', 'Analytics Integration: 1', 'Apache Kafka: 1', 'Apache Spark: 2', 'Data Modeling: 2', 'NoSQL Databases: 1', 'Business Intelligence: 1', 'API Development: 2', 'Scripting (Bash, Python): 3'], 'soft': ['Presentation Skills: 2', 'Public Speaking: 3', 'Interpersonal Skills: 3', 'Networking Skills: 1', 'Visionary Thinking: 1', 'Time Awareness: 2', 'Social Intelligence: 1', 'Authenticity: 3', 'Emotional Intelligence: 1', 'Quality Assurance: 2', 'Adaptability to Change: 1', 'Situational Awareness: 1']}"
Roger,Walters,56333458,Argentina,Cybersecurity Engineer,sr1,"{'hard': ['Scripting (Python, PowerShell): 3', 'Mobile Security: 3', 'Forensics: 2', 'Security Information and Event Management (SIEM): 3', 'Identity and Access Management (IAM): 3', 'Application Security: 2', 'Data Loss Prevention (DLP): 1', 'Vulnerability Assessment: 1', 'Application Hardening: 3', 'Agile: 2'], 'soft': ['Virtual Collaboration: 2', 'Analytical Thinking: 2', 'Scientific Thinking: 3', 'Negotiation Tactics: 3', 'Task Prioritization: 3', 'Public Speaking: 2', 'Time Optimization: 1', 'Inclusivity: 1', 'Social Intelligence: 2', 'Problem Solving: 3', 'Client Management: 2', 'Research Skills: 2']}"
Craig,Montgomery,34749806,Mexico,Cloud Engineer,sr2,"{'hard': ['Application Networking: 3', 'Data Storage Solutions: 4', 'Load Balancing: 2', 'Performance Tuning: 1', 'CI/CD: 3', 'Infrastructure as Code (IaC): 1', 'Backup and Recovery: 2', 'Kubernetes: 3', 'Database Management: 4', 'Version Control (Git): 2'], 'soft': ['Self-Motivation: 4', 'Cognitive Flexibility: 4', 'Resource Allocation: 1', 'Motivational Skills: 3', 'Critical Thinking: 3', 'Research Skills: 1', 'Creativity: 1', 'Facilitation Skills: 1', 'Visionary Thinking: 4', 'Problem Analysis: 3', 'Trustworthiness: 1', 'Workplace Culture Awareness: 3']}"
Timothy,May,63661709,Uruguay,Web UI Developer,jr,"{'hard': ['Cross-Browser Compatibility: 1', 'Debugging: 1', 'Web Standards: 1', 'Microinteractions: 1', 'Web Design Principles: 1'], 'soft': ['Trustworthiness: 1', 'Service Orientation: 1', 'Writing Skills: 1', 'Personality Awareness: 1', 'Process Improvement: 1']}"
Troy,Cross,45656612,Argentina,Cobol Developer,sr1,"{'hard': ['Reporting: 3', 'Data Structures: 1', 'Mainframe: 3', 'CICS: 3', 'IBM z/OS: 1', 'System Integration: 3', 'Legacy Systems: 1', 'SQL: 1', 'User Acceptance Testing (UAT): 2', 'System Analysis: 3'], 'soft': ['Public Speaking: 2', 'Self-Regulation: 2', 'Communication: 3', 'Social Skills: 1', 'Change Management: 2', 'Self-Discipline: 3', 'Diversity Awareness: 1', 'Visionary Thinking: 2', 'Customer Service: 1', 'Analytical Thinking: 2', 'Attention to Detail: 3', 'Work Ethic: 3']}"
Denise,Thompson,44043669,Ecuador,Cobol Developer,sr2,"{'hard': ['System Analysis: 4', 'Batch Processing: 4', 'Debugging: 1', 'Performance Tuning: 3', 'Client Interaction: 1', 'Agile: 4', 'User Acceptance Testing (UAT): 2', 'Mainframe: 2', 'Data Processing: 1', 'IBM z/OS: 2'], 'soft': ['Resourcefulness: 4', 'Crisis Management: 1', 'Authenticity: 1', 'Writing Skills: 3', 'Feedback Acceptance: 1', 'Flexibility: 1', 'Adaptability: 1', 'Social Skills: 1', 'Negotiation: 4', 'Attention to Detail: 1', 'Motivational Skills: 1', 'Crisis Communication: 3']}"
Natalie,Wright,20261334,Venezuela,Data Engineer,sr2,"{'hard': ['Data Cataloging: 4', 'Data Pipeline Development: 4', 'Scripting (Bash, Python): 1', 'Machine Learning Basics: 4', 'Performance Tuning: 2', 'Data Modeling: 2', 'Apache Kafka: 2', 'SQL: 1', 'Data Integration Tools: 4', 'ETL Processes: 2'], 'soft': ['Interpersonal Communication: 2', 'Emotional Intelligence: 4', 'Open-mindedness: 3', 'Cultural Awareness: 2', 'Negotiation: 3', 'Customer Service: 1', 'Time Optimization: 1', 'Strategic Thinking: 1', 'Time Awareness: 2', 'Coaching: 3', 'Authenticity: 4', 'Problem Analysis: 1']}"
Jack,Mccoy,76077271,Uruguay,Cybersecurity Engineer,sr3,"{'hard': ['Identity and Access Management (IAM): 2', 'Security Auditing: 2', 'Incident Management: 3', 'Application Security: 3', 'Security Awareness Training: 2', 'Incident Response: 5', 'Cloud Security: 3', 'Security Policies: 2', 'Network Security: 5', 'Firewalls: 2', 'Data Protection: 5', 'Network Protocols: 4', 'DevSecOps: 3', 'Threat Intelligence: 5'], 'soft': ['Open-mindedness: 3', 'Networking: 5', 'Motivation: 3', 'Mentoring Skills: 5', 'Change Management: 4', 'Professionalism: 5', 'Leadership: 2', 'Trust Building: 4', 'Personality Awareness: 3', 'Interpersonal Skills: 3', 'Active Listening: 4', 'Critical Observation: 2', 'Intuition: 4', 'Time Optimization: 5', 'Social Intelligence: 5']}"
Vanessa,Morton,15517801,Mexico,Test Automation Engineer,sr3,"{'hard': ['Load Testing: 3', 'Continuous Testing: 4', 'CI/CD: 4', 'Debugging: 3', 'User Interface Testing: 5', 'JUnit: 2', 'Appium: 2', 'API Testing: 2', 'Reporting Tools: 3', 'Version Control: 4', 'Python: 5', 'Automation Strategy: 3', 'Java: 5', 'Security Testing: 3'], 'soft': ['Process Improvement: 2', 'Negotiation: 2', 'Conflict Resolution: 2', 'Problem Analysis: 3', 'Quality Assurance: 2', 'Mentoring Skills: 5', 'Collaboration: 5', 'Initiative: 2', 'Civic Engagement: 4', 'Self-Discipline: 3', 'Work Ethic: 4', 'Emotional Intelligence: 4', 'Problem Solving: 4', 'Self-Regulation: 4', 'Service Orientation: 3']}"
Jon,Ramirez,96198601,Bolivia,Cobol Developer,sr2,"{'hard': ['Performance Tuning: 3', 'Reporting: 1', 'SQL: 2', 'File Handling: 3', 'SoftTech: 3', 'VSAM: 4', 'Micro Focus: 1', 'Batch Processing: 3', 'Application Development: 1', 'Mainframe: 1'], 'soft': ['Adaptability to Change: 4', 'Crisis Communication: 4', 'Persuasion: 4', 'Networking: 2', 'Situational Awareness: 3', 'Interpersonal Communication: 1', 'Strategic Communication: 3', 'Flexibility: 4', 'Visionary Thinking: 2', 'Self-Confidence: 3', 'Cultural Competence: 1', 'Service Orientation: 4']}"
Cynthia,Cummings,88365209,Chile,RPA Developer,ssr,"{'hard': ['Data Extraction: 1', 'REST APIs: 2', 'Agile: 1', 'Exception Handling: 1', 'Change Management: 1'], 'soft': ['Mentoring: 1', 'Problem Solving: 1', 'Self-Regulation: 1', 'Self-Motivation: 2', 'Positivity: 1']}"
Brian,Williams,25568023,Colombia,Cybersecurity Engineer,sr3,"{'hard': ['Application Security: 4', 'Incident Management: 3', 'Compliance Standards (ISO, NIST): 4', 'Intrusion Detection Systems (IDS): 5', 'Endpoint Protection: 3', 'Data Loss Prevention (DLP): 5', 'Malware Analysis: 3', 'Threat Intelligence: 2', 'Mobile Security: 4', 'Encryption Techniques: 2', 'Penetration Testing: 2', 'Incident Response: 3', 'Security Policies: 4', 'DevSecOps: 5'], 'soft': ['Feedback Delivery: 2', 'Intuition: 3', 'Critical Observation: 2', 'Quality Assurance: 3', 'Global Awareness: 4', 'Motivational Skills: 5', 'Crisis Management: 2', 'Interpersonal Communication: 5', 'Social Skills: 2', 'Coaching: 2', 'Process Improvement: 2', 'Ethical Judgment: 4', 'Emotional Intelligence: 3', 'Visionary Thinking: 5', 'Collaboration: 2']}"
Mark,Greene,98201689,Argentina,DevOps Engineer,ssr,"{'hard': ['Performance Tuning: 1', 'Custom Scripts: 2', 'Continuous Integration/Continuous Deployment (CI/CD): 1', 'Disaster Recovery: 1', 'Security Best Practices: 2'], 'soft': ['Civic Engagement: 2', 'Diversity Awareness: 2', 'Authenticity: 1', 'Interpersonal Skills: 1', 'Decision Making: 2']}"
Ann,Davenport,98500680,Ecuador,Web UI Developer,ssr,"{'hard': ['Version Control: 2', 'Testing Frameworks (Jest, Mocha): 2', 'Typography: 1', 'Web Standards: 1', 'Web Design Principles: 1'], 'soft': ['Personality Awareness: 2', 'Work-Life Balance: 1', 'Time Optimization: 2', 'Innovation: 1', 'Motivation: 2']}"
Troy,Jennings,14980705,Mexico,Game Developer,sr3,"{'hard': ['Storyboarding: 5', 'Game Optimization: 2', 'Gameplay Programming: 4', 'Multiplayer Networking: 2', 'Game Monetization: 2', 'VR/AR Development: 4', 'Sound Design: 2', 'C#: 4', 'Unreal Engine: 4', 'Performance Optimization: 5', 'Game Testing: 2', 'Live Ops: 5', 'AI Programming: 3', 'Game Prototyping: 3'], 'soft': ['Flexibility: 2', 'Relationship Building: 5', 'Trustworthiness: 5', 'Adaptability to Change: 4', 'Presentation Skills: 2', 'Self-Discipline: 2', 'Ethical Judgment: 3', 'Leadership: 3', 'Civic Engagement: 4', 'Cultural Awareness: 5', 'Cognitive Flexibility: 3', 'Authenticity: 3', 'Responsibility: 4', 'Service Orientation: 2', 'Empathy: 3']}"
Michelle,Thompson,48953392,Uruguay,Ruby Developer,jr,"{'hard': ['Gem Management: 1', 'Integration with Third-party APIs: 1', 'HTML: 1', 'User Authentication: 1', 'Error Handling: 1'], 'soft': ['Negotiation: 1', 'Cognitive Flexibility: 1', 'Risk Management: 1', 'Relationship Building: 1', 'Feedback Delivery: 1']}"
Arthur,Floyd,50140936,Bolivia,Java Developer,sr1,"{'hard': ['Git: 1', 'Hibernate: 2', 'SOAP: 1', 'Security: 3', 'Thread Management: 1', 'Web Services: 2', 'Spring: 3', 'Algorithms: 1', 'Dependency Injection: 3', 'JDBC: 1'], 'soft': ['Public Relations: 3', 'Positivity: 1', 'Creativity: 1', 'Delegation: 1', 'Resilience: 3', 'Teamwork: 1', 'Interpersonal Communication: 3', 'Negotiation: 1', 'Empathy: 2', 'Feedback Delivery: 1', 'Crisis Management: 1', 'Attention to Detail: 3']}"
Stacy,Gilbert,83211251,Chile,Game Developer,sr2,"{'hard': ['Sound Design: 3', 'Animation: 4', 'Storyboarding: 1', 'Game Prototyping: 1', 'Cross-platform Development: 2', 'Physics Simulation: 3', 'VR/AR Development: 1', 'Game Design: 1', 'Game Optimization: 3', 'C#: 3'], 'soft': ['Self-Discipline: 3', 'Visionary Thinking: 2', 'Initiative: 3', 'Virtual Collaboration: 1', 'Task Prioritization: 4', 'Open-mindedness: 4', 'Self-Regulation: 3', 'Technology Savvy: 4', 'Negotiation: 2', 'Time Awareness: 1', 'Networking Skills: 4', 'Adaptability to Change: 3']}"
Paul,Harding,64319339,Venezuela,Android Mobile Developer,sr2,"{'hard': ['Agile: 2', 'MVVM: 1', 'JUnit: 1', 'Firebase: 3', 'Kotlin: 1', 'Dependency Injection: 1', 'UI/UX Design: 3', 'Retrofit: 4', 'Gradle: 3', 'XML: 2'], 'soft': ['Delegation: 3', 'Problem Analysis: 2', 'Personality Awareness: 2', 'Cognitive Flexibility: 1', 'Analytical Thinking: 4', 'Civic Responsibility: 4', 'Resilience: 3', 'Quality Assurance: 2', 'Negotiation: 3', 'Social Skills: 1', 'Teamwork: 2', 'Creativity: 4']}"
Anthony,Kent,53403201,Mexico,Web UI Developer,sr2,"{'hard': ['Microinteractions: 4', 'Debugging: 3', 'Performance Optimization: 2', 'Git: 2', 'Web Standards: 2', 'Color Theory: 1', 'State Management: 1', 'Vue.js: 2', 'CSS: 4', 'Progressive Enhancement: 4'], 'soft': ['Research Skills: 1', 'Cognitive Flexibility: 4', 'Initiative: 2', 'Feedback Acceptance: 1', 'Intuition: 4', 'Cultural Awareness: 1', 'Critical Thinking: 1', 'Change Management: 3', 'Self-Discipline: 2', 'Work-Life Balance: 4', 'Creativity: 3', 'Performance Management: 1']}"
Derek,Dixon,67628574,Argentina,Data Engineer,ssr,"{'hard': ['Data Transformation: 1', 'Python: 2', 'Data Cataloging: 2', 'Big Data Technologies: 2', 'Data Warehousing: 2'], 'soft': ['Service Orientation: 1', 'Writing Skills: 2', 'Time Optimization: 1', 'Interpersonal Skills: 2', 'Negotiation: 1']}"
Laura,Bradley,79886422,Ecuador,Flutter Developer,jr,"{'hard': ['Integration Testing: 1', 'Platform Channels: 1', 'Animations: 1', 'User Interface Testing: 1', 'Cross-Platform Development: 1'], 'soft': ['Performance Management: 1', 'Trust Building: 1', 'Interpersonal Skills: 1', 'Creativity: 1', 'Service Orientation: 1']}"
Sara,Hunter,94508400,Venezuela,Salesforce Developer,sr2,"{'hard': ['Data Migration: 2', 'Service Cloud: 3', 'Business Process Automation: 2', 'Lightning Web Components: 3', 'Community Cloud: 4', 'Agile: 2', 'Debugging: 2', 'Reports and Dashboards: 3', 'SOQL: 2', 'Custom Objects: 1'], 'soft': ['Networking Skills: 3', 'Cultural Awareness: 3', 'Cultural Competence: 4', 'Social Intelligence: 1', 'Personality Awareness: 2', 'Motivational Skills: 3', 'Conflict Resolution: 4', 'Problem Analysis: 3', 'Teamwork: 1', 'Work-Life Balance: 3', 'Trust Building: 1', 'Risk Management: 2']}"
James,Thompson,63102381,Peru,Cobol Developer,jr,"{'hard': ['Client Interaction: 1', 'VSAM: 1', 'IBM z/OS: 1', 'Data Migration: 1', 'Documentation: 1'], 'soft': ['Virtual Collaboration: 1', 'Coaching: 1', 'Diversity Awareness: 1', 'Public Speaking: 1', 'Motivation: 1']}"
Courtney,Nguyen,22617182,Paraguay,SQL Developer,ssr,"{'hard': ['SQL Server: 1', 'Data Quality Management: 1', 'Database Design: 2', 'ETL: 1', 'Data Migration: 1'], 'soft': ['Interpersonal Skills: 2', 'Technology Savvy: 2', 'Empathy: 2', 'Learning Agility: 2', 'Diversity Awareness: 1']}"
Kevin,Baxter,75952136,Uruguay,Data Engineer,sr2,"{'hard': ['Version Control (Git): 3', 'Data Visualization Tools (Tableau, Power BI): 2', 'Data Integration Tools: 3', 'SQL: 2', 'Data Warehousing: 3', 'Cloud Data Solutions (AWS, Azure, GCP): 1', 'Analytics Integration: 3', 'Python: 1', 'Machine Learning Basics: 2', 'Performance Tuning: 4'], 'soft': ['Presentation Skills: 1', 'Integrity: 2', 'Civic Engagement: 1', 'Process Improvement: 2', 'Problem Analysis: 3', 'Writing Skills: 4', 'Inclusivity: 4', 'Task Prioritization: 1', 'Networking: 4', 'Intuition: 2', 'Cultural Competence: 1', 'Team Building: 3']}"
Stephanie,Chapman,25572554,Argentina,Web UI Developer,sr1,"{'hard': ['Agile: 3', 'CSS: 3', 'User Interaction Design: 1', 'UI/UX Design: 2', 'Responsive Design: 1', 'State Management: 3', 'Vue.js: 3', 'Front-End Frameworks: 2', 'Web Design Principles: 2', 'Angular: 3'], 'soft': ['Interpersonal Skills: 1', 'Conflict Management: 2', 'Crisis Communication: 3', 'Problem Solving: 2', 'Adaptability to Change: 1', 'Emotional Intelligence: 3', 'Decision Making: 2', 'Interpersonal Communication: 1', 'Empathy: 3', 'Emotional Resilience: 3', 'Global Awareness: 1', 'Cognitive Flexibility: 3']}"
Amy,Robinson,13963141,Chile,PHP Developer,jr,"{'hard': ['Performance Optimization: 1', 'MySQL: 1', 'Object-Oriented Programming: 1', 'User Authentication: 1', 'Version Control: 1'], 'soft': ['Crisis Communication: 1', 'Persuasion: 1', 'Creativity: 1', 'Open-mindedness: 1', 'Work Ethic: 1']}"
Brandon,Greene,53737753,Bolivia,SQL Developer,jr,"{'hard': ['Agile: 1', 'SQL: 1', 'Data Governance: 1', 'Data Visualization: 1', 'Data Quality Management: 1'], 'soft': ['Change Management: 1', 'Team Building: 1', 'Social Intelligence: 1', 'Critical Thinking: 1', 'Process Improvement: 1']}"
Bethany,Lee,28788081,Chile,Web Mobile Developer,sr1,"{'hard': ['Third-party Libraries: 2', 'GraphQL: 1', 'Flutter: 1', 'Authentication Mechanisms: 3', 'WebSockets: 2', 'HTML: 3', 'REST APIs: 2', 'Progressive Web Apps (PWAs): 1', 'Agile: 1', 'React Native: 2'], 'soft': ['Process Improvement: 3', 'Delegation: 2', 'Coaching: 1', 'Intuition: 3', 'Writing Skills: 2', 'Influencing: 1', 'Scientific Thinking: 2', 'Social Intelligence: 1', 'Customer Service: 2', 'Mentoring Skills: 1', 'Virtual Collaboration: 3', 'Stress Management: 3']}"
Richard,Mcclain,53590694,Colombia,Salesforce Developer,sr1,"{'hard': ['User Interface Design: 1', 'Community Cloud: 1', 'Testing Frameworks: 1', 'SOQL: 2', 'Change Sets: 3', 'Data Migration: 3', 'Business Process Automation: 1', 'Version Control: 1', 'Service Cloud: 1', 'API Development: 2'], 'soft': ['Self-Regulation: 3', 'Emotional Intelligence: 2', 'Decision Making: 3', 'Ethical Judgment: 1', 'Resourcefulness: 3', 'Cultural Awareness: 1', 'Active Listening: 1', 'Time Optimization: 3', 'Self-Motivation: 2', 'Authenticity: 3', 'Service Orientation: 3', 'Research Skills: 2']}"
Lindsey,Jackson,99940763,Peru,NodeJs Developer,ssr,"{'hard': ['API Development: 2', 'Frontend Frameworks (React/Vue): 2', 'Logging Frameworks: 1', 'Unit Testing: 1', 'NPM: 2'], 'soft': ['Client Management: 1', 'Diversity Awareness: 2', 'Creativity: 2', 'Negotiation Tactics: 2', 'Situational Awareness: 2']}"
Russell,Freeman,97786511,Ecuador,Web Mobile Developer,sr1,"{'hard': ['Authentication Mechanisms: 3', 'Testing Frameworks: 2', 'WebSockets: 1', 'Cross-Browser Compatibility: 2', 'Network Communication: 2', 'Mobile First Design: 2', 'State Management: 1', 'Application Security: 3', 'React Native: 1', 'Git: 2'], 'soft': ['Relationship Building: 3', 'Client Management: 3', 'Risk Management: 1', 'Personality Awareness: 3', 'Positivity: 2', 'Creativity: 2', 'Negotiation Tactics: 1', 'Adaptability to Change: 2', 'Empathy: 3', 'Coaching: 3', 'Visionary Thinking: 1', 'Technology Savvy: 3']}"
Rose,Green,88688910,Peru,Game Developer,jr,"{'hard': ['Multiplayer Networking: 1', 'Game Analytics: 1', 'Version Control (Git): 1', 'Physics Simulation: 1', 'Shader Programming: 1'], 'soft': ['Integrity: 1', 'Situational Awareness: 1', 'Change Management: 1', 'Diversity Awareness: 1', 'Emotional Intelligence: 1']}"
Ryan,Ruiz,24704562,Bolivia,RPA Developer,sr1,"{'hard': ['Automation Anywhere: 1', 'REST APIs: 3', 'Scripting: 1', 'Robotic Process Automation Frameworks: 2', 'UiPath: 2', 'Data Manipulation: 2', 'Testing Automation: 1', 'Debugging: 2', 'Data Quality Management: 2', 'Excel VBA: 1'], 'soft': ['Mentoring Skills: 2', 'Trust Building: 2', 'Influencing: 3', 'Strategic Thinking: 2', 'Risk Management: 2', 'Time Optimization: 1', 'Time Awareness: 1', 'Research Skills: 3', 'Social Skills: 3', 'Civic Engagement: 3', 'Civic Responsibility: 1', 'Service Orientation: 2']}"
David,Lutz,91068242,Ecuador,DevOps Engineer,sr3,"{'hard': ['AWS: 4', 'Custom Scripts: 2', 'Configuration Management: 5', 'Server Management: 5', 'Site Reliability Engineering (SRE): 2', 'Release Management: 3', 'Incident Management: 2', 'Change Management: 5', 'Database Management: 3', 'Security Best Practices: 2', 'API Management: 2', 'User Access Control: 4', 'Azure: 4', 'Error Tracking: 4'], 'soft': ['Writing Skills: 2', 'Public Speaking: 4', 'Problem Analysis: 4', 'Interpersonal Communication: 3', 'Mentoring Skills: 3', 'Risk Management: 5', 'Positivity: 2', 'Work-Life Balance: 3', 'Relationship Building: 2', 'Negotiation: 3', 'Interpersonal Skills: 2', 'Conflict Management: 5', 'Initiative: 4', 'Networking Skills: 5', 'Civic Engagement: 2']}"
Jennifer,Hernandez,86151530,Ecuador,Cloud Engineer,jr,"{'hard': ['Database Management: 1', 'Resource Allocation: 1', 'Automation Tools: 1', 'DevOps: 1', 'Scripting (Python, Bash): 1'], 'soft': ['Motivation: 1', 'Active Listening: 1', 'Innovation: 1', 'Self-Regulation: 1', 'Resource Allocation: 1']}"
